Successfully imported Kaggriculture Path B components.
=== Farm-BC ladder run → /Users/sweeden/kagg/experiments/Hinesight Experience Replay for Double Q-Learning DQN SB3 Kaggriculture reinforcement learning/farm_bc_ladder ===
Python: /Users/sweeden/miniforge3/envs/kagg/bin/python
2026-08-30 06:08:12,549 [INFO] kaggriculture_self_play_training: Experiment directory: /Users/sweeden/kagg/experiments/Hinesight Experience Replay for Double Q-Learning DQN SB3 Kaggriculture reinforcement learning/farm_bc_ladder
2026-08-30 06:08:12,553 [DEBUG] kaggriculture_self_play_training: Verbose debug logging enabled
2026-08-30 06:08:12,553 [DEBUG] kaggriculture_self_play_training: Training config: {
  "experiment_dir": "/Users/sweeden/kagg/experiments/Hinesight Experience Replay for Double Q-Learning DQN SB3 Kaggriculture reinforcement learning/farm_bc_ladder",
  "seed": 42,
  "device": "auto",
  "total_episodes": 0,
  "learning_start_episodes": 0,
  "batch_size": 32,
  "checkpoint_interval": 5,
  "use_kaggle_env": true,
  "kinematic_phase_a": 3,
  "kinematic_phase_b": 4,
  "kinematic_phase_c": 6,
  "turns_per_cycle": 24,
  "cycles_per_episode": 30,
  "max_episode_steps": 720,
  "n_eval_episodes": 0,
  "bootstrap_episodes": null,
  "bootstrap_transitions": 50000,
  "data_dir": "/Users/sweeden/kagg/working/kaggle_episodes",
  "download_bootstrap": false,
  "bc_epochs": 25,
  "bc_batch_size": 64,
  "bc_steps_per_epoch": 300,
  "buffer_capacity": 50000,
  "metadata_path": "/Users/sweeden/kagg/working/kaggle_episodes/metadata.json",
  "bootstrap_top_per_day": 40,
  "bootstrap_passes": 1,
  "bc_epochs_per_pass": 2,
  "verbose": true,
  "code_src": "/Users/sweeden/kagg/datasets/scottweeden/self-training-code",
  "bootstrap_mode": "daily_incremental",
  "bootstrap_days_per_run": 1,
  "publish_code_dataset": false,
  "opponents_dir": "/Users/sweeden/kagg/opponents",
  "ladder_eval_episodes": 0,
  "ladder_win_rate_target": 0.5,
  "min_self_play_episodes": 0,
  "timestamp": "2026-08-30T06:08:12.549194",
  "resumed_from": null
}
2026-08-30 06:08:12,572 [INFO] kaggriculture_self_play_training: Self-play pipeline running on device: mps
2026-08-30 06:08:12,631 [DEBUG] kaggriculture_self_play_training: Model init: HierarchicalDQNBranching params=1716765 (1.72M) buffer_capacity=50000
2026-08-30 06:08:13,298 [INFO] kaggriculture_self_play_training: Reward phase gates: {'mode': 'kinematic_invest_liquidate_mix', 'season_days': 30, 'hours_per_day': 24, 'invest_liquidate_start': [0.25, 0.75], 'invest_liquidate_end': [0.75, 0.25], 'mix_bonus_scale': 0.8, 'schedule_affinity': 0.25, 'turns_per_day_ref': 24}
[Self-Play] Saved agent checkpoint to: /Users/sweeden/kagg/experiments/Hinesight Experience Replay for Double Q-Learning DQN SB3 Kaggriculture reinforcement learning/farm_bc_ladder/checkpoints/checkpoint_ep_0.pt
[Self-Play] Opponent pool size: 1
2026-08-30 06:08:13,337 [DEBUG] kaggriculture_self_play_training: Bootstrap phase: mode=daily_incremental episodes=None passes=1 transitions=50000 metadata=/Users/sweeden/kagg/working/kaggle_episodes/metadata.json
2026-08-30 06:08:13,339 [INFO] path_b_bootstrap: Incremental daily bootstrap: adding 1 day(s) ['2026-08-15'] (0/2 dates already done)
2026-08-30 06:08:13,344 [INFO] path_b_bootstrap: Bootstrap day 2026-08-15: 26 episodes (streaming BC, top_per_day=40)
2026-08-30 06:08:13,344 [INFO] path_b_bootstrap: Streaming BC over 26 episode files (epochs=2, batch=64, steps/epoch=300)
2026-08-30 06:08:14,222 [DEBUG] path_b_bootstrap: BC stream epoch 1/2 step 1 | loss=1.77641 | file=93185757.json
2026-08-30 06:08:14,263 [DEBUG] path_b_bootstrap: BC stream epoch 1/2 step 2 | loss=1.19669 | file=93185757.json
2026-08-30 06:08:14,299 [DEBUG] path_b_bootstrap: BC stream epoch 1/2 step 3 | loss=1.21430 | file=93185757.json
2026-08-30 06:08:18,731 [DEBUG] path_b_bootstrap: BC stream epoch 1/2 step 100 | loss=1.50833 | file=93316226.json
2026-08-30 06:08:23,153 [DEBUG] path_b_bootstrap: BC stream epoch 1/2 step 200 | loss=2.00507 | file=93273307.json
2026-08-30 06:08:27,896 [DEBUG] path_b_bootstrap: BC stream epoch 1/2 step 300 | loss=0.93918 | file=93166130.json
2026-08-30 06:08:27,897 [INFO] path_b_bootstrap: BC stream epoch 1/2 | steps=300 | avg loss: 1.49855
2026-08-30 06:08:28,219 [DEBUG] path_b_bootstrap: BC stream epoch 2/2 step 1 | loss=1.06414 | file=93316221.json
2026-08-30 06:08:28,254 [DEBUG] path_b_bootstrap: BC stream epoch 2/2 step 2 | loss=0.51171 | file=93316221.json
2026-08-30 06:08:28,288 [DEBUG] path_b_bootstrap: BC stream epoch 2/2 step 3 | loss=0.54086 | file=93316221.json
2026-08-30 06:08:32,621 [DEBUG] path_b_bootstrap: BC stream epoch 2/2 step 100 | loss=1.02589 | file=93238403.json
2026-08-30 06:08:37,370 [DEBUG] path_b_bootstrap: BC stream epoch 2/2 step 200 | loss=1.76938 | file=93294733.json
2026-08-30 06:08:42,428 [DEBUG] path_b_bootstrap: BC stream epoch 2/2 step 300 | loss=0.82665 | file=93364654.json
2026-08-30 06:08:42,429 [INFO] path_b_bootstrap: BC stream epoch 2/2 | steps=300 | avg loss: 1.13130
2026-08-30 06:08:50,573 [INFO] path_b_bootstrap: Bootstrap state saved: 1 days bootstrapped → /Users/sweeden/kagg/experiments/Hinesight Experience Replay for Double Q-Learning DQN SB3 Kaggriculture reinforcement learning/farm_bc_ladder/metrics/bootstrap_state.json
2026-08-30 06:08:50,574 [INFO] path_b_bootstrap: Marked day bootstrapped: 2026-08-15 (1 days total)
2026-08-30 06:08:50,574 [INFO] path_b_bootstrap: Bootstrap state saved: 1 days bootstrapped → /Users/sweeden/kagg/experiments/Hinesight Experience Replay for Double Q-Learning DQN SB3 Kaggriculture reinforcement learning/farm_bc_ladder/metrics/bootstrap_state.json
2026-08-30 06:08:50,575 [INFO] kaggriculture_self_play_training: Replay buffer size after bootstrap: 25000
2026-08-30 06:08:50,579 [INFO] path_b_bootstrap: Starting BC pretrain: 25 epochs, batch_size=64, buffer=25000, steps/epoch=300
2026-08-30 06:08:50,783 [DEBUG] path_b_bootstrap: BC epoch 1/25 step 1/300 | loss=1.33362 | batch shapes={'tiles': (64, 9, 10, 10), 'numeric': (64, 55), 'action_verb': (64,), 'action_crop': (64,), 'action_hands': (64, 6), 'action_market': (64, 10), 'reward': (64,), 'next_tiles': (64, 9, 10, 10), 'next_numeric': (64, 55), 'done': (64,), 'weights': (64,)}
2026-08-30 06:08:50,842 [DEBUG] path_b_bootstrap: BC epoch 1/25 step 2/300 | loss=1.20057 | batch shapes={'tiles': (64, 9, 10, 10), 'numeric': (64, 55), 'action_verb': (64,), 'action_crop': (64,), 'action_hands': (64, 6), 'action_market': (64, 10), 'reward': (64,), 'next_tiles': (64, 9, 10, 10), 'next_numeric': (64, 55), 'done': (64,), 'weights': (64,)}
2026-08-30 06:08:50,879 [DEBUG] path_b_bootstrap: BC epoch 1/25 step 3/300 | loss=1.37540 | batch shapes={'tiles': (64, 9, 10, 10), 'numeric': (64, 55), 'action_verb': (64,), 'action_crop': (64,), 'action_hands': (64, 6), 'action_market': (64, 10), 'reward': (64,), 'next_tiles': (64, 9, 10, 10), 'next_numeric': (64, 55), 'done': (64,), 'weights': (64,)}
2026-08-30 06:08:52,534 [DEBUG] path_b_bootstrap: BC epoch 1/25 step 51/300 | loss=1.07140 | batch shapes={'tiles': (64, 9, 10, 10), 'numeric': (64, 55), 'action_verb': (64,), 'action_crop': (64,), 'action_hands': (64, 6), 'action_market': (64, 10), 'reward': (64,), 'next_tiles': (64, 9, 10, 10), 'next_numeric': (64, 55), 'done': (64,), 'weights': (64,)}
2026-08-30 06:08:54,107 [DEBUG] path_b_bootstrap: BC epoch 1/25 step 101/300 | loss=0.99611 | batch shapes={'tiles': (64, 9, 10, 10), 'numeric': (64, 55), 'action_verb': (64,), 'action_crop': (64,), 'action_hands': (64, 6), 'action_market': (64, 10), 'reward': (64,), 'next_tiles': (64, 9, 10, 10), 'next_numeric': (64, 55), 'done': (64,), 'weights': (64,)}
2026-08-30 06:08:55,716 [DEBUG] path_b_bootstrap: BC epoch 1/25 step 151/300 | loss=0.95078 | batch shapes={'tiles': (64, 9, 10, 10), 'numeric': (64, 55), 'action_verb': (64,), 'action_crop': (64,), 'action_hands': (64, 6), 'action_market': (64, 10), 'reward': (64,), 'next_tiles': (64, 9, 10, 10), 'next_numeric': (64, 55), 'done': (64,), 'weights': (64,)}
2026-08-30 06:08:57,297 [DEBUG] path_b_bootstrap: BC epoch 1/25 step 201/300 | loss=0.98936 | batch shapes={'tiles': (64, 9, 10, 10), 'numeric': (64, 55), 'action_verb': (64,), 'action_crop': (64,), 'action_hands': (64, 6), 'action_market': (64, 10), 'reward': (64,), 'next_tiles': (64, 9, 10, 10), 'next_numeric': (64, 55), 'done': (64,), 'weights': (64,)}
2026-08-30 06:08:58,896 [DEBUG] path_b_bootstrap: BC epoch 1/25 step 251/300 | loss=0.86407 | batch shapes={'tiles': (64, 9, 10, 10), 'numeric': (64, 55), 'action_verb': (64,), 'action_crop': (64,), 'action_hands': (64, 6), 'action_market': (64, 10), 'reward': (64,), 'next_tiles': (64, 9, 10, 10), 'next_numeric': (64, 55), 'done': (64,), 'weights': (64,)}
2026-08-30 06:09:00,420 [DEBUG] path_b_bootstrap: BC epoch 1/25 step 300/300 | loss=0.92601 | batch shapes={'tiles': (64, 9, 10, 10), 'numeric': (64, 55), 'action_verb': (64,), 'action_crop': (64,), 'action_hands': (64, 6), 'action_market': (64, 10), 'reward': (64,), 'next_tiles': (64, 9, 10, 10), 'next_numeric': (64, 55), 'done': (64,), 'weights': (64,)}
2026-08-30 06:09:00,420 [INFO] path_b_bootstrap: BC epoch 1/25 | avg loss: 1.00557
2026-08-30 06:09:00,452 [DEBUG] path_b_bootstrap: BC epoch 2/25 step 1/300 | loss=0.90627 | batch shapes={'tiles': (64, 9, 10, 10), 'numeric': (64, 55), 'action_verb': (64,), 'action_crop': (64,), 'action_hands': (64, 6), 'action_market': (64, 10), 'reward': (64,), 'next_tiles': (64, 9, 10, 10), 'next_numeric': (64, 55), 'done': (64,), 'weights': (64,)}
2026-08-30 06:09:00,485 [DEBUG] path_b_bootstrap: BC epoch 2/25 step 2/300 | loss=0.92615 | batch shapes={'tiles': (64, 9, 10, 10), 'numeric': (64, 55), 'action_verb': (64,), 'action_crop': (64,), 'action_hands': (64, 6), 'action_market': (64, 10), 'reward': (64,), 'next_tiles': (64, 9, 10, 10), 'next_numeric': (64, 55), 'done': (64,), 'weights': (64,)}
2026-08-30 06:09:00,521 [DEBUG] path_b_bootstrap: BC epoch 2/25 step 3/300 | loss=0.88515 | batch shapes={'tiles': (64, 9, 10, 10), 'numeric': (64, 55), 'action_verb': (64,), 'action_crop': (64,), 'action_hands': (64, 6), 'action_market': (64, 10), 'reward': (64,), 'next_tiles': (64, 9, 10, 10), 'next_numeric': (64, 55), 'done': (64,), 'weights': (64,)}
2026-08-30 06:09:02,115 [DEBUG] path_b_bootstrap: BC epoch 2/25 step 51/300 | loss=0.87243 | batch shapes={'tiles': (64, 9, 10, 10), 'numeric': (64, 55), 'action_verb': (64,), 'action_crop': (64,), 'action_hands': (64, 6), 'action_market': (64, 10), 'reward': (64,), 'next_tiles': (64, 9, 10, 10), 'next_numeric': (64, 55), 'done': (64,), 'weights': (64,)}
2026-08-30 06:09:03,750 [DEBUG] path_b_bootstrap: BC epoch 2/25 step 101/300 | loss=0.90311 | batch shapes={'tiles': (64, 9, 10, 10), 'numeric': (64, 55), 'action_verb': (64,), 'action_crop': (64,), 'action_hands': (64, 6), 'action_market': (64, 10), 'reward': (64,), 'next_tiles': (64, 9, 10, 10), 'next_numeric': (64, 55), 'done': (64,), 'weights': (64,)}
2026-08-30 06:09:05,245 [DEBUG] path_b_bootstrap: BC epoch 2/25 step 151/300 | loss=0.88831 | batch shapes={'tiles': (64, 9, 10, 10), 'numeric': (64, 55), 'action_verb': (64,), 'action_crop': (64,), 'action_hands': (64, 6), 'action_market': (64, 10), 'reward': (64,), 'next_tiles': (64, 9, 10, 10), 'next_numeric': (64, 55), 'done': (64,), 'weights': (64,)}
2026-08-30 06:09:06,900 [DEBUG] path_b_bootstrap: BC epoch 2/25 step 201/300 | loss=0.82805 | batch shapes={'tiles': (64, 9, 10, 10), 'numeric': (64, 55), 'action_verb': (64,), 'action_crop': (64,), 'action_hands': (64, 6), 'action_market': (64, 10), 'reward': (64,), 'next_tiles': (64, 9, 10, 10), 'next_numeric': (64, 55), 'done': (64,), 'weights': (64,)}
2026-08-30 06:09:08,514 [DEBUG] path_b_bootstrap: BC epoch 2/25 step 251/300 | loss=0.86244 | batch shapes={'tiles': (64, 9, 10, 10), 'numeric': (64, 55), 'action_verb': (64,), 'action_crop': (64,), 'action_hands': (64, 6), 'action_market': (64, 10), 'reward': (64,), 'next_tiles': (64, 9, 10, 10), 'next_numeric': (64, 55), 'done': (64,), 'weights': (64,)}
2026-08-30 06:09:10,050 [DEBUG] path_b_bootstrap: BC epoch 2/25 step 300/300 | loss=0.85290 | batch shapes={'tiles': (64, 9, 10, 10), 'numeric': (64, 55), 'action_verb': (64,), 'action_crop': (64,), 'action_hands': (64, 6), 'action_market': (64, 10), 'reward': (64,), 'next_tiles': (64, 9, 10, 10), 'next_numeric': (64, 55), 'done': (64,), 'weights': (64,)}
2026-08-30 06:09:10,050 [INFO] path_b_bootstrap: BC epoch 2/25 | avg loss: 0.86456
2026-08-30 06:09:10,080 [DEBUG] path_b_bootstrap: BC epoch 3/25 step 1/300 | loss=0.80926 | batch shapes={'tiles': (64, 9, 10, 10), 'numeric': (64, 55), 'action_verb': (64,), 'action_crop': (64,), 'action_hands': (64, 6), 'action_market': (64, 10), 'reward': (64,), 'next_tiles': (64, 9, 10, 10), 'next_numeric': (64, 55), 'done': (64,), 'weights': (64,)}
2026-08-30 06:09:10,109 [DEBUG] path_b_bootstrap: BC epoch 3/25 step 2/300 | loss=0.88563 | batch shapes={'tiles': (64, 9, 10, 10), 'numeric': (64, 55), 'action_verb': (64,), 'action_crop': (64,), 'action_hands': (64, 6), 'action_market': (64, 10), 'reward': (64,), 'next_tiles': (64, 9, 10, 10), 'next_numeric': (64, 55), 'done': (64,), 'weights': (64,)}
2026-08-30 06:09:10,138 [DEBUG] path_b_bootstrap: BC epoch 3/25 step 3/300 | loss=0.84225 | batch shapes={'tiles': (64, 9, 10, 10), 'numeric': (64, 55), 'action_verb': (64,), 'action_crop': (64,), 'action_hands': (64, 6), 'action_market': (64, 10), 'reward': (64,), 'next_tiles': (64, 9, 10, 10), 'next_numeric': (64, 55), 'done': (64,), 'weights': (64,)}
2026-08-30 06:09:11,644 [DEBUG] path_b_bootstrap: BC epoch 3/25 step 51/300 | loss=0.80998 | batch shapes={'tiles': (64, 9, 10, 10), 'numeric': (64, 55), 'action_verb': (64,), 'action_crop': (64,), 'action_hands': (64, 6), 'action_market': (64, 10), 'reward': (64,), 'next_tiles': (64, 9, 10, 10), 'next_numeric': (64, 55), 'done': (64,), 'weights': (64,)}
2026-08-30 06:09:13,253 [DEBUG] path_b_bootstrap: BC epoch 3/25 step 101/300 | loss=0.79642 | batch shapes={'tiles': (64, 9, 10, 10), 'numeric': (64, 55), 'action_verb': (64,), 'action_crop': (64,), 'action_hands': (64, 6), 'action_market': (64, 10), 'reward': (64,), 'next_tiles': (64, 9, 10, 10), 'next_numeric': (64, 55), 'done': (64,), 'weights': (64,)}
2026-08-30 06:09:14,954 [DEBUG] path_b_bootstrap: BC epoch 3/25 step 151/300 | loss=0.68069 | batch shapes={'tiles': (64, 9, 10, 10), 'numeric': (64, 55), 'action_verb': (64,), 'action_crop': (64,), 'action_hands': (64, 6), 'action_market': (64, 10), 'reward': (64,), 'next_tiles': (64, 9, 10, 10), 'next_numeric': (64, 55), 'done': (64,), 'weights': (64,)}
2026-08-30 06:09:16,631 [DEBUG] path_b_bootstrap: BC epoch 3/25 step 201/300 | loss=0.81390 | batch shapes={'tiles': (64, 9, 10, 10), 'numeric': (64, 55), 'action_verb': (64,), 'action_crop': (64,), 'action_hands': (64, 6), 'action_market': (64, 10), 'reward': (64,), 'next_tiles': (64, 9, 10, 10), 'next_numeric': (64, 55), 'done': (64,), 'weights': (64,)}
2026-08-30 06:09:18,252 [DEBUG] path_b_bootstrap: BC epoch 3/25 step 251/300 | loss=0.80185 | batch shapes={'tiles': (64, 9, 10, 10), 'numeric': (64, 55), 'action_verb': (64,), 'action_crop': (64,), 'action_hands': (64, 6), 'action_market': (64, 10), 'reward': (64,), 'next_tiles': (64, 9, 10, 10), 'next_numeric': (64, 55), 'done': (64,), 'weights': (64,)}
2026-08-30 06:09:19,821 [DEBUG] path_b_bootstrap: BC epoch 3/25 step 300/300 | loss=0.66225 | batch shapes={'tiles': (64, 9, 10, 10), 'numeric': (64, 55), 'action_verb': (64,), 'action_crop': (64,), 'action_hands': (64, 6), 'action_market': (64, 10), 'reward': (64,), 'next_tiles': (64, 9, 10, 10), 'next_numeric': (64, 55), 'done': (64,), 'weights': (64,)}
2026-08-30 06:09:19,822 [INFO] path_b_bootstrap: BC epoch 3/25 | avg loss: 0.76928
2026-08-30 06:09:19,852 [DEBUG] path_b_bootstrap: BC epoch 4/25 step 1/300 | loss=0.77410 | batch shapes={'tiles': (64, 9, 10, 10), 'numeric': (64, 55), 'action_verb': (64,), 'action_crop': (64,), 'action_hands': (64, 6), 'action_market': (64, 10), 'reward': (64,), 'next_tiles': (64, 9, 10, 10), 'next_numeric': (64, 55), 'done': (64,), 'weights': (64,)}
2026-08-30 06:09:19,883 [DEBUG] path_b_bootstrap: BC epoch 4/25 step 2/300 | loss=0.70191 | batch shapes={'tiles': (64, 9, 10, 10), 'numeric': (64, 55), 'action_verb': (64,), 'action_crop': (64,), 'action_hands': (64, 6), 'action_market': (64, 10), 'reward': (64,), 'next_tiles': (64, 9, 10, 10), 'next_numeric': (64, 55), 'done': (64,), 'weights': (64,)}
2026-08-30 06:09:19,913 [DEBUG] path_b_bootstrap: BC epoch 4/25 step 3/300 | loss=0.76496 | batch shapes={'tiles': (64, 9, 10, 10), 'numeric': (64, 55), 'action_verb': (64,), 'action_crop': (64,), 'action_hands': (64, 6), 'action_market': (64, 10), 'reward': (64,), 'next_tiles': (64, 9, 10, 10), 'next_numeric': (64, 55), 'done': (64,), 'weights': (64,)}
2026-08-30 06:09:21,418 [DEBUG] path_b_bootstrap: BC epoch 4/25 step 51/300 | loss=0.89388 | batch shapes={'tiles': (64, 9, 10, 10), 'numeric': (64, 55), 'action_verb': (64,), 'action_crop': (64,), 'action_hands': (64, 6), 'action_market': (64, 10), 'reward': (64,), 'next_tiles': (64, 9, 10, 10), 'next_numeric': (64, 55), 'done': (64,), 'weights': (64,)}
2026-08-30 06:09:23,115 [DEBUG] path_b_bootstrap: BC epoch 4/25 step 101/300 | loss=0.77975 | batch shapes={'tiles': (64, 9, 10, 10), 'numeric': (64, 55), 'action_verb': (64,), 'action_crop': (64,), 'action_hands': (64, 6), 'action_market': (64, 10), 'reward': (64,), 'next_tiles': (64, 9, 10, 10), 'next_numeric': (64, 55), 'done': (64,), 'weights': (64,)}
2026-08-30 06:09:24,751 [DEBUG] path_b_bootstrap: BC epoch 4/25 step 151/300 | loss=0.65211 | batch shapes={'tiles': (64, 9, 10, 10), 'numeric': (64, 55), 'action_verb': (64,), 'action_crop': (64,), 'action_hands': (64, 6), 'action_market': (64, 10), 'reward': (64,), 'next_tiles': (64, 9, 10, 10), 'next_numeric': (64, 55), 'done': (64,), 'weights': (64,)}
2026-08-30 06:09:26,321 [DEBUG] path_b_bootstrap: BC epoch 4/25 step 201/300 | loss=0.57093 | batch shapes={'tiles': (64, 9, 10, 10), 'numeric': (64, 55), 'action_verb': (64,), 'action_crop': (64,), 'action_hands': (64, 6), 'action_market': (64, 10), 'reward': (64,), 'next_tiles': (64, 9, 10, 10), 'next_numeric': (64, 55), 'done': (64,), 'weights': (64,)}
2026-08-30 06:09:27,856 [DEBUG] path_b_bootstrap: BC epoch 4/25 step 251/300 | loss=0.76165 | batch shapes={'tiles': (64, 9, 10, 10), 'numeric': (64, 55), 'action_verb': (64,), 'action_crop': (64,), 'action_hands': (64, 6), 'action_market': (64, 10), 'reward': (64,), 'next_tiles': (64, 9, 10, 10), 'next_numeric': (64, 55), 'done': (64,), 'weights': (64,)}
2026-08-30 06:09:29,372 [DEBUG] path_b_bootstrap: BC epoch 4/25 step 300/300 | loss=0.65426 | batch shapes={'tiles': (64, 9, 10, 10), 'numeric': (64, 55), 'action_verb': (64,), 'action_crop': (64,), 'action_hands': (64, 6), 'action_market': (64, 10), 'reward': (64,), 'next_tiles': (64, 9, 10, 10), 'next_numeric': (64, 55), 'done': (64,), 'weights': (64,)}
2026-08-30 06:09:29,372 [INFO] path_b_bootstrap: BC epoch 4/25 | avg loss: 0.70853
2026-08-30 06:09:29,401 [DEBUG] path_b_bootstrap: BC epoch 5/25 step 1/300 | loss=0.73060 | batch shapes={'tiles': (64, 9, 10, 10), 'numeric': (64, 55), 'action_verb': (64,), 'action_crop': (64,), 'action_hands': (64, 6), 'action_market': (64, 10), 'reward': (64,), 'next_tiles': (64, 9, 10, 10), 'next_numeric': (64, 55), 'done': (64,), 'weights': (64,)}
2026-08-30 06:09:29,436 [DEBUG] path_b_bootstrap: BC epoch 5/25 step 2/300 | loss=0.78626 | batch shapes={'tiles': (64, 9, 10, 10), 'numeric': (64, 55), 'action_verb': (64,), 'action_crop': (64,), 'action_hands': (64, 6), 'action_market': (64, 10), 'reward': (64,), 'next_tiles': (64, 9, 10, 10), 'next_numeric': (64, 55), 'done': (64,), 'weights': (64,)}
2026-08-30 06:09:29,468 [DEBUG] path_b_bootstrap: BC epoch 5/25 step 3/300 | loss=0.78041 | batch shapes={'tiles': (64, 9, 10, 10), 'numeric': (64, 55), 'action_verb': (64,), 'action_crop': (64,), 'action_hands': (64, 6), 'action_market': (64, 10), 'reward': (64,), 'next_tiles': (64, 9, 10, 10), 'next_numeric': (64, 55), 'done': (64,), 'weights': (64,)}
2026-08-30 06:09:30,968 [DEBUG] path_b_bootstrap: BC epoch 5/25 step 51/300 | loss=0.64020 | batch shapes={'tiles': (64, 9, 10, 10), 'numeric': (64, 55), 'action_verb': (64,), 'action_crop': (64,), 'action_hands': (64, 6), 'action_market': (64, 10), 'reward': (64,), 'next_tiles': (64, 9, 10, 10), 'next_numeric': (64, 55), 'done': (64,), 'weights': (64,)}
2026-08-30 06:09:32,560 [DEBUG] path_b_bootstrap: BC epoch 5/25 step 101/300 | loss=0.71253 | batch shapes={'tiles': (64, 9, 10, 10), 'numeric': (64, 55), 'action_verb': (64,), 'action_crop': (64,), 'action_hands': (64, 6), 'action_market': (64, 10), 'reward': (64,), 'next_tiles': (64, 9, 10, 10), 'next_numeric': (64, 55), 'done': (64,), 'weights': (64,)}
2026-08-30 06:09:34,141 [DEBUG] path_b_bootstrap: BC epoch 5/25 step 151/300 | loss=0.64136 | batch shapes={'tiles': (64, 9, 10, 10), 'numeric': (64, 55), 'action_verb': (64,), 'action_crop': (64,), 'action_hands': (64, 6), 'action_market': (64, 10), 'reward': (64,), 'next_tiles': (64, 9, 10, 10), 'next_numeric': (64, 55), 'done': (64,), 'weights': (64,)}
2026-08-30 06:09:35,771 [DEBUG] path_b_bootstrap: BC epoch 5/25 step 201/300 | loss=0.79880 | batch shapes={'tiles': (64, 9, 10, 10), 'numeric': (64, 55), 'action_verb': (64,), 'action_crop': (64,), 'action_hands': (64, 6), 'action_market': (64, 10), 'reward': (64,), 'next_tiles': (64, 9, 10, 10), 'next_numeric': (64, 55), 'done': (64,), 'weights': (64,)}
2026-08-30 06:09:37,442 [DEBUG] path_b_bootstrap: BC epoch 5/25 step 251/300 | loss=0.63118 | batch shapes={'tiles': (64, 9, 10, 10), 'numeric': (64, 55), 'action_verb': (64,), 'action_crop': (64,), 'action_hands': (64, 6), 'action_market': (64, 10), 'reward': (64,), 'next_tiles': (64, 9, 10, 10), 'next_numeric': (64, 55), 'done': (64,), 'weights': (64,)}
2026-08-30 06:09:39,053 [DEBUG] path_b_bootstrap: BC epoch 5/25 step 300/300 | loss=0.58485 | batch shapes={'tiles': (64, 9, 10, 10), 'numeric': (64, 55), 'action_verb': (64,), 'action_crop': (64,), 'action_hands': (64, 6), 'action_market': (64, 10), 'reward': (64,), 'next_tiles': (64, 9, 10, 10), 'next_numeric': (64, 55), 'done': (64,), 'weights': (64,)}
2026-08-30 06:09:39,054 [INFO] path_b_bootstrap: BC epoch 5/25 | avg loss: 0.64180
2026-08-30 06:09:39,084 [DEBUG] path_b_bootstrap: BC epoch 6/25 step 1/300 | loss=0.55218 | batch shapes={'tiles': (64, 9, 10, 10), 'numeric': (64, 55), 'action_verb': (64,), 'action_crop': (64,), 'action_hands': (64, 6), 'action_market': (64, 10), 'reward': (64,), 'next_tiles': (64, 9, 10, 10), 'next_numeric': (64, 55), 'done': (64,), 'weights': (64,)}
2026-08-30 06:09:39,116 [DEBUG] path_b_bootstrap: BC epoch 6/25 step 2/300 | loss=0.64882 | batch shapes={'tiles': (64, 9, 10, 10), 'numeric': (64, 55), 'action_verb': (64,), 'action_crop': (64,), 'action_hands': (64, 6), 'action_market': (64, 10), 'reward': (64,), 'next_tiles': (64, 9, 10, 10), 'next_numeric': (64, 55), 'done': (64,), 'weights': (64,)}
2026-08-30 06:09:39,148 [DEBUG] path_b_bootstrap: BC epoch 6/25 step 3/300 | loss=0.52976 | batch shapes={'tiles': (64, 9, 10, 10), 'numeric': (64, 55), 'action_verb': (64,), 'action_crop': (64,), 'action_hands': (64, 6), 'action_market': (64, 10), 'reward': (64,), 'next_tiles': (64, 9, 10, 10), 'next_numeric': (64, 55), 'done': (64,), 'weights': (64,)}
2026-08-30 06:09:40,798 [DEBUG] path_b_bootstrap: BC epoch 6/25 step 51/300 | loss=0.60717 | batch shapes={'tiles': (64, 9, 10, 10), 'numeric': (64, 55), 'action_verb': (64,), 'action_crop': (64,), 'action_hands': (64, 6), 'action_market': (64, 10), 'reward': (64,), 'next_tiles': (64, 9, 10, 10), 'next_numeric': (64, 55), 'done': (64,), 'weights': (64,)}
2026-08-30 06:09:42,478 [DEBUG] path_b_bootstrap: BC epoch 6/25 step 101/300 | loss=0.54259 | batch shapes={'tiles': (64, 9, 10, 10), 'numeric': (64, 55), 'action_verb': (64,), 'action_crop': (64,), 'action_hands': (64, 6), 'action_market': (64, 10), 'reward': (64,), 'next_tiles': (64, 9, 10, 10), 'next_numeric': (64, 55), 'done': (64,), 'weights': (64,)}
2026-08-30 06:09:44,109 [DEBUG] path_b_bootstrap: BC epoch 6/25 step 151/300 | loss=0.69554 | batch shapes={'tiles': (64, 9, 10, 10), 'numeric': (64, 55), 'action_verb': (64,), 'action_crop': (64,), 'action_hands': (64, 6), 'action_market': (64, 10), 'reward': (64,), 'next_tiles': (64, 9, 10, 10), 'next_numeric': (64, 55), 'done': (64,), 'weights': (64,)}
2026-08-30 06:09:45,744 [DEBUG] path_b_bootstrap: BC epoch 6/25 step 201/300 | loss=0.62496 | batch shapes={'tiles': (64, 9, 10, 10), 'numeric': (64, 55), 'action_verb': (64,), 'action_crop': (64,), 'action_hands': (64, 6), 'action_market': (64, 10), 'reward': (64,), 'next_tiles': (64, 9, 10, 10), 'next_numeric': (64, 55), 'done': (64,), 'weights': (64,)}
2026-08-30 06:09:47,380 [DEBUG] path_b_bootstrap: BC epoch 6/25 step 251/300 | loss=0.62986 | batch shapes={'tiles': (64, 9, 10, 10), 'numeric': (64, 55), 'action_verb': (64,), 'action_crop': (64,), 'action_hands': (64, 6), 'action_market': (64, 10), 'reward': (64,), 'next_tiles': (64, 9, 10, 10), 'next_numeric': (64, 55), 'done': (64,), 'weights': (64,)}
2026-08-30 06:09:48,941 [DEBUG] path_b_bootstrap: BC epoch 6/25 step 300/300 | loss=0.65194 | batch shapes={'tiles': (64, 9, 10, 10), 'numeric': (64, 55), 'action_verb': (64,), 'action_crop': (64,), 'action_hands': (64, 6), 'action_market': (64, 10), 'reward': (64,), 'next_tiles': (64, 9, 10, 10), 'next_numeric': (64, 55), 'done': (64,), 'weights': (64,)}
2026-08-30 06:09:48,941 [INFO] path_b_bootstrap: BC epoch 6/25 | avg loss: 0.59593
2026-08-30 06:09:48,973 [DEBUG] path_b_bootstrap: BC epoch 7/25 step 1/300 | loss=0.60134 | batch shapes={'tiles': (64, 9, 10, 10), 'numeric': (64, 55), 'action_verb': (64,), 'action_crop': (64,), 'action_hands': (64, 6), 'action_market': (64, 10), 'reward': (64,), 'next_tiles': (64, 9, 10, 10), 'next_numeric': (64, 55), 'done': (64,), 'weights': (64,)}
2026-08-30 06:09:49,004 [DEBUG] path_b_bootstrap: BC epoch 7/25 step 2/300 | loss=0.62303 | batch shapes={'tiles': (64, 9, 10, 10), 'numeric': (64, 55), 'action_verb': (64,), 'action_crop': (64,), 'action_hands': (64, 6), 'action_market': (64, 10), 'reward': (64,), 'next_tiles': (64, 9, 10, 10), 'next_numeric': (64, 55), 'done': (64,), 'weights': (64,)}
2026-08-30 06:09:49,035 [DEBUG] path_b_bootstrap: BC epoch 7/25 step 3/300 | loss=0.67193 | batch shapes={'tiles': (64, 9, 10, 10), 'numeric': (64, 55), 'action_verb': (64,), 'action_crop': (64,), 'action_hands': (64, 6), 'action_market': (64, 10), 'reward': (64,), 'next_tiles': (64, 9, 10, 10), 'next_numeric': (64, 55), 'done': (64,), 'weights': (64,)}
2026-08-30 06:09:50,552 [DEBUG] path_b_bootstrap: BC epoch 7/25 step 51/300 | loss=0.52009 | batch shapes={'tiles': (64, 9, 10, 10), 'numeric': (64, 55), 'action_verb': (64,), 'action_crop': (64,), 'action_hands': (64, 6), 'action_market': (64, 10), 'reward': (64,), 'next_tiles': (64, 9, 10, 10), 'next_numeric': (64, 55), 'done': (64,), 'weights': (64,)}
2026-08-30 06:09:52,114 [DEBUG] path_b_bootstrap: BC epoch 7/25 step 101/300 | loss=0.65844 | batch shapes={'tiles': (64, 9, 10, 10), 'numeric': (64, 55), 'action_verb': (64,), 'action_crop': (64,), 'action_hands': (64, 6), 'action_market': (64, 10), 'reward': (64,), 'next_tiles': (64, 9, 10, 10), 'next_numeric': (64, 55), 'done': (64,), 'weights': (64,)}
2026-08-30 06:09:53,752 [DEBUG] path_b_bootstrap: BC epoch 7/25 step 151/300 | loss=0.51929 | batch shapes={'tiles': (64, 9, 10, 10), 'numeric': (64, 55), 'action_verb': (64,), 'action_crop': (64,), 'action_hands': (64, 6), 'action_market': (64, 10), 'reward': (64,), 'next_tiles': (64, 9, 10, 10), 'next_numeric': (64, 55), 'done': (64,), 'weights': (64,)}
2026-08-30 06:09:55,447 [DEBUG] path_b_bootstrap: BC epoch 7/25 step 201/300 | loss=0.66626 | batch shapes={'tiles': (64, 9, 10, 10), 'numeric': (64, 55), 'action_verb': (64,), 'action_crop': (64,), 'action_hands': (64, 6), 'action_market': (64, 10), 'reward': (64,), 'next_tiles': (64, 9, 10, 10), 'next_numeric': (64, 55), 'done': (64,), 'weights': (64,)}
2026-08-30 06:09:57,316 [DEBUG] path_b_bootstrap: BC epoch 7/25 step 251/300 | loss=0.56223 | batch shapes={'tiles': (64, 9, 10, 10), 'numeric': (64, 55), 'action_verb': (64,), 'action_crop': (64,), 'action_hands': (64, 6), 'action_market': (64, 10), 'reward': (64,), 'next_tiles': (64, 9, 10, 10), 'next_numeric': (64, 55), 'done': (64,), 'weights': (64,)}
2026-08-30 06:09:58,884 [DEBUG] path_b_bootstrap: BC epoch 7/25 step 300/300 | loss=0.54066 | batch shapes={'tiles': (64, 9, 10, 10), 'numeric': (64, 55), 'action_verb': (64,), 'action_crop': (64,), 'action_hands': (64, 6), 'action_market': (64, 10), 'reward': (64,), 'next_tiles': (64, 9, 10, 10), 'next_numeric': (64, 55), 'done': (64,), 'weights': (64,)}
2026-08-30 06:09:58,884 [INFO] path_b_bootstrap: BC epoch 7/25 | avg loss: 0.55008
2026-08-30 06:09:58,913 [DEBUG] path_b_bootstrap: BC epoch 8/25 step 1/300 | loss=0.60984 | batch shapes={'tiles': (64, 9, 10, 10), 'numeric': (64, 55), 'action_verb': (64,), 'action_crop': (64,), 'action_hands': (64, 6), 'action_market': (64, 10), 'reward': (64,), 'next_tiles': (64, 9, 10, 10), 'next_numeric': (64, 55), 'done': (64,), 'weights': (64,)}
2026-08-30 06:09:58,942 [DEBUG] path_b_bootstrap: BC epoch 8/25 step 2/300 | loss=0.45542 | batch shapes={'tiles': (64, 9, 10, 10), 'numeric': (64, 55), 'action_verb': (64,), 'action_crop': (64,), 'action_hands': (64, 6), 'action_market': (64, 10), 'reward': (64,), 'next_tiles': (64, 9, 10, 10), 'next_numeric': (64, 55), 'done': (64,), 'weights': (64,)}
2026-08-30 06:09:58,972 [DEBUG] path_b_bootstrap: BC epoch 8/25 step 3/300 | loss=0.59168 | batch shapes={'tiles': (64, 9, 10, 10), 'numeric': (64, 55), 'action_verb': (64,), 'action_crop': (64,), 'action_hands': (64, 6), 'action_market': (64, 10), 'reward': (64,), 'next_tiles': (64, 9, 10, 10), 'next_numeric': (64, 55), 'done': (64,), 'weights': (64,)}
2026-08-30 06:10:00,400 [DEBUG] path_b_bootstrap: BC epoch 8/25 step 51/300 | loss=0.48050 | batch shapes={'tiles': (64, 9, 10, 10), 'numeric': (64, 55), 'action_verb': (64,), 'action_crop': (64,), 'action_hands': (64, 6), 'action_market': (64, 10), 'reward': (64,), 'next_tiles': (64, 9, 10, 10), 'next_numeric': (64, 55), 'done': (64,), 'weights': (64,)}
2026-08-30 06:10:01,917 [DEBUG] path_b_bootstrap: BC epoch 8/25 step 101/300 | loss=0.50162 | batch shapes={'tiles': (64, 9, 10, 10), 'numeric': (64, 55), 'action_verb': (64,), 'action_crop': (64,), 'action_hands': (64, 6), 'action_market': (64, 10), 'reward': (64,), 'next_tiles': (64, 9, 10, 10), 'next_numeric': (64, 55), 'done': (64,), 'weights': (64,)}
2026-08-30 06:10:03,444 [DEBUG] path_b_bootstrap: BC epoch 8/25 step 151/300 | loss=0.51046 | batch shapes={'tiles': (64, 9, 10, 10), 'numeric': (64, 55), 'action_verb': (64,), 'action_crop': (64,), 'action_hands': (64, 6), 'action_market': (64, 10), 'reward': (64,), 'next_tiles': (64, 9, 10, 10), 'next_numeric': (64, 55), 'done': (64,), 'weights': (64,)}
2026-08-30 06:10:05,048 [DEBUG] path_b_bootstrap: BC epoch 8/25 step 201/300 | loss=0.50909 | batch shapes={'tiles': (64, 9, 10, 10), 'numeric': (64, 55), 'action_verb': (64,), 'action_crop': (64,), 'action_hands': (64, 6), 'action_market': (64, 10), 'reward': (64,), 'next_tiles': (64, 9, 10, 10), 'next_numeric': (64, 55), 'done': (64,), 'weights': (64,)}
2026-08-30 06:10:06,903 [DEBUG] path_b_bootstrap: BC epoch 8/25 step 251/300 | loss=0.58233 | batch shapes={'tiles': (64, 9, 10, 10), 'numeric': (64, 55), 'action_verb': (64,), 'action_crop': (64,), 'action_hands': (64, 6), 'action_market': (64, 10), 'reward': (64,), 'next_tiles': (64, 9, 10, 10), 'next_numeric': (64, 55), 'done': (64,), 'weights': (64,)}
2026-08-30 06:10:09,033 [DEBUG] path_b_bootstrap: BC epoch 8/25 step 300/300 | loss=0.57286 | batch shapes={'tiles': (64, 9, 10, 10), 'numeric': (64, 55), 'action_verb': (64,), 'action_crop': (64,), 'action_hands': (64, 6), 'action_market': (64, 10), 'reward': (64,), 'next_tiles': (64, 9, 10, 10), 'next_numeric': (64, 55), 'done': (64,), 'weights': (64,)}
2026-08-30 06:10:09,033 [INFO] path_b_bootstrap: BC epoch 8/25 | avg loss: 0.51705
2026-08-30 06:10:09,078 [DEBUG] path_b_bootstrap: BC epoch 9/25 step 1/300 | loss=0.45662 | batch shapes={'tiles': (64, 9, 10, 10), 'numeric': (64, 55), 'action_verb': (64,), 'action_crop': (64,), 'action_hands': (64, 6), 'action_market': (64, 10), 'reward': (64,), 'next_tiles': (64, 9, 10, 10), 'next_numeric': (64, 55), 'done': (64,), 'weights': (64,)}
2026-08-30 06:10:09,124 [DEBUG] path_b_bootstrap: BC epoch 9/25 step 2/300 | loss=0.47365 | batch shapes={'tiles': (64, 9, 10, 10), 'numeric': (64, 55), 'action_verb': (64,), 'action_crop': (64,), 'action_hands': (64, 6), 'action_market': (64, 10), 'reward': (64,), 'next_tiles': (64, 9, 10, 10), 'next_numeric': (64, 55), 'done': (64,), 'weights': (64,)}
2026-08-30 06:10:09,170 [DEBUG] path_b_bootstrap: BC epoch 9/25 step 3/300 | loss=0.44113 | batch shapes={'tiles': (64, 9, 10, 10), 'numeric': (64, 55), 'action_verb': (64,), 'action_crop': (64,), 'action_hands': (64, 6), 'action_market': (64, 10), 'reward': (64,), 'next_tiles': (64, 9, 10, 10), 'next_numeric': (64, 55), 'done': (64,), 'weights': (64,)}
2026-08-30 06:10:11,351 [DEBUG] path_b_bootstrap: BC epoch 9/25 step 51/300 | loss=0.40975 | batch shapes={'tiles': (64, 9, 10, 10), 'numeric': (64, 55), 'action_verb': (64,), 'action_crop': (64,), 'action_hands': (64, 6), 'action_market': (64, 10), 'reward': (64,), 'next_tiles': (64, 9, 10, 10), 'next_numeric': (64, 55), 'done': (64,), 'weights': (64,)}
2026-08-30 06:10:13,638 [DEBUG] path_b_bootstrap: BC epoch 9/25 step 101/300 | loss=0.49528 | batch shapes={'tiles': (64, 9, 10, 10), 'numeric': (64, 55), 'action_verb': (64,), 'action_crop': (64,), 'action_hands': (64, 6), 'action_market': (64, 10), 'reward': (64,), 'next_tiles': (64, 9, 10, 10), 'next_numeric': (64, 55), 'done': (64,), 'weights': (64,)}
2026-08-30 06:10:15,900 [DEBUG] path_b_bootstrap: BC epoch 9/25 step 151/300 | loss=0.51846 | batch shapes={'tiles': (64, 9, 10, 10), 'numeric': (64, 55), 'action_verb': (64,), 'action_crop': (64,), 'action_hands': (64, 6), 'action_market': (64, 10), 'reward': (64,), 'next_tiles': (64, 9, 10, 10), 'next_numeric': (64, 55), 'done': (64,), 'weights': (64,)}
2026-08-30 06:10:18,155 [DEBUG] path_b_bootstrap: BC epoch 9/25 step 201/300 | loss=0.38588 | batch shapes={'tiles': (64, 9, 10, 10), 'numeric': (64, 55), 'action_verb': (64,), 'action_crop': (64,), 'action_hands': (64, 6), 'action_market': (64, 10), 'reward': (64,), 'next_tiles': (64, 9, 10, 10), 'next_numeric': (64, 55), 'done': (64,), 'weights': (64,)}
2026-08-30 06:10:20,438 [DEBUG] path_b_bootstrap: BC epoch 9/25 step 251/300 | loss=0.51987 | batch shapes={'tiles': (64, 9, 10, 10), 'numeric': (64, 55), 'action_verb': (64,), 'action_crop': (64,), 'action_hands': (64, 6), 'action_market': (64, 10), 'reward': (64,), 'next_tiles': (64, 9, 10, 10), 'next_numeric': (64, 55), 'done': (64,), 'weights': (64,)}
2026-08-30 06:10:22,711 [DEBUG] path_b_bootstrap: BC epoch 9/25 step 300/300 | loss=0.52705 | batch shapes={'tiles': (64, 9, 10, 10), 'numeric': (64, 55), 'action_verb': (64,), 'action_crop': (64,), 'action_hands': (64, 6), 'action_market': (64, 10), 'reward': (64,), 'next_tiles': (64, 9, 10, 10), 'next_numeric': (64, 55), 'done': (64,), 'weights': (64,)}
2026-08-30 06:10:22,711 [INFO] path_b_bootstrap: BC epoch 9/25 | avg loss: 0.48300
2026-08-30 06:10:22,756 [DEBUG] path_b_bootstrap: BC epoch 10/25 step 1/300 | loss=0.57957 | batch shapes={'tiles': (64, 9, 10, 10), 'numeric': (64, 55), 'action_verb': (64,), 'action_crop': (64,), 'action_hands': (64, 6), 'action_market': (64, 10), 'reward': (64,), 'next_tiles': (64, 9, 10, 10), 'next_numeric': (64, 55), 'done': (64,), 'weights': (64,)}
2026-08-30 06:10:22,802 [DEBUG] path_b_bootstrap: BC epoch 10/25 step 2/300 | loss=0.53134 | batch shapes={'tiles': (64, 9, 10, 10), 'numeric': (64, 55), 'action_verb': (64,), 'action_crop': (64,), 'action_hands': (64, 6), 'action_market': (64, 10), 'reward': (64,), 'next_tiles': (64, 9, 10, 10), 'next_numeric': (64, 55), 'done': (64,), 'weights': (64,)}
2026-08-30 06:10:22,848 [DEBUG] path_b_bootstrap: BC epoch 10/25 step 3/300 | loss=0.52938 | batch shapes={'tiles': (64, 9, 10, 10), 'numeric': (64, 55), 'action_verb': (64,), 'action_crop': (64,), 'action_hands': (64, 6), 'action_market': (64, 10), 'reward': (64,), 'next_tiles': (64, 9, 10, 10), 'next_numeric': (64, 55), 'done': (64,), 'weights': (64,)}
2026-08-30 06:10:25,023 [DEBUG] path_b_bootstrap: BC epoch 10/25 step 51/300 | loss=0.37709 | batch shapes={'tiles': (64, 9, 10, 10), 'numeric': (64, 55), 'action_verb': (64,), 'action_crop': (64,), 'action_hands': (64, 6), 'action_market': (64, 10), 'reward': (64,), 'next_tiles': (64, 9, 10, 10), 'next_numeric': (64, 55), 'done': (64,), 'weights': (64,)}
2026-08-30 06:10:27,289 [DEBUG] path_b_bootstrap: BC epoch 10/25 step 101/300 | loss=0.43924 | batch shapes={'tiles': (64, 9, 10, 10), 'numeric': (64, 55), 'action_verb': (64,), 'action_crop': (64,), 'action_hands': (64, 6), 'action_market': (64, 10), 'reward': (64,), 'next_tiles': (64, 9, 10, 10), 'next_numeric': (64, 55), 'done': (64,), 'weights': (64,)}
2026-08-30 06:10:29,574 [DEBUG] path_b_bootstrap: BC epoch 10/25 step 151/300 | loss=0.47026 | batch shapes={'tiles': (64, 9, 10, 10), 'numeric': (64, 55), 'action_verb': (64,), 'action_crop': (64,), 'action_hands': (64, 6), 'action_market': (64, 10), 'reward': (64,), 'next_tiles': (64, 9, 10, 10), 'next_numeric': (64, 55), 'done': (64,), 'weights': (64,)}
2026-08-30 06:10:31,827 [DEBUG] path_b_bootstrap: BC epoch 10/25 step 201/300 | loss=0.40832 | batch shapes={'tiles': (64, 9, 10, 10), 'numeric': (64, 55), 'action_verb': (64,), 'action_crop': (64,), 'action_hands': (64, 6), 'action_market': (64, 10), 'reward': (64,), 'next_tiles': (64, 9, 10, 10), 'next_numeric': (64, 55), 'done': (64,), 'weights': (64,)}
2026-08-30 06:10:34,171 [DEBUG] path_b_bootstrap: BC epoch 10/25 step 251/300 | loss=0.43356 | batch shapes={'tiles': (64, 9, 10, 10), 'numeric': (64, 55), 'action_verb': (64,), 'action_crop': (64,), 'action_hands': (64, 6), 'action_market': (64, 10), 'reward': (64,), 'next_tiles': (64, 9, 10, 10), 'next_numeric': (64, 55), 'done': (64,), 'weights': (64,)}
2026-08-30 06:10:36,428 [DEBUG] path_b_bootstrap: BC epoch 10/25 step 300/300 | loss=0.39137 | batch shapes={'tiles': (64, 9, 10, 10), 'numeric': (64, 55), 'action_verb': (64,), 'action_crop': (64,), 'action_hands': (64, 6), 'action_market': (64, 10), 'reward': (64,), 'next_tiles': (64, 9, 10, 10), 'next_numeric': (64, 55), 'done': (64,), 'weights': (64,)}
2026-08-30 06:10:36,428 [INFO] path_b_bootstrap: BC epoch 10/25 | avg loss: 0.45932
2026-08-30 06:10:36,476 [DEBUG] path_b_bootstrap: BC epoch 11/25 step 1/300 | loss=0.47764 | batch shapes={'tiles': (64, 9, 10, 10), 'numeric': (64, 55), 'action_verb': (64,), 'action_crop': (64,), 'action_hands': (64, 6), 'action_market': (64, 10), 'reward': (64,), 'next_tiles': (64, 9, 10, 10), 'next_numeric': (64, 55), 'done': (64,), 'weights': (64,)}
2026-08-30 06:10:36,523 [DEBUG] path_b_bootstrap: BC epoch 11/25 step 2/300 | loss=0.38676 | batch shapes={'tiles': (64, 9, 10, 10), 'numeric': (64, 55), 'action_verb': (64,), 'action_crop': (64,), 'action_hands': (64, 6), 'action_market': (64, 10), 'reward': (64,), 'next_tiles': (64, 9, 10, 10), 'next_numeric': (64, 55), 'done': (64,), 'weights': (64,)}
2026-08-30 06:10:36,569 [DEBUG] path_b_bootstrap: BC epoch 11/25 step 3/300 | loss=0.37666 | batch shapes={'tiles': (64, 9, 10, 10), 'numeric': (64, 55), 'action_verb': (64,), 'action_crop': (64,), 'action_hands': (64, 6), 'action_market': (64, 10), 'reward': (64,), 'next_tiles': (64, 9, 10, 10), 'next_numeric': (64, 55), 'done': (64,), 'weights': (64,)}
2026-08-30 06:10:38,808 [DEBUG] path_b_bootstrap: BC epoch 11/25 step 51/300 | loss=0.44554 | batch shapes={'tiles': (64, 9, 10, 10), 'numeric': (64, 55), 'action_verb': (64,), 'action_crop': (64,), 'action_hands': (64, 6), 'action_market': (64, 10), 'reward': (64,), 'next_tiles': (64, 9, 10, 10), 'next_numeric': (64, 55), 'done': (64,), 'weights': (64,)}
2026-08-30 06:10:41,128 [DEBUG] path_b_bootstrap: BC epoch 11/25 step 101/300 | loss=0.46678 | batch shapes={'tiles': (64, 9, 10, 10), 'numeric': (64, 55), 'action_verb': (64,), 'action_crop': (64,), 'action_hands': (64, 6), 'action_market': (64, 10), 'reward': (64,), 'next_tiles': (64, 9, 10, 10), 'next_numeric': (64, 55), 'done': (64,), 'weights': (64,)}
2026-08-30 06:10:43,484 [DEBUG] path_b_bootstrap: BC epoch 11/25 step 151/300 | loss=0.38084 | batch shapes={'tiles': (64, 9, 10, 10), 'numeric': (64, 55), 'action_verb': (64,), 'action_crop': (64,), 'action_hands': (64, 6), 'action_market': (64, 10), 'reward': (64,), 'next_tiles': (64, 9, 10, 10), 'next_numeric': (64, 55), 'done': (64,), 'weights': (64,)}
2026-08-30 06:10:45,853 [DEBUG] path_b_bootstrap: BC epoch 11/25 step 201/300 | loss=0.47416 | batch shapes={'tiles': (64, 9, 10, 10), 'numeric': (64, 55), 'action_verb': (64,), 'action_crop': (64,), 'action_hands': (64, 6), 'action_market': (64, 10), 'reward': (64,), 'next_tiles': (64, 9, 10, 10), 'next_numeric': (64, 55), 'done': (64,), 'weights': (64,)}
2026-08-30 06:10:48,154 [DEBUG] path_b_bootstrap: BC epoch 11/25 step 251/300 | loss=0.38544 | batch shapes={'tiles': (64, 9, 10, 10), 'numeric': (64, 55), 'action_verb': (64,), 'action_crop': (64,), 'action_hands': (64, 6), 'action_market': (64, 10), 'reward': (64,), 'next_tiles': (64, 9, 10, 10), 'next_numeric': (64, 55), 'done': (64,), 'weights': (64,)}
2026-08-30 06:10:50,399 [DEBUG] path_b_bootstrap: BC epoch 11/25 step 300/300 | loss=0.41729 | batch shapes={'tiles': (64, 9, 10, 10), 'numeric': (64, 55), 'action_verb': (64,), 'action_crop': (64,), 'action_hands': (64, 6), 'action_market': (64, 10), 'reward': (64,), 'next_tiles': (64, 9, 10, 10), 'next_numeric': (64, 55), 'done': (64,), 'weights': (64,)}
2026-08-30 06:10:50,399 [INFO] path_b_bootstrap: BC epoch 11/25 | avg loss: 0.43715
2026-08-30 06:10:50,446 [DEBUG] path_b_bootstrap: BC epoch 12/25 step 1/300 | loss=0.37722 | batch shapes={'tiles': (64, 9, 10, 10), 'numeric': (64, 55), 'action_verb': (64,), 'action_crop': (64,), 'action_hands': (64, 6), 'action_market': (64, 10), 'reward': (64,), 'next_tiles': (64, 9, 10, 10), 'next_numeric': (64, 55), 'done': (64,), 'weights': (64,)}
2026-08-30 06:10:50,492 [DEBUG] path_b_bootstrap: BC epoch 12/25 step 2/300 | loss=0.35941 | batch shapes={'tiles': (64, 9, 10, 10), 'numeric': (64, 55), 'action_verb': (64,), 'action_crop': (64,), 'action_hands': (64, 6), 'action_market': (64, 10), 'reward': (64,), 'next_tiles': (64, 9, 10, 10), 'next_numeric': (64, 55), 'done': (64,), 'weights': (64,)}
2026-08-30 06:10:50,538 [DEBUG] path_b_bootstrap: BC epoch 12/25 step 3/300 | loss=0.50944 | batch shapes={'tiles': (64, 9, 10, 10), 'numeric': (64, 55), 'action_verb': (64,), 'action_crop': (64,), 'action_hands': (64, 6), 'action_market': (64, 10), 'reward': (64,), 'next_tiles': (64, 9, 10, 10), 'next_numeric': (64, 55), 'done': (64,), 'weights': (64,)}
2026-08-30 06:10:52,741 [DEBUG] path_b_bootstrap: BC epoch 12/25 step 51/300 | loss=0.51269 | batch shapes={'tiles': (64, 9, 10, 10), 'numeric': (64, 55), 'action_verb': (64,), 'action_crop': (64,), 'action_hands': (64, 6), 'action_market': (64, 10), 'reward': (64,), 'next_tiles': (64, 9, 10, 10), 'next_numeric': (64, 55), 'done': (64,), 'weights': (64,)}
2026-08-30 06:10:55,101 [DEBUG] path_b_bootstrap: BC epoch 12/25 step 101/300 | loss=0.41007 | batch shapes={'tiles': (64, 9, 10, 10), 'numeric': (64, 55), 'action_verb': (64,), 'action_crop': (64,), 'action_hands': (64, 6), 'action_market': (64, 10), 'reward': (64,), 'next_tiles': (64, 9, 10, 10), 'next_numeric': (64, 55), 'done': (64,), 'weights': (64,)}
2026-08-30 06:10:57,414 [DEBUG] path_b_bootstrap: BC epoch 12/25 step 151/300 | loss=0.46192 | batch shapes={'tiles': (64, 9, 10, 10), 'numeric': (64, 55), 'action_verb': (64,), 'action_crop': (64,), 'action_hands': (64, 6), 'action_market': (64, 10), 'reward': (64,), 'next_tiles': (64, 9, 10, 10), 'next_numeric': (64, 55), 'done': (64,), 'weights': (64,)}
2026-08-30 06:10:59,719 [DEBUG] path_b_bootstrap: BC epoch 12/25 step 201/300 | loss=0.60660 | batch shapes={'tiles': (64, 9, 10, 10), 'numeric': (64, 55), 'action_verb': (64,), 'action_crop': (64,), 'action_hands': (64, 6), 'action_market': (64, 10), 'reward': (64,), 'next_tiles': (64, 9, 10, 10), 'next_numeric': (64, 55), 'done': (64,), 'weights': (64,)}
2026-08-30 06:11:02,014 [DEBUG] path_b_bootstrap: BC epoch 12/25 step 251/300 | loss=0.41946 | batch shapes={'tiles': (64, 9, 10, 10), 'numeric': (64, 55), 'action_verb': (64,), 'action_crop': (64,), 'action_hands': (64, 6), 'action_market': (64, 10), 'reward': (64,), 'next_tiles': (64, 9, 10, 10), 'next_numeric': (64, 55), 'done': (64,), 'weights': (64,)}
2026-08-30 06:11:04,326 [DEBUG] path_b_bootstrap: BC epoch 12/25 step 300/300 | loss=0.32717 | batch shapes={'tiles': (64, 9, 10, 10), 'numeric': (64, 55), 'action_verb': (64,), 'action_crop': (64,), 'action_hands': (64, 6), 'action_market': (64, 10), 'reward': (64,), 'next_tiles': (64, 9, 10, 10), 'next_numeric': (64, 55), 'done': (64,), 'weights': (64,)}
2026-08-30 06:11:04,326 [INFO] path_b_bootstrap: BC epoch 12/25 | avg loss: 0.41616
2026-08-30 06:11:04,372 [DEBUG] path_b_bootstrap: BC epoch 13/25 step 1/300 | loss=0.36073 | batch shapes={'tiles': (64, 9, 10, 10), 'numeric': (64, 55), 'action_verb': (64,), 'action_crop': (64,), 'action_hands': (64, 6), 'action_market': (64, 10), 'reward': (64,), 'next_tiles': (64, 9, 10, 10), 'next_numeric': (64, 55), 'done': (64,), 'weights': (64,)}
2026-08-30 06:11:04,417 [DEBUG] path_b_bootstrap: BC epoch 13/25 step 2/300 | loss=0.44836 | batch shapes={'tiles': (64, 9, 10, 10), 'numeric': (64, 55), 'action_verb': (64,), 'action_crop': (64,), 'action_hands': (64, 6), 'action_market': (64, 10), 'reward': (64,), 'next_tiles': (64, 9, 10, 10), 'next_numeric': (64, 55), 'done': (64,), 'weights': (64,)}
2026-08-30 06:11:04,464 [DEBUG] path_b_bootstrap: BC epoch 13/25 step 3/300 | loss=0.40063 | batch shapes={'tiles': (64, 9, 10, 10), 'numeric': (64, 55), 'action_verb': (64,), 'action_crop': (64,), 'action_hands': (64, 6), 'action_market': (64, 10), 'reward': (64,), 'next_tiles': (64, 9, 10, 10), 'next_numeric': (64, 55), 'done': (64,), 'weights': (64,)}
2026-08-30 06:11:06,702 [DEBUG] path_b_bootstrap: BC epoch 13/25 step 51/300 | loss=0.40792 | batch shapes={'tiles': (64, 9, 10, 10), 'numeric': (64, 55), 'action_verb': (64,), 'action_crop': (64,), 'action_hands': (64, 6), 'action_market': (64, 10), 'reward': (64,), 'next_tiles': (64, 9, 10, 10), 'next_numeric': (64, 55), 'done': (64,), 'weights': (64,)}
2026-08-30 06:11:08,982 [DEBUG] path_b_bootstrap: BC epoch 13/25 step 101/300 | loss=0.41536 | batch shapes={'tiles': (64, 9, 10, 10), 'numeric': (64, 55), 'action_verb': (64,), 'action_crop': (64,), 'action_hands': (64, 6), 'action_market': (64, 10), 'reward': (64,), 'next_tiles': (64, 9, 10, 10), 'next_numeric': (64, 55), 'done': (64,), 'weights': (64,)}
2026-08-30 06:11:11,329 [DEBUG] path_b_bootstrap: BC epoch 13/25 step 151/300 | loss=0.51208 | batch shapes={'tiles': (64, 9, 10, 10), 'numeric': (64, 55), 'action_verb': (64,), 'action_crop': (64,), 'action_hands': (64, 6), 'action_market': (64, 10), 'reward': (64,), 'next_tiles': (64, 9, 10, 10), 'next_numeric': (64, 55), 'done': (64,), 'weights': (64,)}
2026-08-30 06:11:13,626 [DEBUG] path_b_bootstrap: BC epoch 13/25 step 201/300 | loss=0.42872 | batch shapes={'tiles': (64, 9, 10, 10), 'numeric': (64, 55), 'action_verb': (64,), 'action_crop': (64,), 'action_hands': (64, 6), 'action_market': (64, 10), 'reward': (64,), 'next_tiles': (64, 9, 10, 10), 'next_numeric': (64, 55), 'done': (64,), 'weights': (64,)}
2026-08-30 06:11:15,932 [DEBUG] path_b_bootstrap: BC epoch 13/25 step 251/300 | loss=0.39664 | batch shapes={'tiles': (64, 9, 10, 10), 'numeric': (64, 55), 'action_verb': (64,), 'action_crop': (64,), 'action_hands': (64, 6), 'action_market': (64, 10), 'reward': (64,), 'next_tiles': (64, 9, 10, 10), 'next_numeric': (64, 55), 'done': (64,), 'weights': (64,)}
2026-08-30 06:11:18,187 [DEBUG] path_b_bootstrap: BC epoch 13/25 step 300/300 | loss=0.29491 | batch shapes={'tiles': (64, 9, 10, 10), 'numeric': (64, 55), 'action_verb': (64,), 'action_crop': (64,), 'action_hands': (64, 6), 'action_market': (64, 10), 'reward': (64,), 'next_tiles': (64, 9, 10, 10), 'next_numeric': (64, 55), 'done': (64,), 'weights': (64,)}
2026-08-30 06:11:18,187 [INFO] path_b_bootstrap: BC epoch 13/25 | avg loss: 0.39733
2026-08-30 06:11:18,233 [DEBUG] path_b_bootstrap: BC epoch 14/25 step 1/300 | loss=0.32733 | batch shapes={'tiles': (64, 9, 10, 10), 'numeric': (64, 55), 'action_verb': (64,), 'action_crop': (64,), 'action_hands': (64, 6), 'action_market': (64, 10), 'reward': (64,), 'next_tiles': (64, 9, 10, 10), 'next_numeric': (64, 55), 'done': (64,), 'weights': (64,)}
2026-08-30 06:11:18,278 [DEBUG] path_b_bootstrap: BC epoch 14/25 step 2/300 | loss=0.36702 | batch shapes={'tiles': (64, 9, 10, 10), 'numeric': (64, 55), 'action_verb': (64,), 'action_crop': (64,), 'action_hands': (64, 6), 'action_market': (64, 10), 'reward': (64,), 'next_tiles': (64, 9, 10, 10), 'next_numeric': (64, 55), 'done': (64,), 'weights': (64,)}
2026-08-30 06:11:18,325 [DEBUG] path_b_bootstrap: BC epoch 14/25 step 3/300 | loss=0.49998 | batch shapes={'tiles': (64, 9, 10, 10), 'numeric': (64, 55), 'action_verb': (64,), 'action_crop': (64,), 'action_hands': (64, 6), 'action_market': (64, 10), 'reward': (64,), 'next_tiles': (64, 9, 10, 10), 'next_numeric': (64, 55), 'done': (64,), 'weights': (64,)}
2026-08-30 06:11:20,535 [DEBUG] path_b_bootstrap: BC epoch 14/25 step 51/300 | loss=0.46667 | batch shapes={'tiles': (64, 9, 10, 10), 'numeric': (64, 55), 'action_verb': (64,), 'action_crop': (64,), 'action_hands': (64, 6), 'action_market': (64, 10), 'reward': (64,), 'next_tiles': (64, 9, 10, 10), 'next_numeric': (64, 55), 'done': (64,), 'weights': (64,)}
2026-08-30 06:11:22,830 [DEBUG] path_b_bootstrap: BC epoch 14/25 step 101/300 | loss=0.39947 | batch shapes={'tiles': (64, 9, 10, 10), 'numeric': (64, 55), 'action_verb': (64,), 'action_crop': (64,), 'action_hands': (64, 6), 'action_market': (64, 10), 'reward': (64,), 'next_tiles': (64, 9, 10, 10), 'next_numeric': (64, 55), 'done': (64,), 'weights': (64,)}
2026-08-30 06:11:25,138 [DEBUG] path_b_bootstrap: BC epoch 14/25 step 151/300 | loss=0.34464 | batch shapes={'tiles': (64, 9, 10, 10), 'numeric': (64, 55), 'action_verb': (64,), 'action_crop': (64,), 'action_hands': (64, 6), 'action_market': (64, 10), 'reward': (64,), 'next_tiles': (64, 9, 10, 10), 'next_numeric': (64, 55), 'done': (64,), 'weights': (64,)}
2026-08-30 06:11:27,425 [DEBUG] path_b_bootstrap: BC epoch 14/25 step 201/300 | loss=0.31450 | batch shapes={'tiles': (64, 9, 10, 10), 'numeric': (64, 55), 'action_verb': (64,), 'action_crop': (64,), 'action_hands': (64, 6), 'action_market': (64, 10), 'reward': (64,), 'next_tiles': (64, 9, 10, 10), 'next_numeric': (64, 55), 'done': (64,), 'weights': (64,)}
2026-08-30 06:11:29,701 [DEBUG] path_b_bootstrap: BC epoch 14/25 step 251/300 | loss=0.41518 | batch shapes={'tiles': (64, 9, 10, 10), 'numeric': (64, 55), 'action_verb': (64,), 'action_crop': (64,), 'action_hands': (64, 6), 'action_market': (64, 10), 'reward': (64,), 'next_tiles': (64, 9, 10, 10), 'next_numeric': (64, 55), 'done': (64,), 'weights': (64,)}
2026-08-30 06:11:31,923 [DEBUG] path_b_bootstrap: BC epoch 14/25 step 300/300 | loss=0.29408 | batch shapes={'tiles': (64, 9, 10, 10), 'numeric': (64, 55), 'action_verb': (64,), 'action_crop': (64,), 'action_hands': (64, 6), 'action_market': (64, 10), 'reward': (64,), 'next_tiles': (64, 9, 10, 10), 'next_numeric': (64, 55), 'done': (64,), 'weights': (64,)}
2026-08-30 06:11:31,923 [INFO] path_b_bootstrap: BC epoch 14/25 | avg loss: 0.38357
2026-08-30 06:11:31,969 [DEBUG] path_b_bootstrap: BC epoch 15/25 step 1/300 | loss=0.41361 | batch shapes={'tiles': (64, 9, 10, 10), 'numeric': (64, 55), 'action_verb': (64,), 'action_crop': (64,), 'action_hands': (64, 6), 'action_market': (64, 10), 'reward': (64,), 'next_tiles': (64, 9, 10, 10), 'next_numeric': (64, 55), 'done': (64,), 'weights': (64,)}
2026-08-30 06:11:32,015 [DEBUG] path_b_bootstrap: BC epoch 15/25 step 2/300 | loss=0.42656 | batch shapes={'tiles': (64, 9, 10, 10), 'numeric': (64, 55), 'action_verb': (64,), 'action_crop': (64,), 'action_hands': (64, 6), 'action_market': (64, 10), 'reward': (64,), 'next_tiles': (64, 9, 10, 10), 'next_numeric': (64, 55), 'done': (64,), 'weights': (64,)}
2026-08-30 06:11:32,063 [DEBUG] path_b_bootstrap: BC epoch 15/25 step 3/300 | loss=0.34132 | batch shapes={'tiles': (64, 9, 10, 10), 'numeric': (64, 55), 'action_verb': (64,), 'action_crop': (64,), 'action_hands': (64, 6), 'action_market': (64, 10), 'reward': (64,), 'next_tiles': (64, 9, 10, 10), 'next_numeric': (64, 55), 'done': (64,), 'weights': (64,)}
2026-08-30 06:11:34,348 [DEBUG] path_b_bootstrap: BC epoch 15/25 step 51/300 | loss=0.39561 | batch shapes={'tiles': (64, 9, 10, 10), 'numeric': (64, 55), 'action_verb': (64,), 'action_crop': (64,), 'action_hands': (64, 6), 'action_market': (64, 10), 'reward': (64,), 'next_tiles': (64, 9, 10, 10), 'next_numeric': (64, 55), 'done': (64,), 'weights': (64,)}
2026-08-30 06:11:36,768 [DEBUG] path_b_bootstrap: BC epoch 15/25 step 101/300 | loss=0.36184 | batch shapes={'tiles': (64, 9, 10, 10), 'numeric': (64, 55), 'action_verb': (64,), 'action_crop': (64,), 'action_hands': (64, 6), 'action_market': (64, 10), 'reward': (64,), 'next_tiles': (64, 9, 10, 10), 'next_numeric': (64, 55), 'done': (64,), 'weights': (64,)}
2026-08-30 06:11:39,196 [DEBUG] path_b_bootstrap: BC epoch 15/25 step 151/300 | loss=0.39152 | batch shapes={'tiles': (64, 9, 10, 10), 'numeric': (64, 55), 'action_verb': (64,), 'action_crop': (64,), 'action_hands': (64, 6), 'action_market': (64, 10), 'reward': (64,), 'next_tiles': (64, 9, 10, 10), 'next_numeric': (64, 55), 'done': (64,), 'weights': (64,)}
2026-08-30 06:11:41,648 [DEBUG] path_b_bootstrap: BC epoch 15/25 step 201/300 | loss=0.35216 | batch shapes={'tiles': (64, 9, 10, 10), 'numeric': (64, 55), 'action_verb': (64,), 'action_crop': (64,), 'action_hands': (64, 6), 'action_market': (64, 10), 'reward': (64,), 'next_tiles': (64, 9, 10, 10), 'next_numeric': (64, 55), 'done': (64,), 'weights': (64,)}
2026-08-30 06:11:43,977 [DEBUG] path_b_bootstrap: BC epoch 15/25 step 251/300 | loss=0.34089 | batch shapes={'tiles': (64, 9, 10, 10), 'numeric': (64, 55), 'action_verb': (64,), 'action_crop': (64,), 'action_hands': (64, 6), 'action_market': (64, 10), 'reward': (64,), 'next_tiles': (64, 9, 10, 10), 'next_numeric': (64, 55), 'done': (64,), 'weights': (64,)}
2026-08-30 06:11:46,257 [DEBUG] path_b_bootstrap: BC epoch 15/25 step 300/300 | loss=0.34260 | batch shapes={'tiles': (64, 9, 10, 10), 'numeric': (64, 55), 'action_verb': (64,), 'action_crop': (64,), 'action_hands': (64, 6), 'action_market': (64, 10), 'reward': (64,), 'next_tiles': (64, 9, 10, 10), 'next_numeric': (64, 55), 'done': (64,), 'weights': (64,)}
2026-08-30 06:11:46,258 [INFO] path_b_bootstrap: BC epoch 15/25 | avg loss: 0.36565
2026-08-30 06:11:46,306 [DEBUG] path_b_bootstrap: BC epoch 16/25 step 1/300 | loss=0.33900 | batch shapes={'tiles': (64, 9, 10, 10), 'numeric': (64, 55), 'action_verb': (64,), 'action_crop': (64,), 'action_hands': (64, 6), 'action_market': (64, 10), 'reward': (64,), 'next_tiles': (64, 9, 10, 10), 'next_numeric': (64, 55), 'done': (64,), 'weights': (64,)}
2026-08-30 06:11:46,351 [DEBUG] path_b_bootstrap: BC epoch 16/25 step 2/300 | loss=0.44298 | batch shapes={'tiles': (64, 9, 10, 10), 'numeric': (64, 55), 'action_verb': (64,), 'action_crop': (64,), 'action_hands': (64, 6), 'action_market': (64, 10), 'reward': (64,), 'next_tiles': (64, 9, 10, 10), 'next_numeric': (64, 55), 'done': (64,), 'weights': (64,)}
2026-08-30 06:11:46,397 [DEBUG] path_b_bootstrap: BC epoch 16/25 step 3/300 | loss=0.44599 | batch shapes={'tiles': (64, 9, 10, 10), 'numeric': (64, 55), 'action_verb': (64,), 'action_crop': (64,), 'action_hands': (64, 6), 'action_market': (64, 10), 'reward': (64,), 'next_tiles': (64, 9, 10, 10), 'next_numeric': (64, 55), 'done': (64,), 'weights': (64,)}
2026-08-30 06:11:48,621 [DEBUG] path_b_bootstrap: BC epoch 16/25 step 51/300 | loss=0.33143 | batch shapes={'tiles': (64, 9, 10, 10), 'numeric': (64, 55), 'action_verb': (64,), 'action_crop': (64,), 'action_hands': (64, 6), 'action_market': (64, 10), 'reward': (64,), 'next_tiles': (64, 9, 10, 10), 'next_numeric': (64, 55), 'done': (64,), 'weights': (64,)}
2026-08-30 06:11:50,976 [DEBUG] path_b_bootstrap: BC epoch 16/25 step 101/300 | loss=0.32950 | batch shapes={'tiles': (64, 9, 10, 10), 'numeric': (64, 55), 'action_verb': (64,), 'action_crop': (64,), 'action_hands': (64, 6), 'action_market': (64, 10), 'reward': (64,), 'next_tiles': (64, 9, 10, 10), 'next_numeric': (64, 55), 'done': (64,), 'weights': (64,)}
2026-08-30 06:11:53,277 [DEBUG] path_b_bootstrap: BC epoch 16/25 step 151/300 | loss=0.37645 | batch shapes={'tiles': (64, 9, 10, 10), 'numeric': (64, 55), 'action_verb': (64,), 'action_crop': (64,), 'action_hands': (64, 6), 'action_market': (64, 10), 'reward': (64,), 'next_tiles': (64, 9, 10, 10), 'next_numeric': (64, 55), 'done': (64,), 'weights': (64,)}
2026-08-30 06:11:55,564 [DEBUG] path_b_bootstrap: BC epoch 16/25 step 201/300 | loss=0.32957 | batch shapes={'tiles': (64, 9, 10, 10), 'numeric': (64, 55), 'action_verb': (64,), 'action_crop': (64,), 'action_hands': (64, 6), 'action_market': (64, 10), 'reward': (64,), 'next_tiles': (64, 9, 10, 10), 'next_numeric': (64, 55), 'done': (64,), 'weights': (64,)}
2026-08-30 06:11:57,891 [DEBUG] path_b_bootstrap: BC epoch 16/25 step 251/300 | loss=0.29660 | batch shapes={'tiles': (64, 9, 10, 10), 'numeric': (64, 55), 'action_verb': (64,), 'action_crop': (64,), 'action_hands': (64, 6), 'action_market': (64, 10), 'reward': (64,), 'next_tiles': (64, 9, 10, 10), 'next_numeric': (64, 55), 'done': (64,), 'weights': (64,)}
2026-08-30 06:12:00,160 [DEBUG] path_b_bootstrap: BC epoch 16/25 step 300/300 | loss=0.31203 | batch shapes={'tiles': (64, 9, 10, 10), 'numeric': (64, 55), 'action_verb': (64,), 'action_crop': (64,), 'action_hands': (64, 6), 'action_market': (64, 10), 'reward': (64,), 'next_tiles': (64, 9, 10, 10), 'next_numeric': (64, 55), 'done': (64,), 'weights': (64,)}
2026-08-30 06:12:00,160 [INFO] path_b_bootstrap: BC epoch 16/25 | avg loss: 0.35500
2026-08-30 06:12:00,205 [DEBUG] path_b_bootstrap: BC epoch 17/25 step 1/300 | loss=0.31035 | batch shapes={'tiles': (64, 9, 10, 10), 'numeric': (64, 55), 'action_verb': (64,), 'action_crop': (64,), 'action_hands': (64, 6), 'action_market': (64, 10), 'reward': (64,), 'next_tiles': (64, 9, 10, 10), 'next_numeric': (64, 55), 'done': (64,), 'weights': (64,)}
2026-08-30 06:12:00,251 [DEBUG] path_b_bootstrap: BC epoch 17/25 step 2/300 | loss=0.28570 | batch shapes={'tiles': (64, 9, 10, 10), 'numeric': (64, 55), 'action_verb': (64,), 'action_crop': (64,), 'action_hands': (64, 6), 'action_market': (64, 10), 'reward': (64,), 'next_tiles': (64, 9, 10, 10), 'next_numeric': (64, 55), 'done': (64,), 'weights': (64,)}
2026-08-30 06:12:00,297 [DEBUG] path_b_bootstrap: BC epoch 17/25 step 3/300 | loss=0.36122 | batch shapes={'tiles': (64, 9, 10, 10), 'numeric': (64, 55), 'action_verb': (64,), 'action_crop': (64,), 'action_hands': (64, 6), 'action_market': (64, 10), 'reward': (64,), 'next_tiles': (64, 9, 10, 10), 'next_numeric': (64, 55), 'done': (64,), 'weights': (64,)}
2026-08-30 06:12:02,534 [DEBUG] path_b_bootstrap: BC epoch 17/25 step 51/300 | loss=0.38004 | batch shapes={'tiles': (64, 9, 10, 10), 'numeric': (64, 55), 'action_verb': (64,), 'action_crop': (64,), 'action_hands': (64, 6), 'action_market': (64, 10), 'reward': (64,), 'next_tiles': (64, 9, 10, 10), 'next_numeric': (64, 55), 'done': (64,), 'weights': (64,)}
2026-08-30 06:12:04,857 [DEBUG] path_b_bootstrap: BC epoch 17/25 step 101/300 | loss=0.34691 | batch shapes={'tiles': (64, 9, 10, 10), 'numeric': (64, 55), 'action_verb': (64,), 'action_crop': (64,), 'action_hands': (64, 6), 'action_market': (64, 10), 'reward': (64,), 'next_tiles': (64, 9, 10, 10), 'next_numeric': (64, 55), 'done': (64,), 'weights': (64,)}
2026-08-30 06:12:07,213 [DEBUG] path_b_bootstrap: BC epoch 17/25 step 151/300 | loss=0.36852 | batch shapes={'tiles': (64, 9, 10, 10), 'numeric': (64, 55), 'action_verb': (64,), 'action_crop': (64,), 'action_hands': (64, 6), 'action_market': (64, 10), 'reward': (64,), 'next_tiles': (64, 9, 10, 10), 'next_numeric': (64, 55), 'done': (64,), 'weights': (64,)}
2026-08-30 06:12:09,502 [DEBUG] path_b_bootstrap: BC epoch 17/25 step 201/300 | loss=0.30099 | batch shapes={'tiles': (64, 9, 10, 10), 'numeric': (64, 55), 'action_verb': (64,), 'action_crop': (64,), 'action_hands': (64, 6), 'action_market': (64, 10), 'reward': (64,), 'next_tiles': (64, 9, 10, 10), 'next_numeric': (64, 55), 'done': (64,), 'weights': (64,)}
2026-08-30 06:12:11,793 [DEBUG] path_b_bootstrap: BC epoch 17/25 step 251/300 | loss=0.45515 | batch shapes={'tiles': (64, 9, 10, 10), 'numeric': (64, 55), 'action_verb': (64,), 'action_crop': (64,), 'action_hands': (64, 6), 'action_market': (64, 10), 'reward': (64,), 'next_tiles': (64, 9, 10, 10), 'next_numeric': (64, 55), 'done': (64,), 'weights': (64,)}
2026-08-30 06:12:14,056 [DEBUG] path_b_bootstrap: BC epoch 17/25 step 300/300 | loss=0.26937 | batch shapes={'tiles': (64, 9, 10, 10), 'numeric': (64, 55), 'action_verb': (64,), 'action_crop': (64,), 'action_hands': (64, 6), 'action_market': (64, 10), 'reward': (64,), 'next_tiles': (64, 9, 10, 10), 'next_numeric': (64, 55), 'done': (64,), 'weights': (64,)}
2026-08-30 06:12:14,056 [INFO] path_b_bootstrap: BC epoch 17/25 | avg loss: 0.34090
2026-08-30 06:12:14,102 [DEBUG] path_b_bootstrap: BC epoch 18/25 step 1/300 | loss=0.36214 | batch shapes={'tiles': (64, 9, 10, 10), 'numeric': (64, 55), 'action_verb': (64,), 'action_crop': (64,), 'action_hands': (64, 6), 'action_market': (64, 10), 'reward': (64,), 'next_tiles': (64, 9, 10, 10), 'next_numeric': (64, 55), 'done': (64,), 'weights': (64,)}
2026-08-30 06:12:14,149 [DEBUG] path_b_bootstrap: BC epoch 18/25 step 2/300 | loss=0.36149 | batch shapes={'tiles': (64, 9, 10, 10), 'numeric': (64, 55), 'action_verb': (64,), 'action_crop': (64,), 'action_hands': (64, 6), 'action_market': (64, 10), 'reward': (64,), 'next_tiles': (64, 9, 10, 10), 'next_numeric': (64, 55), 'done': (64,), 'weights': (64,)}
2026-08-30 06:12:14,196 [DEBUG] path_b_bootstrap: BC epoch 18/25 step 3/300 | loss=0.29144 | batch shapes={'tiles': (64, 9, 10, 10), 'numeric': (64, 55), 'action_verb': (64,), 'action_crop': (64,), 'action_hands': (64, 6), 'action_market': (64, 10), 'reward': (64,), 'next_tiles': (64, 9, 10, 10), 'next_numeric': (64, 55), 'done': (64,), 'weights': (64,)}
2026-08-30 06:12:16,443 [DEBUG] path_b_bootstrap: BC epoch 18/25 step 51/300 | loss=0.30845 | batch shapes={'tiles': (64, 9, 10, 10), 'numeric': (64, 55), 'action_verb': (64,), 'action_crop': (64,), 'action_hands': (64, 6), 'action_market': (64, 10), 'reward': (64,), 'next_tiles': (64, 9, 10, 10), 'next_numeric': (64, 55), 'done': (64,), 'weights': (64,)}
2026-08-30 06:12:18,751 [DEBUG] path_b_bootstrap: BC epoch 18/25 step 101/300 | loss=0.27782 | batch shapes={'tiles': (64, 9, 10, 10), 'numeric': (64, 55), 'action_verb': (64,), 'action_crop': (64,), 'action_hands': (64, 6), 'action_market': (64, 10), 'reward': (64,), 'next_tiles': (64, 9, 10, 10), 'next_numeric': (64, 55), 'done': (64,), 'weights': (64,)}
2026-08-30 06:12:21,042 [DEBUG] path_b_bootstrap: BC epoch 18/25 step 151/300 | loss=0.32404 | batch shapes={'tiles': (64, 9, 10, 10), 'numeric': (64, 55), 'action_verb': (64,), 'action_crop': (64,), 'action_hands': (64, 6), 'action_market': (64, 10), 'reward': (64,), 'next_tiles': (64, 9, 10, 10), 'next_numeric': (64, 55), 'done': (64,), 'weights': (64,)}
2026-08-30 06:12:23,370 [DEBUG] path_b_bootstrap: BC epoch 18/25 step 201/300 | loss=0.37754 | batch shapes={'tiles': (64, 9, 10, 10), 'numeric': (64, 55), 'action_verb': (64,), 'action_crop': (64,), 'action_hands': (64, 6), 'action_market': (64, 10), 'reward': (64,), 'next_tiles': (64, 9, 10, 10), 'next_numeric': (64, 55), 'done': (64,), 'weights': (64,)}
2026-08-30 06:12:25,641 [DEBUG] path_b_bootstrap: BC epoch 18/25 step 251/300 | loss=0.40536 | batch shapes={'tiles': (64, 9, 10, 10), 'numeric': (64, 55), 'action_verb': (64,), 'action_crop': (64,), 'action_hands': (64, 6), 'action_market': (64, 10), 'reward': (64,), 'next_tiles': (64, 9, 10, 10), 'next_numeric': (64, 55), 'done': (64,), 'weights': (64,)}
2026-08-30 06:12:27,938 [DEBUG] path_b_bootstrap: BC epoch 18/25 step 300/300 | loss=0.24111 | batch shapes={'tiles': (64, 9, 10, 10), 'numeric': (64, 55), 'action_verb': (64,), 'action_crop': (64,), 'action_hands': (64, 6), 'action_market': (64, 10), 'reward': (64,), 'next_tiles': (64, 9, 10, 10), 'next_numeric': (64, 55), 'done': (64,), 'weights': (64,)}
2026-08-30 06:12:27,938 [INFO] path_b_bootstrap: BC epoch 18/25 | avg loss: 0.32512
2026-08-30 06:12:27,985 [DEBUG] path_b_bootstrap: BC epoch 19/25 step 1/300 | loss=0.29467 | batch shapes={'tiles': (64, 9, 10, 10), 'numeric': (64, 55), 'action_verb': (64,), 'action_crop': (64,), 'action_hands': (64, 6), 'action_market': (64, 10), 'reward': (64,), 'next_tiles': (64, 9, 10, 10), 'next_numeric': (64, 55), 'done': (64,), 'weights': (64,)}
2026-08-30 06:12:28,032 [DEBUG] path_b_bootstrap: BC epoch 19/25 step 2/300 | loss=0.37135 | batch shapes={'tiles': (64, 9, 10, 10), 'numeric': (64, 55), 'action_verb': (64,), 'action_crop': (64,), 'action_hands': (64, 6), 'action_market': (64, 10), 'reward': (64,), 'next_tiles': (64, 9, 10, 10), 'next_numeric': (64, 55), 'done': (64,), 'weights': (64,)}
2026-08-30 06:12:28,079 [DEBUG] path_b_bootstrap: BC epoch 19/25 step 3/300 | loss=0.34743 | batch shapes={'tiles': (64, 9, 10, 10), 'numeric': (64, 55), 'action_verb': (64,), 'action_crop': (64,), 'action_hands': (64, 6), 'action_market': (64, 10), 'reward': (64,), 'next_tiles': (64, 9, 10, 10), 'next_numeric': (64, 55), 'done': (64,), 'weights': (64,)}
2026-08-30 06:12:30,362 [DEBUG] path_b_bootstrap: BC epoch 19/25 step 51/300 | loss=0.34701 | batch shapes={'tiles': (64, 9, 10, 10), 'numeric': (64, 55), 'action_verb': (64,), 'action_crop': (64,), 'action_hands': (64, 6), 'action_market': (64, 10), 'reward': (64,), 'next_tiles': (64, 9, 10, 10), 'next_numeric': (64, 55), 'done': (64,), 'weights': (64,)}
2026-08-30 06:12:32,678 [DEBUG] path_b_bootstrap: BC epoch 19/25 step 101/300 | loss=0.36191 | batch shapes={'tiles': (64, 9, 10, 10), 'numeric': (64, 55), 'action_verb': (64,), 'action_crop': (64,), 'action_hands': (64, 6), 'action_market': (64, 10), 'reward': (64,), 'next_tiles': (64, 9, 10, 10), 'next_numeric': (64, 55), 'done': (64,), 'weights': (64,)}
2026-08-30 06:12:35,008 [DEBUG] path_b_bootstrap: BC epoch 19/25 step 151/300 | loss=0.28080 | batch shapes={'tiles': (64, 9, 10, 10), 'numeric': (64, 55), 'action_verb': (64,), 'action_crop': (64,), 'action_hands': (64, 6), 'action_market': (64, 10), 'reward': (64,), 'next_tiles': (64, 9, 10, 10), 'next_numeric': (64, 55), 'done': (64,), 'weights': (64,)}
2026-08-30 06:12:37,338 [DEBUG] path_b_bootstrap: BC epoch 19/25 step 201/300 | loss=0.30239 | batch shapes={'tiles': (64, 9, 10, 10), 'numeric': (64, 55), 'action_verb': (64,), 'action_crop': (64,), 'action_hands': (64, 6), 'action_market': (64, 10), 'reward': (64,), 'next_tiles': (64, 9, 10, 10), 'next_numeric': (64, 55), 'done': (64,), 'weights': (64,)}
2026-08-30 06:12:39,737 [DEBUG] path_b_bootstrap: BC epoch 19/25 step 251/300 | loss=0.35087 | batch shapes={'tiles': (64, 9, 10, 10), 'numeric': (64, 55), 'action_verb': (64,), 'action_crop': (64,), 'action_hands': (64, 6), 'action_market': (64, 10), 'reward': (64,), 'next_tiles': (64, 9, 10, 10), 'next_numeric': (64, 55), 'done': (64,), 'weights': (64,)}
2026-08-30 06:12:42,080 [DEBUG] path_b_bootstrap: BC epoch 19/25 step 300/300 | loss=0.30328 | batch shapes={'tiles': (64, 9, 10, 10), 'numeric': (64, 55), 'action_verb': (64,), 'action_crop': (64,), 'action_hands': (64, 6), 'action_market': (64, 10), 'reward': (64,), 'next_tiles': (64, 9, 10, 10), 'next_numeric': (64, 55), 'done': (64,), 'weights': (64,)}
2026-08-30 06:12:42,080 [INFO] path_b_bootstrap: BC epoch 19/25 | avg loss: 0.31920
2026-08-30 06:12:42,129 [DEBUG] path_b_bootstrap: BC epoch 20/25 step 1/300 | loss=0.29066 | batch shapes={'tiles': (64, 9, 10, 10), 'numeric': (64, 55), 'action_verb': (64,), 'action_crop': (64,), 'action_hands': (64, 6), 'action_market': (64, 10), 'reward': (64,), 'next_tiles': (64, 9, 10, 10), 'next_numeric': (64, 55), 'done': (64,), 'weights': (64,)}
2026-08-30 06:12:42,177 [DEBUG] path_b_bootstrap: BC epoch 20/25 step 2/300 | loss=0.38778 | batch shapes={'tiles': (64, 9, 10, 10), 'numeric': (64, 55), 'action_verb': (64,), 'action_crop': (64,), 'action_hands': (64, 6), 'action_market': (64, 10), 'reward': (64,), 'next_tiles': (64, 9, 10, 10), 'next_numeric': (64, 55), 'done': (64,), 'weights': (64,)}
2026-08-30 06:12:42,223 [DEBUG] path_b_bootstrap: BC epoch 20/25 step 3/300 | loss=0.31926 | batch shapes={'tiles': (64, 9, 10, 10), 'numeric': (64, 55), 'action_verb': (64,), 'action_crop': (64,), 'action_hands': (64, 6), 'action_market': (64, 10), 'reward': (64,), 'next_tiles': (64, 9, 10, 10), 'next_numeric': (64, 55), 'done': (64,), 'weights': (64,)}
2026-08-30 06:12:44,504 [DEBUG] path_b_bootstrap: BC epoch 20/25 step 51/300 | loss=0.32241 | batch shapes={'tiles': (64, 9, 10, 10), 'numeric': (64, 55), 'action_verb': (64,), 'action_crop': (64,), 'action_hands': (64, 6), 'action_market': (64, 10), 'reward': (64,), 'next_tiles': (64, 9, 10, 10), 'next_numeric': (64, 55), 'done': (64,), 'weights': (64,)}
2026-08-30 06:12:46,831 [DEBUG] path_b_bootstrap: BC epoch 20/25 step 101/300 | loss=0.30103 | batch shapes={'tiles': (64, 9, 10, 10), 'numeric': (64, 55), 'action_verb': (64,), 'action_crop': (64,), 'action_hands': (64, 6), 'action_market': (64, 10), 'reward': (64,), 'next_tiles': (64, 9, 10, 10), 'next_numeric': (64, 55), 'done': (64,), 'weights': (64,)}
2026-08-30 06:12:49,192 [DEBUG] path_b_bootstrap: BC epoch 20/25 step 151/300 | loss=0.30786 | batch shapes={'tiles': (64, 9, 10, 10), 'numeric': (64, 55), 'action_verb': (64,), 'action_crop': (64,), 'action_hands': (64, 6), 'action_market': (64, 10), 'reward': (64,), 'next_tiles': (64, 9, 10, 10), 'next_numeric': (64, 55), 'done': (64,), 'weights': (64,)}
2026-08-30 06:12:51,491 [DEBUG] path_b_bootstrap: BC epoch 20/25 step 201/300 | loss=0.29470 | batch shapes={'tiles': (64, 9, 10, 10), 'numeric': (64, 55), 'action_verb': (64,), 'action_crop': (64,), 'action_hands': (64, 6), 'action_market': (64, 10), 'reward': (64,), 'next_tiles': (64, 9, 10, 10), 'next_numeric': (64, 55), 'done': (64,), 'weights': (64,)}
2026-08-30 06:12:53,820 [DEBUG] path_b_bootstrap: BC epoch 20/25 step 251/300 | loss=0.31184 | batch shapes={'tiles': (64, 9, 10, 10), 'numeric': (64, 55), 'action_verb': (64,), 'action_crop': (64,), 'action_hands': (64, 6), 'action_market': (64, 10), 'reward': (64,), 'next_tiles': (64, 9, 10, 10), 'next_numeric': (64, 55), 'done': (64,), 'weights': (64,)}
2026-08-30 06:12:56,102 [DEBUG] path_b_bootstrap: BC epoch 20/25 step 300/300 | loss=0.33555 | batch shapes={'tiles': (64, 9, 10, 10), 'numeric': (64, 55), 'action_verb': (64,), 'action_crop': (64,), 'action_hands': (64, 6), 'action_market': (64, 10), 'reward': (64,), 'next_tiles': (64, 9, 10, 10), 'next_numeric': (64, 55), 'done': (64,), 'weights': (64,)}
2026-08-30 06:12:56,102 [INFO] path_b_bootstrap: BC epoch 20/25 | avg loss: 0.31006
2026-08-30 06:12:56,147 [DEBUG] path_b_bootstrap: BC epoch 21/25 step 1/300 | loss=0.28627 | batch shapes={'tiles': (64, 9, 10, 10), 'numeric': (64, 55), 'action_verb': (64,), 'action_crop': (64,), 'action_hands': (64, 6), 'action_market': (64, 10), 'reward': (64,), 'next_tiles': (64, 9, 10, 10), 'next_numeric': (64, 55), 'done': (64,), 'weights': (64,)}
2026-08-30 06:12:56,194 [DEBUG] path_b_bootstrap: BC epoch 21/25 step 2/300 | loss=0.29791 | batch shapes={'tiles': (64, 9, 10, 10), 'numeric': (64, 55), 'action_verb': (64,), 'action_crop': (64,), 'action_hands': (64, 6), 'action_market': (64, 10), 'reward': (64,), 'next_tiles': (64, 9, 10, 10), 'next_numeric': (64, 55), 'done': (64,), 'weights': (64,)}
2026-08-30 06:12:56,241 [DEBUG] path_b_bootstrap: BC epoch 21/25 step 3/300 | loss=0.27662 | batch shapes={'tiles': (64, 9, 10, 10), 'numeric': (64, 55), 'action_verb': (64,), 'action_crop': (64,), 'action_hands': (64, 6), 'action_market': (64, 10), 'reward': (64,), 'next_tiles': (64, 9, 10, 10), 'next_numeric': (64, 55), 'done': (64,), 'weights': (64,)}
2026-08-30 06:12:58,474 [DEBUG] path_b_bootstrap: BC epoch 21/25 step 51/300 | loss=0.27406 | batch shapes={'tiles': (64, 9, 10, 10), 'numeric': (64, 55), 'action_verb': (64,), 'action_crop': (64,), 'action_hands': (64, 6), 'action_market': (64, 10), 'reward': (64,), 'next_tiles': (64, 9, 10, 10), 'next_numeric': (64, 55), 'done': (64,), 'weights': (64,)}
2026-08-30 06:13:00,859 [DEBUG] path_b_bootstrap: BC epoch 21/25 step 101/300 | loss=0.39426 | batch shapes={'tiles': (64, 9, 10, 10), 'numeric': (64, 55), 'action_verb': (64,), 'action_crop': (64,), 'action_hands': (64, 6), 'action_market': (64, 10), 'reward': (64,), 'next_tiles': (64, 9, 10, 10), 'next_numeric': (64, 55), 'done': (64,), 'weights': (64,)}
2026-08-30 06:13:03,153 [DEBUG] path_b_bootstrap: BC epoch 21/25 step 151/300 | loss=0.24827 | batch shapes={'tiles': (64, 9, 10, 10), 'numeric': (64, 55), 'action_verb': (64,), 'action_crop': (64,), 'action_hands': (64, 6), 'action_market': (64, 10), 'reward': (64,), 'next_tiles': (64, 9, 10, 10), 'next_numeric': (64, 55), 'done': (64,), 'weights': (64,)}
2026-08-30 06:13:05,472 [DEBUG] path_b_bootstrap: BC epoch 21/25 step 201/300 | loss=0.32627 | batch shapes={'tiles': (64, 9, 10, 10), 'numeric': (64, 55), 'action_verb': (64,), 'action_crop': (64,), 'action_hands': (64, 6), 'action_market': (64, 10), 'reward': (64,), 'next_tiles': (64, 9, 10, 10), 'next_numeric': (64, 55), 'done': (64,), 'weights': (64,)}
2026-08-30 06:13:07,761 [DEBUG] path_b_bootstrap: BC epoch 21/25 step 251/300 | loss=0.40566 | batch shapes={'tiles': (64, 9, 10, 10), 'numeric': (64, 55), 'action_verb': (64,), 'action_crop': (64,), 'action_hands': (64, 6), 'action_market': (64, 10), 'reward': (64,), 'next_tiles': (64, 9, 10, 10), 'next_numeric': (64, 55), 'done': (64,), 'weights': (64,)}
2026-08-30 06:13:09,962 [DEBUG] path_b_bootstrap: BC epoch 21/25 step 300/300 | loss=0.28939 | batch shapes={'tiles': (64, 9, 10, 10), 'numeric': (64, 55), 'action_verb': (64,), 'action_crop': (64,), 'action_hands': (64, 6), 'action_market': (64, 10), 'reward': (64,), 'next_tiles': (64, 9, 10, 10), 'next_numeric': (64, 55), 'done': (64,), 'weights': (64,)}
2026-08-30 06:13:09,962 [INFO] path_b_bootstrap: BC epoch 21/25 | avg loss: 0.30201
2026-08-30 06:13:10,008 [DEBUG] path_b_bootstrap: BC epoch 22/25 step 1/300 | loss=0.26136 | batch shapes={'tiles': (64, 9, 10, 10), 'numeric': (64, 55), 'action_verb': (64,), 'action_crop': (64,), 'action_hands': (64, 6), 'action_market': (64, 10), 'reward': (64,), 'next_tiles': (64, 9, 10, 10), 'next_numeric': (64, 55), 'done': (64,), 'weights': (64,)}
2026-08-30 06:13:10,055 [DEBUG] path_b_bootstrap: BC epoch 22/25 step 2/300 | loss=0.24884 | batch shapes={'tiles': (64, 9, 10, 10), 'numeric': (64, 55), 'action_verb': (64,), 'action_crop': (64,), 'action_hands': (64, 6), 'action_market': (64, 10), 'reward': (64,), 'next_tiles': (64, 9, 10, 10), 'next_numeric': (64, 55), 'done': (64,), 'weights': (64,)}
2026-08-30 06:13:10,100 [DEBUG] path_b_bootstrap: BC epoch 22/25 step 3/300 | loss=0.31929 | batch shapes={'tiles': (64, 9, 10, 10), 'numeric': (64, 55), 'action_verb': (64,), 'action_crop': (64,), 'action_hands': (64, 6), 'action_market': (64, 10), 'reward': (64,), 'next_tiles': (64, 9, 10, 10), 'next_numeric': (64, 55), 'done': (64,), 'weights': (64,)}
2026-08-30 06:13:12,339 [DEBUG] path_b_bootstrap: BC epoch 22/25 step 51/300 | loss=0.26795 | batch shapes={'tiles': (64, 9, 10, 10), 'numeric': (64, 55), 'action_verb': (64,), 'action_crop': (64,), 'action_hands': (64, 6), 'action_market': (64, 10), 'reward': (64,), 'next_tiles': (64, 9, 10, 10), 'next_numeric': (64, 55), 'done': (64,), 'weights': (64,)}
2026-08-30 06:13:14,814 [DEBUG] path_b_bootstrap: BC epoch 22/25 step 101/300 | loss=0.41801 | batch shapes={'tiles': (64, 9, 10, 10), 'numeric': (64, 55), 'action_verb': (64,), 'action_crop': (64,), 'action_hands': (64, 6), 'action_market': (64, 10), 'reward': (64,), 'next_tiles': (64, 9, 10, 10), 'next_numeric': (64, 55), 'done': (64,), 'weights': (64,)}
2026-08-30 06:13:17,162 [DEBUG] path_b_bootstrap: BC epoch 22/25 step 151/300 | loss=0.31169 | batch shapes={'tiles': (64, 9, 10, 10), 'numeric': (64, 55), 'action_verb': (64,), 'action_crop': (64,), 'action_hands': (64, 6), 'action_market': (64, 10), 'reward': (64,), 'next_tiles': (64, 9, 10, 10), 'next_numeric': (64, 55), 'done': (64,), 'weights': (64,)}
2026-08-30 06:13:19,469 [DEBUG] path_b_bootstrap: BC epoch 22/25 step 201/300 | loss=0.30467 | batch shapes={'tiles': (64, 9, 10, 10), 'numeric': (64, 55), 'action_verb': (64,), 'action_crop': (64,), 'action_hands': (64, 6), 'action_market': (64, 10), 'reward': (64,), 'next_tiles': (64, 9, 10, 10), 'next_numeric': (64, 55), 'done': (64,), 'weights': (64,)}
2026-08-30 06:13:21,796 [DEBUG] path_b_bootstrap: BC epoch 22/25 step 251/300 | loss=0.30945 | batch shapes={'tiles': (64, 9, 10, 10), 'numeric': (64, 55), 'action_verb': (64,), 'action_crop': (64,), 'action_hands': (64, 6), 'action_market': (64, 10), 'reward': (64,), 'next_tiles': (64, 9, 10, 10), 'next_numeric': (64, 55), 'done': (64,), 'weights': (64,)}
2026-08-30 06:13:24,019 [DEBUG] path_b_bootstrap: BC epoch 22/25 step 300/300 | loss=0.24218 | batch shapes={'tiles': (64, 9, 10, 10), 'numeric': (64, 55), 'action_verb': (64,), 'action_crop': (64,), 'action_hands': (64, 6), 'action_market': (64, 10), 'reward': (64,), 'next_tiles': (64, 9, 10, 10), 'next_numeric': (64, 55), 'done': (64,), 'weights': (64,)}
2026-08-30 06:13:24,019 [INFO] path_b_bootstrap: BC epoch 22/25 | avg loss: 0.28741
2026-08-30 06:13:24,065 [DEBUG] path_b_bootstrap: BC epoch 23/25 step 1/300 | loss=0.27558 | batch shapes={'tiles': (64, 9, 10, 10), 'numeric': (64, 55), 'action_verb': (64,), 'action_crop': (64,), 'action_hands': (64, 6), 'action_market': (64, 10), 'reward': (64,), 'next_tiles': (64, 9, 10, 10), 'next_numeric': (64, 55), 'done': (64,), 'weights': (64,)}
2026-08-30 06:13:24,111 [DEBUG] path_b_bootstrap: BC epoch 23/25 step 2/300 | loss=0.28862 | batch shapes={'tiles': (64, 9, 10, 10), 'numeric': (64, 55), 'action_verb': (64,), 'action_crop': (64,), 'action_hands': (64, 6), 'action_market': (64, 10), 'reward': (64,), 'next_tiles': (64, 9, 10, 10), 'next_numeric': (64, 55), 'done': (64,), 'weights': (64,)}
2026-08-30 06:13:24,155 [DEBUG] path_b_bootstrap: BC epoch 23/25 step 3/300 | loss=0.26896 | batch shapes={'tiles': (64, 9, 10, 10), 'numeric': (64, 55), 'action_verb': (64,), 'action_crop': (64,), 'action_hands': (64, 6), 'action_market': (64, 10), 'reward': (64,), 'next_tiles': (64, 9, 10, 10), 'next_numeric': (64, 55), 'done': (64,), 'weights': (64,)}
2026-08-30 06:13:26,313 [DEBUG] path_b_bootstrap: BC epoch 23/25 step 51/300 | loss=0.26309 | batch shapes={'tiles': (64, 9, 10, 10), 'numeric': (64, 55), 'action_verb': (64,), 'action_crop': (64,), 'action_hands': (64, 6), 'action_market': (64, 10), 'reward': (64,), 'next_tiles': (64, 9, 10, 10), 'next_numeric': (64, 55), 'done': (64,), 'weights': (64,)}
2026-08-30 06:13:28,555 [DEBUG] path_b_bootstrap: BC epoch 23/25 step 101/300 | loss=0.33402 | batch shapes={'tiles': (64, 9, 10, 10), 'numeric': (64, 55), 'action_verb': (64,), 'action_crop': (64,), 'action_hands': (64, 6), 'action_market': (64, 10), 'reward': (64,), 'next_tiles': (64, 9, 10, 10), 'next_numeric': (64, 55), 'done': (64,), 'weights': (64,)}
2026-08-30 06:13:30,809 [DEBUG] path_b_bootstrap: BC epoch 23/25 step 151/300 | loss=0.25329 | batch shapes={'tiles': (64, 9, 10, 10), 'numeric': (64, 55), 'action_verb': (64,), 'action_crop': (64,), 'action_hands': (64, 6), 'action_market': (64, 10), 'reward': (64,), 'next_tiles': (64, 9, 10, 10), 'next_numeric': (64, 55), 'done': (64,), 'weights': (64,)}
2026-08-30 06:13:33,070 [DEBUG] path_b_bootstrap: BC epoch 23/25 step 201/300 | loss=0.28791 | batch shapes={'tiles': (64, 9, 10, 10), 'numeric': (64, 55), 'action_verb': (64,), 'action_crop': (64,), 'action_hands': (64, 6), 'action_market': (64, 10), 'reward': (64,), 'next_tiles': (64, 9, 10, 10), 'next_numeric': (64, 55), 'done': (64,), 'weights': (64,)}
2026-08-30 06:13:35,312 [DEBUG] path_b_bootstrap: BC epoch 23/25 step 251/300 | loss=0.30328 | batch shapes={'tiles': (64, 9, 10, 10), 'numeric': (64, 55), 'action_verb': (64,), 'action_crop': (64,), 'action_hands': (64, 6), 'action_market': (64, 10), 'reward': (64,), 'next_tiles': (64, 9, 10, 10), 'next_numeric': (64, 55), 'done': (64,), 'weights': (64,)}
2026-08-30 06:13:37,574 [DEBUG] path_b_bootstrap: BC epoch 23/25 step 300/300 | loss=0.24321 | batch shapes={'tiles': (64, 9, 10, 10), 'numeric': (64, 55), 'action_verb': (64,), 'action_crop': (64,), 'action_hands': (64, 6), 'action_market': (64, 10), 'reward': (64,), 'next_tiles': (64, 9, 10, 10), 'next_numeric': (64, 55), 'done': (64,), 'weights': (64,)}
2026-08-30 06:13:37,574 [INFO] path_b_bootstrap: BC epoch 23/25 | avg loss: 0.28194
2026-08-30 06:13:37,620 [DEBUG] path_b_bootstrap: BC epoch 24/25 step 1/300 | loss=0.24356 | batch shapes={'tiles': (64, 9, 10, 10), 'numeric': (64, 55), 'action_verb': (64,), 'action_crop': (64,), 'action_hands': (64, 6), 'action_market': (64, 10), 'reward': (64,), 'next_tiles': (64, 9, 10, 10), 'next_numeric': (64, 55), 'done': (64,), 'weights': (64,)}
2026-08-30 06:13:37,665 [DEBUG] path_b_bootstrap: BC epoch 24/25 step 2/300 | loss=0.26294 | batch shapes={'tiles': (64, 9, 10, 10), 'numeric': (64, 55), 'action_verb': (64,), 'action_crop': (64,), 'action_hands': (64, 6), 'action_market': (64, 10), 'reward': (64,), 'next_tiles': (64, 9, 10, 10), 'next_numeric': (64, 55), 'done': (64,), 'weights': (64,)}
2026-08-30 06:13:37,710 [DEBUG] path_b_bootstrap: BC epoch 24/25 step 3/300 | loss=0.24649 | batch shapes={'tiles': (64, 9, 10, 10), 'numeric': (64, 55), 'action_verb': (64,), 'action_crop': (64,), 'action_hands': (64, 6), 'action_market': (64, 10), 'reward': (64,), 'next_tiles': (64, 9, 10, 10), 'next_numeric': (64, 55), 'done': (64,), 'weights': (64,)}
2026-08-30 06:13:39,904 [DEBUG] path_b_bootstrap: BC epoch 24/25 step 51/300 | loss=0.23498 | batch shapes={'tiles': (64, 9, 10, 10), 'numeric': (64, 55), 'action_verb': (64,), 'action_crop': (64,), 'action_hands': (64, 6), 'action_market': (64, 10), 'reward': (64,), 'next_tiles': (64, 9, 10, 10), 'next_numeric': (64, 55), 'done': (64,), 'weights': (64,)}
2026-08-30 06:13:42,217 [DEBUG] path_b_bootstrap: BC epoch 24/25 step 101/300 | loss=0.28262 | batch shapes={'tiles': (64, 9, 10, 10), 'numeric': (64, 55), 'action_verb': (64,), 'action_crop': (64,), 'action_hands': (64, 6), 'action_market': (64, 10), 'reward': (64,), 'next_tiles': (64, 9, 10, 10), 'next_numeric': (64, 55), 'done': (64,), 'weights': (64,)}
2026-08-30 06:13:44,558 [DEBUG] path_b_bootstrap: BC epoch 24/25 step 151/300 | loss=0.24775 | batch shapes={'tiles': (64, 9, 10, 10), 'numeric': (64, 55), 'action_verb': (64,), 'action_crop': (64,), 'action_hands': (64, 6), 'action_market': (64, 10), 'reward': (64,), 'next_tiles': (64, 9, 10, 10), 'next_numeric': (64, 55), 'done': (64,), 'weights': (64,)}
2026-08-30 06:13:46,859 [DEBUG] path_b_bootstrap: BC epoch 24/25 step 201/300 | loss=0.28888 | batch shapes={'tiles': (64, 9, 10, 10), 'numeric': (64, 55), 'action_verb': (64,), 'action_crop': (64,), 'action_hands': (64, 6), 'action_market': (64, 10), 'reward': (64,), 'next_tiles': (64, 9, 10, 10), 'next_numeric': (64, 55), 'done': (64,), 'weights': (64,)}
2026-08-30 06:13:49,135 [DEBUG] path_b_bootstrap: BC epoch 24/25 step 251/300 | loss=0.24067 | batch shapes={'tiles': (64, 9, 10, 10), 'numeric': (64, 55), 'action_verb': (64,), 'action_crop': (64,), 'action_hands': (64, 6), 'action_market': (64, 10), 'reward': (64,), 'next_tiles': (64, 9, 10, 10), 'next_numeric': (64, 55), 'done': (64,), 'weights': (64,)}
2026-08-30 06:13:51,393 [DEBUG] path_b_bootstrap: BC epoch 24/25 step 300/300 | loss=0.22321 | batch shapes={'tiles': (64, 9, 10, 10), 'numeric': (64, 55), 'action_verb': (64,), 'action_crop': (64,), 'action_hands': (64, 6), 'action_market': (64, 10), 'reward': (64,), 'next_tiles': (64, 9, 10, 10), 'next_numeric': (64, 55), 'done': (64,), 'weights': (64,)}
2026-08-30 06:13:51,393 [INFO] path_b_bootstrap: BC epoch 24/25 | avg loss: 0.27763
2026-08-30 06:13:51,440 [DEBUG] path_b_bootstrap: BC epoch 25/25 step 1/300 | loss=0.30798 | batch shapes={'tiles': (64, 9, 10, 10), 'numeric': (64, 55), 'action_verb': (64,), 'action_crop': (64,), 'action_hands': (64, 6), 'action_market': (64, 10), 'reward': (64,), 'next_tiles': (64, 9, 10, 10), 'next_numeric': (64, 55), 'done': (64,), 'weights': (64,)}
2026-08-30 06:13:51,487 [DEBUG] path_b_bootstrap: BC epoch 25/25 step 2/300 | loss=0.24083 | batch shapes={'tiles': (64, 9, 10, 10), 'numeric': (64, 55), 'action_verb': (64,), 'action_crop': (64,), 'action_hands': (64, 6), 'action_market': (64, 10), 'reward': (64,), 'next_tiles': (64, 9, 10, 10), 'next_numeric': (64, 55), 'done': (64,), 'weights': (64,)}
2026-08-30 06:13:51,534 [DEBUG] path_b_bootstrap: BC epoch 25/25 step 3/300 | loss=0.22097 | batch shapes={'tiles': (64, 9, 10, 10), 'numeric': (64, 55), 'action_verb': (64,), 'action_crop': (64,), 'action_hands': (64, 6), 'action_market': (64, 10), 'reward': (64,), 'next_tiles': (64, 9, 10, 10), 'next_numeric': (64, 55), 'done': (64,), 'weights': (64,)}
2026-08-30 06:13:53,739 [DEBUG] path_b_bootstrap: BC epoch 25/25 step 51/300 | loss=0.31487 | batch shapes={'tiles': (64, 9, 10, 10), 'numeric': (64, 55), 'action_verb': (64,), 'action_crop': (64,), 'action_hands': (64, 6), 'action_market': (64, 10), 'reward': (64,), 'next_tiles': (64, 9, 10, 10), 'next_numeric': (64, 55), 'done': (64,), 'weights': (64,)}
2026-08-30 06:13:56,040 [DEBUG] path_b_bootstrap: BC epoch 25/25 step 101/300 | loss=0.25133 | batch shapes={'tiles': (64, 9, 10, 10), 'numeric': (64, 55), 'action_verb': (64,), 'action_crop': (64,), 'action_hands': (64, 6), 'action_market': (64, 10), 'reward': (64,), 'next_tiles': (64, 9, 10, 10), 'next_numeric': (64, 55), 'done': (64,), 'weights': (64,)}
2026-08-30 06:13:58,303 [DEBUG] path_b_bootstrap: BC epoch 25/25 step 151/300 | loss=0.25865 | batch shapes={'tiles': (64, 9, 10, 10), 'numeric': (64, 55), 'action_verb': (64,), 'action_crop': (64,), 'action_hands': (64, 6), 'action_market': (64, 10), 'reward': (64,), 'next_tiles': (64, 9, 10, 10), 'next_numeric': (64, 55), 'done': (64,), 'weights': (64,)}
2026-08-30 06:14:00,593 [DEBUG] path_b_bootstrap: BC epoch 25/25 step 201/300 | loss=0.24614 | batch shapes={'tiles': (64, 9, 10, 10), 'numeric': (64, 55), 'action_verb': (64,), 'action_crop': (64,), 'action_hands': (64, 6), 'action_market': (64, 10), 'reward': (64,), 'next_tiles': (64, 9, 10, 10), 'next_numeric': (64, 55), 'done': (64,), 'weights': (64,)}
2026-08-30 06:14:02,909 [DEBUG] path_b_bootstrap: BC epoch 25/25 step 251/300 | loss=0.26544 | batch shapes={'tiles': (64, 9, 10, 10), 'numeric': (64, 55), 'action_verb': (64,), 'action_crop': (64,), 'action_hands': (64, 6), 'action_market': (64, 10), 'reward': (64,), 'next_tiles': (64, 9, 10, 10), 'next_numeric': (64, 55), 'done': (64,), 'weights': (64,)}
2026-08-30 06:14:05,127 [DEBUG] path_b_bootstrap: BC epoch 25/25 step 300/300 | loss=0.35149 | batch shapes={'tiles': (64, 9, 10, 10), 'numeric': (64, 55), 'action_verb': (64,), 'action_crop': (64,), 'action_hands': (64, 6), 'action_market': (64, 10), 'reward': (64,), 'next_tiles': (64, 9, 10, 10), 'next_numeric': (64, 55), 'done': (64,), 'weights': (64,)}
2026-08-30 06:14:05,127 [INFO] path_b_bootstrap: BC epoch 25/25 | avg loss: 0.27337
2026-08-30 06:14:05,131 [INFO] kaggriculture_self_play_training: BC pretrain metrics saved to: /Users/sweeden/kagg/experiments/Hinesight Experience Replay for Double Q-Learning DQN SB3 Kaggriculture reinforcement learning/farm_bc_ladder/metrics/bc_pretrain.json
2026-08-30 06:14:07,176 [INFO] kaggriculture_self_play_training: Already completed 0 episodes (target 0). Running export/eval only.
2026-08-30 06:14:07,178 [INFO] kaggriculture_self_play_training: BC completed (25 epoch losses); self-play eps_start=0.12 (was 1.0 without BC)
2026-08-30 06:14:08,171 [DEBUG] kaggriculture_self_play_training: Self-play env: KaggleCompetitiveEnv max_steps=720 turns_per_cycle=24 use_kaggle=True
2026-08-30 06:14:08,205 [INFO] kaggriculture_self_play_training: Final model saved to: /Users/sweeden/kagg/experiments/Hinesight Experience Replay for Double Q-Learning DQN SB3 Kaggriculture reinforcement learning/farm_bc_ladder/models/model.pth
2026-08-30 06:14:08,209 [INFO] kaggriculture_self_play_training: Agent export saved to: /Users/sweeden/kagg/experiments/Hinesight Experience Replay for Double Q-Learning DQN SB3 Kaggriculture reinforcement learning/farm_bc_ladder/agent.py
2026-08-30 06:14:08,209 [INFO] kaggriculture_self_play_training: Episode metrics saved to: /Users/sweeden/kagg/experiments/Hinesight Experience Replay for Double Q-Learning DQN SB3 Kaggriculture reinforcement learning/farm_bc_ladder/metrics/episode_metrics.json
2026-08-30 06:14:08,209 [INFO] kaggriculture_self_play_training: Cumulative training progress saved to: /Users/sweeden/kagg/experiments/Hinesight Experience Replay for Double Q-Learning DQN SB3 Kaggriculture reinforcement learning/farm_bc_ladder/metrics/training_progress.json
2026-08-30 06:14:08,231 [INFO] visualize: Run stats/plots updated: 0 PNGs → /Users/sweeden/kagg/experiments/Hinesight Experience Replay for Double Q-Learning DQN SB3 Kaggriculture reinforcement learning/farm_bc_ladder/plots
2026-08-30 06:14:08,231 [INFO] kaggriculture_self_play_training: Trend plots updated (0 files) → /Users/sweeden/kagg/experiments/Hinesight Experience Replay for Double Q-Learning DQN SB3 Kaggriculture reinforcement learning/farm_bc_ladder/plots
2026-08-30 06:14:08,231 [INFO] kaggriculture_self_play_training: --- SELF-PLAY TRAINING LOOP COMPLETED ---
Finn smoke: avg_p0=$4.2 win=0% ties=0 gate=FAIL (need >3000.0)
Finn money gate failed — skipping long self-play. Inspect finn_smoke.json.
2026-08-30 06:14:15,740 [INFO] visualize: Run stats/plots updated: 0 PNGs → /Users/sweeden/kagg/experiments/Hinesight Experience Replay for Double Q-Learning DQN SB3 Kaggriculture reinforcement learning/farm_bc_ladder/plots
Plots: /Users/sweeden/kagg/experiments/Hinesight Experience Replay for Double Q-Learning DQN SB3 Kaggriculture reinforcement learning/farm_bc_ladder/plots
Successfully imported Kaggriculture Path B components.
=== Phase 2: low-ε self-play + ladder ===
2026-08-30 06:25:51,957 [INFO] kaggriculture_self_play_training: Experiment directory: /Users/sweeden/kagg/experiments/Hinesight Experience Replay for Double Q-Learning DQN SB3 Kaggriculture reinforcement learning/farm_bc_ladder
2026-08-30 06:25:51,963 [DEBUG] kaggriculture_self_play_training: Verbose debug logging enabled
2026-08-30 06:25:51,963 [DEBUG] kaggriculture_self_play_training: Training config: {
  "experiment_dir": "/Users/sweeden/kagg/experiments/Hinesight Experience Replay for Double Q-Learning DQN SB3 Kaggriculture reinforcement learning/farm_bc_ladder",
  "seed": 42,
  "device": "auto",
  "total_episodes": 36,
  "learning_start_episodes": 2,
  "batch_size": 32,
  "checkpoint_interval": 6,
  "use_kaggle_env": true,
  "kinematic_phase_a": 3,
  "kinematic_phase_b": 4,
  "kinematic_phase_c": 6,
  "turns_per_cycle": 24,
  "cycles_per_episode": 30,
  "max_episode_steps": 720,
  "n_eval_episodes": 10,
  "bootstrap_episodes": null,
  "bootstrap_transitions": 50000,
  "data_dir": "/Users/sweeden/kagg/working/kaggle_episodes",
  "download_bootstrap": false,
  "bc_epochs": 0,
  "bc_batch_size": 64,
  "bc_steps_per_epoch": 0,
  "buffer_capacity": 50000,
  "metadata_path": "/Users/sweeden/kagg/working/kaggle_episodes/metadata.json",
  "bootstrap_top_per_day": 40,
  "bootstrap_passes": 1,
  "bc_epochs_per_pass": 0,
  "verbose": true,
  "code_src": "/Users/sweeden/kagg/datasets/scottweeden/self-training-code",
  "bootstrap_mode": "daily_incremental",
  "bootstrap_days_per_run": 1,
  "publish_code_dataset": false,
  "opponents_dir": "/Users/sweeden/kagg/opponents",
  "ladder_eval_episodes": 10,
  "ladder_win_rate_target": 0.5,
  "min_self_play_episodes": 36,
  "timestamp": "2026-08-30T06:25:51.957220",
  "resumed_from": "/Users/sweeden/kagg/experiments/Hinesight Experience Replay for Double Q-Learning DQN SB3 Kaggriculture reinforcement learning/farm_bc_ladder/checkpoints/training_state_latest.pt"
}
2026-08-30 06:25:51,977 [INFO] kaggriculture_self_play_training: Self-play pipeline running on device: mps
2026-08-30 06:25:52,036 [DEBUG] kaggriculture_self_play_training: Model init: HierarchicalDQNBranching params=1716765 (1.72M) buffer_capacity=50000
2026-08-30 06:25:52,778 [INFO] kaggriculture_self_play_training: Reward phase gates: {'mode': 'kinematic_invest_liquidate_mix', 'season_days': 30, 'hours_per_day': 24, 'invest_liquidate_start': [0.25, 0.75], 'invest_liquidate_end': [0.75, 0.25], 'mix_bonus_scale': 0.8, 'schedule_affinity': 0.25, 'turns_per_day_ref': 24}
2026-08-30 06:25:53,606 [WARNING] kaggriculture_self_play_training: Resume config mismatch for learning_start_episodes: saved=0 cli=2 (using CLI value)
2026-08-30 06:25:53,606 [INFO] kaggriculture_self_play_training: Resumed full training state from /Users/sweeden/kagg/experiments/Hinesight Experience Replay for Double Q-Learning DQN SB3 Kaggriculture reinforcement learning/farm_bc_ladder/checkpoints/training_state_latest.pt (completed episode 0, buffer=25000, pool=1)
2026-08-30 06:25:53,606 [DEBUG] kaggriculture_self_play_training: Bootstrap phase: mode=daily_incremental episodes=None passes=1 transitions=50000 metadata=/Users/sweeden/kagg/working/kaggle_episodes/metadata.json
2026-08-30 06:25:53,609 [INFO] path_b_bootstrap: Incremental daily bootstrap: adding 1 day(s) ['2026-08-16'] (1/2 dates already done)
2026-08-30 06:25:53,614 [INFO] path_b_bootstrap: Bootstrap day 2026-08-16: 22 episodes (streaming BC, top_per_day=40)
2026-08-30 06:26:00,629 [INFO] path_b_bootstrap: Bootstrap state saved: 2 days bootstrapped → /Users/sweeden/kagg/experiments/Hinesight Experience Replay for Double Q-Learning DQN SB3 Kaggriculture reinforcement learning/farm_bc_ladder/metrics/bootstrap_state.json
2026-08-30 06:26:00,630 [INFO] path_b_bootstrap: Marked day bootstrapped: 2026-08-16 (2 days total)
2026-08-30 06:26:00,630 [INFO] path_b_bootstrap: Bootstrap state saved: 2 days bootstrapped → /Users/sweeden/kagg/experiments/Hinesight Experience Replay for Double Q-Learning DQN SB3 Kaggriculture reinforcement learning/farm_bc_ladder/metrics/bootstrap_state.json
2026-08-30 06:26:00,630 [INFO] kaggriculture_self_play_training: Replay buffer size after bootstrap: 25000
2026-08-30 06:26:02,826 [INFO] kaggriculture_self_play_training: Using prior BC metrics (25 epoch losses) for low-ε self-play
2026-08-30 06:26:02,826 [INFO] kaggriculture_self_play_training: BC completed (25 epoch losses); self-play eps_start=0.12 (was 1.0 without BC)
2026-08-30 06:26:04,004 [DEBUG] kaggriculture_self_play_training: Self-play env: KaggleCompetitiveEnv max_steps=720 turns_per_cycle=24 use_kaggle=True
2026-08-30 06:26:04,004 [INFO] kaggriculture_self_play_training: --- BEGINNING KAGGRICULTURE SELF-PLAY PIPELINE (episodes 1 → 36) ---
2026-08-30 06:26:04,071 [DEBUG] kaggriculture_self_play_training: === Episode 1/36 | opponent=/Users/sweeden/kagg/experiments/Hinesight Experience Replay for Double Q-Learning DQN SB3 Kaggriculture reinforcement learning/farm_bc_ladder/checkpoints/checkpoint_ep_0.pt | eps=0.120 | buffer=25000 ===
2026-08-30 06:26:04,080 [DEBUG] kaggriculture_self_play_training: Ep 1 step 0 obs: tiles=(1, 9, 10, 10) numeric=(1, 55) valid_verbs=3 valid_crops=0 valid_market=4
2026-08-30 06:26:04,505 [DEBUG] kaggriculture_self_play_training: Ep 1 step 0: verb=7 crop=0 raw_r=-0.100 shaped_r=-0.825 done=False buffer=25001 learn=False
2026-08-30 06:26:04,520 [DEBUG] kaggriculture_self_play_training: Ep 1 step 1: verb=5 crop=0 raw_r=0.000 shaped_r=-0.544 done=False buffer=25002 learn=False
2026-08-30 06:26:04,546 [DEBUG] kaggriculture_self_play_training: Ep 1 step 2: verb=3 crop=0 raw_r=0.000 shaped_r=-0.343 done=False buffer=25003 learn=False
2026-08-30 06:26:07,004 [DEBUG] kaggriculture_self_play_training: Ep 1 step 100: verb=2 crop=0 raw_r=0.000 shaped_r=0.218 done=False buffer=25101 learn=False
2026-08-30 06:26:09,488 [DEBUG] kaggriculture_self_play_training: Ep 1 step 200: verb=4 crop=0 raw_r=0.000 shaped_r=0.352 done=False buffer=25201 learn=False
2026-08-30 06:26:11,708 [DEBUG] kaggriculture_self_play_training: Ep 1 step 300: verb=4 crop=0 raw_r=0.000 shaped_r=0.141 done=False buffer=25301 learn=False
2026-08-30 06:26:13,915 [DEBUG] kaggriculture_self_play_training: Ep 1 step 400: verb=3 crop=0 raw_r=-0.200 shaped_r=0.312 done=False buffer=25401 learn=False
2026-08-30 06:26:15,939 [DEBUG] kaggriculture_self_play_training: Ep 1 step 500: verb=7 crop=0 raw_r=0.000 shaped_r=0.212 done=False buffer=25501 learn=False
2026-08-30 06:26:17,892 [DEBUG] kaggriculture_self_play_training: Ep 1 step 600: verb=1 crop=0 raw_r=0.000 shaped_r=0.606 done=False buffer=25601 learn=False
2026-08-30 06:26:20,235 [DEBUG] kaggriculture_self_play_training: Ep 1 step 700: verb=4 crop=0 raw_r=0.000 shaped_r=-0.531 done=False buffer=25701 learn=False
2026-08-30 06:26:20,683 [INFO] kaggriculture_self_play_training: Episode 01/36 | Epsilon: 0.120 | Buffer Size: 25719 | Raw Reward: -30.00 | Shaped Reward: 35.02 | Avg Loss: 0.00000
2026-08-30 06:26:22,691 [DEBUG] kaggriculture_self_play_training: === Episode 2/36 | opponent=/Users/sweeden/kagg/experiments/Hinesight Experience Replay for Double Q-Learning DQN SB3 Kaggriculture reinforcement learning/farm_bc_ladder/checkpoints/checkpoint_ep_0.pt | eps=0.120 | buffer=25719 ===
2026-08-30 06:26:22,709 [DEBUG] kaggriculture_self_play_training: Ep 2 step 0 obs: tiles=(1, 9, 10, 10) numeric=(1, 55) valid_verbs=3 valid_crops=0 valid_market=4
2026-08-30 06:26:22,745 [DEBUG] kaggriculture_self_play_training: Ep 2 step 0: verb=7 crop=0 raw_r=-0.100 shaped_r=-0.825 done=False buffer=25720 learn=False
2026-08-30 06:26:22,772 [DEBUG] kaggriculture_self_play_training: Ep 2 step 1: verb=3 crop=0 raw_r=0.000 shaped_r=-0.544 done=False buffer=25721 learn=False
2026-08-30 06:26:22,798 [DEBUG] kaggriculture_self_play_training: Ep 2 step 2: verb=2 crop=0 raw_r=-0.100 shaped_r=-0.443 done=False buffer=25722 learn=False
2026-08-30 06:26:25,186 [DEBUG] kaggriculture_self_play_training: Ep 2 step 100: verb=4 crop=0 raw_r=0.000 shaped_r=3.504 done=False buffer=25820 learn=False
2026-08-30 06:26:27,730 [DEBUG] kaggriculture_self_play_training: Ep 2 step 200: verb=4 crop=0 raw_r=0.000 shaped_r=0.020 done=False buffer=25920 learn=False
2026-08-30 06:26:29,974 [DEBUG] kaggriculture_self_play_training: Ep 2 step 300: verb=4 crop=0 raw_r=0.000 shaped_r=-0.057 done=False buffer=26020 learn=False
2026-08-30 06:26:32,256 [DEBUG] kaggriculture_self_play_training: Ep 2 step 400: verb=4 crop=0 raw_r=0.000 shaped_r=-0.255 done=False buffer=26120 learn=False
2026-08-30 06:26:34,579 [DEBUG] kaggriculture_self_play_training: Ep 2 step 500: verb=4 crop=0 raw_r=0.000 shaped_r=-0.171 done=False buffer=26220 learn=False
2026-08-30 06:26:36,859 [DEBUG] kaggriculture_self_play_training: Ep 2 step 600: verb=1 crop=0 raw_r=0.440 shaped_r=0.442 done=False buffer=26320 learn=False
2026-08-30 06:26:39,164 [DEBUG] kaggriculture_self_play_training: Ep 2 step 700: verb=4 crop=0 raw_r=0.000 shaped_r=-0.512 done=False buffer=26420 learn=False
2026-08-30 06:26:39,612 [INFO] kaggriculture_self_play_training: Episode 02/36 | Epsilon: 0.120 | Buffer Size: 26438 | Raw Reward: -29.95 | Shaped Reward: 289.48 | Avg Loss: 0.00000
2026-08-30 06:26:41,712 [DEBUG] kaggriculture_self_play_training: === Episode 3/36 | opponent=/Users/sweeden/kagg/experiments/Hinesight Experience Replay for Double Q-Learning DQN SB3 Kaggriculture reinforcement learning/farm_bc_ladder/checkpoints/checkpoint_ep_0.pt | eps=0.117 | buffer=26438 ===
2026-08-30 06:26:41,729 [DEBUG] kaggriculture_self_play_training: Ep 3 step 0 obs: tiles=(1, 9, 10, 10) numeric=(1, 55) valid_verbs=3 valid_crops=0 valid_market=4
2026-08-30 06:26:41,759 [DEBUG] kaggriculture_self_play_training: Ep 3 step 0: verb=7 crop=0 raw_r=-0.100 shaped_r=-0.825 done=False buffer=26439 learn=True
2026-08-30 06:26:42,302 [DEBUG] kaggriculture_self_play_training: Ep 3 step 1 DQN update: loss=903.01178 batch=32 priorities_updated=32
2026-08-30 06:26:42,302 [INFO] kaggriculture_self_play_training: PER: TD-error priority reweighting applied (n=32 td_mean=903.01178 td_max=1647.58655)
2026-08-30 06:26:42,335 [DEBUG] kaggriculture_self_play_training: Ep 3 step 1: verb=3 crop=0 raw_r=0.000 shaped_r=-0.544 done=False buffer=26440 learn=True
2026-08-30 06:26:42,407 [DEBUG] kaggriculture_self_play_training: Ep 3 step 2 DQN update: loss=833.36981 batch=32 priorities_updated=32
2026-08-30 06:26:42,431 [DEBUG] kaggriculture_self_play_training: Ep 3 step 2: verb=2 crop=0 raw_r=-0.100 shaped_r=-0.443 done=False buffer=26441 learn=True
2026-08-30 06:26:42,500 [DEBUG] kaggriculture_self_play_training: Ep 3 step 3 DQN update: loss=763.94940 batch=32 priorities_updated=32
2026-08-30 06:26:51,112 [DEBUG] kaggriculture_self_play_training: Ep 3 step 100 DQN update: loss=34.92737 batch=32 priorities_updated=32
2026-08-30 06:26:51,136 [DEBUG] kaggriculture_self_play_training: Ep 3 step 100: verb=4 crop=0 raw_r=0.000 shaped_r=0.054 done=False buffer=26539 learn=True
2026-08-30 06:27:00,494 [DEBUG] kaggriculture_self_play_training: Ep 3 step 200 DQN update: loss=9.52919 batch=32 priorities_updated=32
2026-08-30 06:27:00,517 [DEBUG] kaggriculture_self_play_training: Ep 3 step 200: verb=4 crop=0 raw_r=0.000 shaped_r=0.098 done=False buffer=26639 learn=True
2026-08-30 06:27:09,153 [DEBUG] kaggriculture_self_play_training: Ep 3 step 300 DQN update: loss=15.66201 batch=32 priorities_updated=32
2026-08-30 06:27:09,175 [DEBUG] kaggriculture_self_play_training: Ep 3 step 300: verb=4 crop=0 raw_r=0.000 shaped_r=0.006 done=False buffer=26739 learn=True
2026-08-30 06:27:17,760 [DEBUG] kaggriculture_self_play_training: Ep 3 step 400 DQN update: loss=12.03898 batch=32 priorities_updated=32
2026-08-30 06:27:17,771 [DEBUG] kaggriculture_self_play_training: Ep 3 step 400: verb=6 crop=0 raw_r=0.000 shaped_r=-0.005 done=False buffer=26839 learn=True
2026-08-30 06:27:26,499 [DEBUG] kaggriculture_self_play_training: Ep 3 step 500 DQN update: loss=13.80210 batch=32 priorities_updated=32
2026-08-30 06:27:26,523 [DEBUG] kaggriculture_self_play_training: Ep 3 step 500: verb=3 crop=0 raw_r=0.000 shaped_r=0.074 done=False buffer=26939 learn=True
2026-08-30 06:27:35,241 [DEBUG] kaggriculture_self_play_training: Ep 3 step 600 DQN update: loss=16.21834 batch=32 priorities_updated=32
2026-08-30 06:27:35,263 [DEBUG] kaggriculture_self_play_training: Ep 3 step 600: verb=7 crop=0 raw_r=0.000 shaped_r=0.158 done=False buffer=27039 learn=True
2026-08-30 06:27:43,756 [DEBUG] kaggriculture_self_play_training: Ep 3 step 700 DQN update: loss=15.05501 batch=32 priorities_updated=32
2026-08-30 06:27:43,780 [DEBUG] kaggriculture_self_play_training: Ep 3 step 700: verb=4 crop=0 raw_r=0.000 shaped_r=-0.247 done=False buffer=27139 learn=True
2026-08-30 06:27:45,555 [INFO] kaggriculture_self_play_training: Episode 03/36 | Epsilon: 0.117 | Buffer Size: 27157 | Raw Reward: -29.96 | Shaped Reward: 32.17 | Avg Loss: 45.74093
2026-08-30 06:27:47,881 [DEBUG] kaggriculture_self_play_training: === Episode 4/36 | opponent=/Users/sweeden/kagg/experiments/Hinesight Experience Replay for Double Q-Learning DQN SB3 Kaggriculture reinforcement learning/farm_bc_ladder/checkpoints/checkpoint_ep_0.pt | eps=0.115 | buffer=27157 ===
2026-08-30 06:27:47,899 [DEBUG] kaggriculture_self_play_training: Ep 4 step 0 obs: tiles=(1, 9, 10, 10) numeric=(1, 55) valid_verbs=3 valid_crops=0 valid_market=4
2026-08-30 06:27:47,948 [DEBUG] kaggriculture_self_play_training: Ep 4 step 0: verb=7 crop=0 raw_r=-1.430 shaped_r=-2.155 done=False buffer=27158 learn=True
2026-08-30 06:27:48,061 [DEBUG] kaggriculture_self_play_training: Ep 4 step 1 DQN update: loss=19.08490 batch=32 priorities_updated=32
2026-08-30 06:27:48,061 [INFO] kaggriculture_self_play_training: PER: TD-error priority reweighting applied (n=32 td_mean=56.21872 td_max=799.01379)
2026-08-30 06:27:48,088 [DEBUG] kaggriculture_self_play_training: Ep 4 step 1: verb=7 crop=0 raw_r=-14.630 shaped_r=-15.440 done=False buffer=27159 learn=True
2026-08-30 06:27:48,163 [DEBUG] kaggriculture_self_play_training: Ep 4 step 2 DQN update: loss=17.16155 batch=32 priorities_updated=32
2026-08-30 06:27:48,187 [DEBUG] kaggriculture_self_play_training: Ep 4 step 2: verb=7 crop=0 raw_r=-9.870 shaped_r=-13.405 done=False buffer=27160 learn=True
2026-08-30 06:27:48,253 [DEBUG] kaggriculture_self_play_training: Ep 4 step 3 DQN update: loss=20.85297 batch=32 priorities_updated=32
2026-08-30 06:27:56,810 [DEBUG] kaggriculture_self_play_training: Ep 4 step 100 DQN update: loss=32.00421 batch=32 priorities_updated=32
2026-08-30 06:27:56,832 [DEBUG] kaggriculture_self_play_training: Ep 4 step 100: verb=3 crop=0 raw_r=0.000 shaped_r=0.026 done=False buffer=27258 learn=True
2026-08-30 06:28:05,379 [DEBUG] kaggriculture_self_play_training: Ep 4 step 200 DQN update: loss=17.30181 batch=32 priorities_updated=32
2026-08-30 06:28:05,402 [DEBUG] kaggriculture_self_play_training: Ep 4 step 200: verb=4 crop=0 raw_r=0.000 shaped_r=0.154 done=False buffer=27358 learn=True
2026-08-30 06:28:13,950 [DEBUG] kaggriculture_self_play_training: Ep 4 step 300 DQN update: loss=35.54292 batch=32 priorities_updated=32
2026-08-30 06:28:13,972 [DEBUG] kaggriculture_self_play_training: Ep 4 step 300: verb=3 crop=0 raw_r=0.000 shaped_r=-0.092 done=False buffer=27458 learn=True
2026-08-30 06:28:23,286 [DEBUG] kaggriculture_self_play_training: Ep 4 step 400 DQN update: loss=25.33892 batch=32 priorities_updated=32
2026-08-30 06:28:23,308 [DEBUG] kaggriculture_self_play_training: Ep 4 step 400: verb=6 crop=0 raw_r=0.000 shaped_r=-0.100 done=False buffer=27558 learn=True
2026-08-30 06:28:32,178 [DEBUG] kaggriculture_self_play_training: Ep 4 step 500 DQN update: loss=24.14100 batch=32 priorities_updated=32
2026-08-30 06:28:32,200 [DEBUG] kaggriculture_self_play_training: Ep 4 step 500: verb=5 crop=0 raw_r=0.000 shaped_r=-0.012 done=False buffer=27658 learn=True
2026-08-30 06:28:41,719 [DEBUG] kaggriculture_self_play_training: Ep 4 step 600 DQN update: loss=29.96145 batch=32 priorities_updated=32
2026-08-30 06:28:41,745 [DEBUG] kaggriculture_self_play_training: Ep 4 step 600: verb=7 crop=0 raw_r=0.000 shaped_r=0.100 done=False buffer=27758 learn=True
2026-08-30 06:28:50,314 [DEBUG] kaggriculture_self_play_training: Ep 4 step 700 DQN update: loss=15.30360 batch=32 priorities_updated=32
2026-08-30 06:28:50,336 [DEBUG] kaggriculture_self_play_training: Ep 4 step 700: verb=7 crop=0 raw_r=0.000 shaped_r=0.176 done=False buffer=27858 learn=True
2026-08-30 06:28:52,000 [INFO] kaggriculture_self_play_training: Episode 04/36 | Epsilon: 0.115 | Buffer Size: 27876 | Raw Reward: -29.91 | Shaped Reward: -38.51 | Avg Loss: 25.21198
2026-08-30 06:28:54,280 [DEBUG] kaggriculture_self_play_training: === Episode 5/36 | opponent=online-self | eps=0.112 | buffer=27876 ===
2026-08-30 06:28:54,296 [DEBUG] kaggriculture_self_play_training: Ep 5 step 0 obs: tiles=(1, 9, 10, 10) numeric=(1, 55) valid_verbs=3 valid_crops=0 valid_market=4
2026-08-30 06:28:54,347 [DEBUG] kaggriculture_self_play_training: Ep 5 step 0: verb=7 crop=0 raw_r=-0.200 shaped_r=-0.925 done=False buffer=27877 learn=True
2026-08-30 06:28:54,422 [DEBUG] kaggriculture_self_play_training: Ep 5 step 1 DQN update: loss=21.21280 batch=32 priorities_updated=32
2026-08-30 06:28:54,422 [INFO] kaggriculture_self_play_training: PER: TD-error priority reweighting applied (n=32 td_mean=61.22085 td_max=519.64111)
2026-08-30 06:28:54,443 [DEBUG] kaggriculture_self_play_training: Ep 5 step 1: verb=7 crop=0 raw_r=0.000 shaped_r=0.000 done=False buffer=27878 learn=True
2026-08-30 06:28:54,502 [DEBUG] kaggriculture_self_play_training: Ep 5 step 2 DQN update: loss=36.89741 batch=32 priorities_updated=32
2026-08-30 06:28:54,523 [DEBUG] kaggriculture_self_play_training: Ep 5 step 2: verb=7 crop=0 raw_r=0.000 shaped_r=0.000 done=False buffer=27879 learn=True
2026-08-30 06:28:54,585 [DEBUG] kaggriculture_self_play_training: Ep 5 step 3 DQN update: loss=26.21095 batch=32 priorities_updated=32
2026-08-30 06:29:02,357 [DEBUG] kaggriculture_self_play_training: Ep 5 step 100 DQN update: loss=33.04893 batch=32 priorities_updated=32
2026-08-30 06:29:02,383 [DEBUG] kaggriculture_self_play_training: Ep 5 step 100: verb=5 crop=1 raw_r=0.000 shaped_r=-5.770 done=False buffer=27977 learn=True
2026-08-30 06:29:10,695 [DEBUG] kaggriculture_self_play_training: Ep 5 step 200 DQN update: loss=12.87484 batch=32 priorities_updated=32
2026-08-30 06:29:10,718 [DEBUG] kaggriculture_self_play_training: Ep 5 step 200: verb=3 crop=0 raw_r=0.000 shaped_r=-5.434 done=False buffer=28077 learn=True
2026-08-30 06:29:19,464 [DEBUG] kaggriculture_self_play_training: Ep 5 step 300 DQN update: loss=39.51619 batch=32 priorities_updated=32
2026-08-30 06:29:19,488 [DEBUG] kaggriculture_self_play_training: Ep 5 step 300: verb=5 crop=0 raw_r=0.000 shaped_r=-4.350 done=False buffer=28177 learn=True
2026-08-30 06:29:27,972 [DEBUG] kaggriculture_self_play_training: Ep 5 step 400 DQN update: loss=15.36558 batch=32 priorities_updated=32
2026-08-30 06:29:27,996 [DEBUG] kaggriculture_self_play_training: Ep 5 step 400: verb=6 crop=0 raw_r=0.000 shaped_r=-3.374 done=False buffer=28277 learn=True
2026-08-30 06:29:36,692 [DEBUG] kaggriculture_self_play_training: Ep 5 step 500 DQN update: loss=17.88195 batch=32 priorities_updated=32
2026-08-30 06:29:36,714 [DEBUG] kaggriculture_self_play_training: Ep 5 step 500: verb=5 crop=0 raw_r=0.000 shaped_r=-1.547 done=False buffer=28377 learn=True
2026-08-30 06:29:45,517 [DEBUG] kaggriculture_self_play_training: Ep 5 step 600 DQN update: loss=20.54562 batch=32 priorities_updated=32
2026-08-30 06:29:45,542 [DEBUG] kaggriculture_self_play_training: Ep 5 step 600: verb=7 crop=0 raw_r=0.000 shaped_r=0.068 done=False buffer=28477 learn=True
2026-08-30 06:29:54,554 [DEBUG] kaggriculture_self_play_training: Ep 5 step 700 DQN update: loss=19.25479 batch=32 priorities_updated=32
2026-08-30 06:29:54,578 [DEBUG] kaggriculture_self_play_training: Ep 5 step 700: verb=7 crop=0 raw_r=0.000 shaped_r=0.164 done=False buffer=28577 learn=True
2026-08-30 06:29:56,265 [INFO] kaggriculture_self_play_training: Episode 05/36 | Epsilon: 0.112 | Buffer Size: 28595 | Raw Reward: -29.93 | Shaped Reward: -2205.84 | Avg Loss: 25.62593
2026-08-30 06:29:59,028 [DEBUG] kaggriculture_self_play_training: === Episode 6/36 | opponent=/Users/sweeden/kagg/experiments/Hinesight Experience Replay for Double Q-Learning DQN SB3 Kaggriculture reinforcement learning/farm_bc_ladder/checkpoints/checkpoint_ep_0.pt | eps=0.109 | buffer=28595 ===
2026-08-30 06:29:59,046 [DEBUG] kaggriculture_self_play_training: Ep 6 step 0 obs: tiles=(1, 9, 10, 10) numeric=(1, 55) valid_verbs=3 valid_crops=0 valid_market=4
2026-08-30 06:29:59,094 [DEBUG] kaggriculture_self_play_training: Ep 6 step 0: verb=7 crop=0 raw_r=-1.000 shaped_r=-1.725 done=False buffer=28596 learn=True
2026-08-30 06:29:59,187 [DEBUG] kaggriculture_self_play_training: Ep 6 step 1 DQN update: loss=13.05854 batch=32 priorities_updated=32
2026-08-30 06:29:59,187 [INFO] kaggriculture_self_play_training: PER: TD-error priority reweighting applied (n=32 td_mean=34.82689 td_max=233.23926)
2026-08-30 06:29:59,214 [DEBUG] kaggriculture_self_play_training: Ep 6 step 1: verb=7 crop=0 raw_r=0.000 shaped_r=0.000 done=False buffer=28597 learn=True
2026-08-30 06:29:59,284 [DEBUG] kaggriculture_self_play_training: Ep 6 step 2 DQN update: loss=22.28213 batch=32 priorities_updated=32
2026-08-30 06:29:59,306 [DEBUG] kaggriculture_self_play_training: Ep 6 step 2: verb=7 crop=0 raw_r=0.000 shaped_r=0.200 done=False buffer=28598 learn=True
2026-08-30 06:29:59,370 [DEBUG] kaggriculture_self_play_training: Ep 6 step 3 DQN update: loss=23.35947 batch=32 priorities_updated=32
2026-08-30 06:30:08,158 [DEBUG] kaggriculture_self_play_training: Ep 6 step 100 DQN update: loss=21.84971 batch=32 priorities_updated=32
2026-08-30 06:30:08,171 [DEBUG] kaggriculture_self_play_training: Ep 6 step 100: verb=0 crop=0 raw_r=-0.100 shaped_r=0.346 done=False buffer=28696 learn=True
2026-08-30 06:30:16,934 [DEBUG] kaggriculture_self_play_training: Ep 6 step 200 DQN update: loss=18.26253 batch=32 priorities_updated=32
2026-08-30 06:30:16,958 [DEBUG] kaggriculture_self_play_training: Ep 6 step 200: verb=4 crop=0 raw_r=0.000 shaped_r=0.458 done=False buffer=28796 learn=True
2026-08-30 06:30:25,880 [DEBUG] kaggriculture_self_play_training: Ep 6 step 300 DQN update: loss=20.10616 batch=32 priorities_updated=32
2026-08-30 06:30:25,904 [DEBUG] kaggriculture_self_play_training: Ep 6 step 300: verb=4 crop=0 raw_r=0.000 shaped_r=0.100 done=False buffer=28896 learn=True
2026-08-30 06:30:35,273 [DEBUG] kaggriculture_self_play_training: Ep 6 step 400 DQN update: loss=23.85861 batch=32 priorities_updated=32
2026-08-30 06:30:35,298 [DEBUG] kaggriculture_self_play_training: Ep 6 step 400: verb=4 crop=0 raw_r=0.000 shaped_r=-0.029 done=False buffer=28996 learn=True
2026-08-30 06:30:44,216 [DEBUG] kaggriculture_self_play_training: Ep 6 step 500 DQN update: loss=21.20020 batch=32 priorities_updated=32
2026-08-30 06:30:44,238 [DEBUG] kaggriculture_self_play_training: Ep 6 step 500: verb=4 crop=0 raw_r=0.000 shaped_r=-0.105 done=False buffer=29096 learn=True
2026-08-30 06:30:52,752 [DEBUG] kaggriculture_self_play_training: Ep 6 step 600 DQN update: loss=20.72229 batch=32 priorities_updated=32
2026-08-30 06:30:52,775 [DEBUG] kaggriculture_self_play_training: Ep 6 step 600: verb=7 crop=0 raw_r=0.000 shaped_r=0.002 done=False buffer=29196 learn=True
2026-08-30 06:31:01,513 [DEBUG] kaggriculture_self_play_training: Ep 6 step 700 DQN update: loss=23.76741 batch=32 priorities_updated=32
2026-08-30 06:31:01,534 [DEBUG] kaggriculture_self_play_training: Ep 6 step 700: verb=7 crop=0 raw_r=0.000 shaped_r=0.350 done=False buffer=29296 learn=True
2026-08-30 06:31:03,409 [INFO] kaggriculture_self_play_training: Episode 06/36 | Epsilon: 0.109 | Buffer Size: 29314 | Raw Reward: -29.96 | Shaped Reward: 357.28 | Avg Loss: 25.39725
[Self-Play] Saved agent checkpoint to: /Users/sweeden/kagg/experiments/Hinesight Experience Replay for Double Q-Learning DQN SB3 Kaggriculture reinforcement learning/farm_bc_ladder/checkpoints/checkpoint_ep_6.pt
[Self-Play] Opponent pool size: 2
2026-08-30 06:31:05,874 [DEBUG] kaggriculture_self_play_training: === Episode 7/36 | opponent=/Users/sweeden/kagg/experiments/Hinesight Experience Replay for Double Q-Learning DQN SB3 Kaggriculture reinforcement learning/farm_bc_ladder/checkpoints/checkpoint_ep_6.pt | eps=0.107 | buffer=29314 ===
2026-08-30 06:31:05,891 [DEBUG] kaggriculture_self_play_training: Ep 7 step 0 obs: tiles=(1, 9, 10, 10) numeric=(1, 55) valid_verbs=3 valid_crops=0 valid_market=4
2026-08-30 06:31:05,937 [DEBUG] kaggriculture_self_play_training: Ep 7 step 0: verb=7 crop=0 raw_r=-1.000 shaped_r=-1.725 done=False buffer=29315 learn=True
2026-08-30 06:31:06,013 [DEBUG] kaggriculture_self_play_training: Ep 7 step 1 DQN update: loss=24.08314 batch=32 priorities_updated=32
2026-08-30 06:31:06,014 [INFO] kaggriculture_self_play_training: PER: TD-error priority reweighting applied (n=32 td_mean=45.78558 td_max=197.26456)
2026-08-30 06:31:06,037 [DEBUG] kaggriculture_self_play_training: Ep 7 step 1: verb=7 crop=0 raw_r=-1.000 shaped_r=-1.724 done=False buffer=29316 learn=True
2026-08-30 06:31:06,104 [DEBUG] kaggriculture_self_play_training: Ep 7 step 2 DQN update: loss=31.34230 batch=32 priorities_updated=32
2026-08-30 06:31:06,128 [DEBUG] kaggriculture_self_play_training: Ep 7 step 2: verb=7 crop=0 raw_r=-1.000 shaped_r=-1.723 done=False buffer=29317 learn=True
2026-08-30 06:31:06,195 [DEBUG] kaggriculture_self_play_training: Ep 7 step 3 DQN update: loss=17.12305 batch=32 priorities_updated=32
2026-08-30 06:31:15,359 [DEBUG] kaggriculture_self_play_training: Ep 7 step 100 DQN update: loss=9.48595 batch=32 priorities_updated=32
2026-08-30 06:31:15,383 [DEBUG] kaggriculture_self_play_training: Ep 7 step 100: verb=4 crop=0 raw_r=0.000 shaped_r=0.252 done=False buffer=29415 learn=True
2026-08-30 06:31:24,721 [DEBUG] kaggriculture_self_play_training: Ep 7 step 200 DQN update: loss=25.50987 batch=32 priorities_updated=32
2026-08-30 06:31:24,732 [DEBUG] kaggriculture_self_play_training: Ep 7 step 200: verb=3 crop=0 raw_r=-0.100 shaped_r=-0.275 done=False buffer=29515 learn=True
2026-08-30 06:31:33,971 [DEBUG] kaggriculture_self_play_training: Ep 7 step 300 DQN update: loss=24.31421 batch=32 priorities_updated=32
2026-08-30 06:31:33,996 [DEBUG] kaggriculture_self_play_training: Ep 7 step 300: verb=4 crop=0 raw_r=0.000 shaped_r=0.008 done=False buffer=29615 learn=True
2026-08-30 06:31:43,129 [DEBUG] kaggriculture_self_play_training: Ep 7 step 400 DQN update: loss=18.48519 batch=32 priorities_updated=32
2026-08-30 06:31:43,156 [DEBUG] kaggriculture_self_play_training: Ep 7 step 400: verb=4 crop=0 raw_r=0.000 shaped_r=0.014 done=False buffer=29715 learn=True
2026-08-30 06:31:52,572 [DEBUG] kaggriculture_self_play_training: Ep 7 step 500 DQN update: loss=21.73403 batch=32 priorities_updated=32
2026-08-30 06:31:52,596 [DEBUG] kaggriculture_self_play_training: Ep 7 step 500: verb=4 crop=0 raw_r=0.000 shaped_r=-0.001 done=False buffer=29815 learn=True
2026-08-30 06:32:02,126 [DEBUG] kaggriculture_self_play_training: Ep 7 step 600 DQN update: loss=28.59534 batch=32 priorities_updated=32
2026-08-30 06:32:02,140 [DEBUG] kaggriculture_self_play_training: Ep 7 step 600: verb=3 crop=0 raw_r=0.000 shaped_r=0.178 done=False buffer=29915 learn=True
2026-08-30 06:32:11,191 [DEBUG] kaggriculture_self_play_training: Ep 7 step 700 DQN update: loss=34.17488 batch=32 priorities_updated=32
2026-08-30 06:32:11,214 [DEBUG] kaggriculture_self_play_training: Ep 7 step 700: verb=7 crop=0 raw_r=0.000 shaped_r=0.018 done=False buffer=30015 learn=True
2026-08-30 06:32:12,884 [INFO] kaggriculture_self_play_training: Episode 07/36 | Epsilon: 0.107 | Buffer Size: 30033 | Raw Reward: -29.91 | Shaped Reward: 77.89 | Avg Loss: 23.92449
2026-08-30 06:32:15,465 [DEBUG] kaggriculture_self_play_training: === Episode 8/36 | opponent=/Users/sweeden/kagg/experiments/Hinesight Experience Replay for Double Q-Learning DQN SB3 Kaggriculture reinforcement learning/farm_bc_ladder/checkpoints/checkpoint_ep_0.pt | eps=0.104 | buffer=30033 ===
2026-08-30 06:32:15,482 [DEBUG] kaggriculture_self_play_training: Ep 8 step 0 obs: tiles=(1, 9, 10, 10) numeric=(1, 55) valid_verbs=3 valid_crops=0 valid_market=4
2026-08-30 06:32:15,534 [DEBUG] kaggriculture_self_play_training: Ep 8 step 0: verb=7 crop=0 raw_r=-1.000 shaped_r=-1.725 done=False buffer=30034 learn=True
2026-08-30 06:32:15,656 [DEBUG] kaggriculture_self_play_training: Ep 8 step 1 DQN update: loss=36.18289 batch=32 priorities_updated=32
2026-08-30 06:32:15,656 [INFO] kaggriculture_self_play_training: PER: TD-error priority reweighting applied (n=32 td_mean=81.90007 td_max=715.17908)
2026-08-30 06:32:15,686 [DEBUG] kaggriculture_self_play_training: Ep 8 step 1: verb=7 crop=0 raw_r=0.000 shaped_r=-0.724 done=False buffer=30035 learn=True
2026-08-30 06:32:15,760 [DEBUG] kaggriculture_self_play_training: Ep 8 step 2 DQN update: loss=32.25710 batch=32 priorities_updated=32
2026-08-30 06:32:15,785 [DEBUG] kaggriculture_self_play_training: Ep 8 step 2: verb=7 crop=0 raw_r=0.000 shaped_r=-0.523 done=False buffer=30036 learn=True
2026-08-30 06:32:15,858 [DEBUG] kaggriculture_self_play_training: Ep 8 step 3 DQN update: loss=32.46988 batch=32 priorities_updated=32
2026-08-30 06:32:24,790 [DEBUG] kaggriculture_self_play_training: Ep 8 step 100 DQN update: loss=28.16493 batch=32 priorities_updated=32
2026-08-30 06:32:24,814 [DEBUG] kaggriculture_self_play_training: Ep 8 step 100: verb=1 crop=0 raw_r=0.000 shaped_r=-0.306 done=False buffer=30134 learn=True
2026-08-30 06:32:34,007 [DEBUG] kaggriculture_self_play_training: Ep 8 step 200 DQN update: loss=20.78722 batch=32 priorities_updated=32
2026-08-30 06:32:34,032 [DEBUG] kaggriculture_self_play_training: Ep 8 step 200: verb=4 crop=0 raw_r=0.000 shaped_r=0.010 done=False buffer=30234 learn=True
2026-08-30 06:32:43,162 [DEBUG] kaggriculture_self_play_training: Ep 8 step 300 DQN update: loss=21.96676 batch=32 priorities_updated=32
2026-08-30 06:32:43,187 [DEBUG] kaggriculture_self_play_training: Ep 8 step 300: verb=4 crop=0 raw_r=0.000 shaped_r=0.008 done=False buffer=30334 learn=True
2026-08-30 06:32:52,440 [DEBUG] kaggriculture_self_play_training: Ep 8 step 400 DQN update: loss=15.57921 batch=32 priorities_updated=32
2026-08-30 06:32:52,464 [DEBUG] kaggriculture_self_play_training: Ep 8 step 400: verb=4 crop=0 raw_r=0.000 shaped_r=0.084 done=False buffer=30434 learn=True
2026-08-30 06:33:01,554 [DEBUG] kaggriculture_self_play_training: Ep 8 step 500 DQN update: loss=27.51992 batch=32 priorities_updated=32
2026-08-30 06:33:01,579 [DEBUG] kaggriculture_self_play_training: Ep 8 step 500: verb=4 crop=0 raw_r=0.000 shaped_r=0.004 done=False buffer=30534 learn=True
2026-08-30 06:33:10,724 [DEBUG] kaggriculture_self_play_training: Ep 8 step 600 DQN update: loss=13.45288 batch=32 priorities_updated=32
2026-08-30 06:33:10,749 [DEBUG] kaggriculture_self_play_training: Ep 8 step 600: verb=7 crop=0 raw_r=0.000 shaped_r=0.186 done=False buffer=30634 learn=True
2026-08-30 06:33:19,924 [DEBUG] kaggriculture_self_play_training: Ep 8 step 700 DQN update: loss=27.65781 batch=32 priorities_updated=32
2026-08-30 06:33:19,949 [DEBUG] kaggriculture_self_play_training: Ep 8 step 700: verb=1 crop=0 raw_r=0.000 shaped_r=0.281 done=False buffer=30734 learn=True
2026-08-30 06:33:21,614 [INFO] kaggriculture_self_play_training: Episode 08/36 | Epsilon: 0.104 | Buffer Size: 30752 | Raw Reward: -29.95 | Shaped Reward: 182.32 | Avg Loss: 24.49304
2026-08-30 06:33:24,240 [DEBUG] kaggriculture_self_play_training: === Episode 9/36 | opponent=/Users/sweeden/kagg/experiments/Hinesight Experience Replay for Double Q-Learning DQN SB3 Kaggriculture reinforcement learning/farm_bc_ladder/checkpoints/checkpoint_ep_6.pt | eps=0.101 | buffer=30752 ===
2026-08-30 06:33:24,256 [DEBUG] kaggriculture_self_play_training: Ep 9 step 0 obs: tiles=(1, 9, 10, 10) numeric=(1, 55) valid_verbs=3 valid_crops=0 valid_market=4
2026-08-30 06:33:24,304 [DEBUG] kaggriculture_self_play_training: Ep 9 step 0: verb=7 crop=0 raw_r=-1.000 shaped_r=-1.725 done=False buffer=30753 learn=True
2026-08-30 06:33:24,391 [DEBUG] kaggriculture_self_play_training: Ep 9 step 1 DQN update: loss=19.76642 batch=32 priorities_updated=32
2026-08-30 06:33:24,392 [INFO] kaggriculture_self_play_training: PER: TD-error priority reweighting applied (n=32 td_mean=49.26484 td_max=289.10571)
2026-08-30 06:33:24,414 [DEBUG] kaggriculture_self_play_training: Ep 9 step 1: verb=7 crop=0 raw_r=-1.000 shaped_r=-1.724 done=False buffer=30754 learn=True
2026-08-30 06:33:24,477 [DEBUG] kaggriculture_self_play_training: Ep 9 step 2 DQN update: loss=28.44898 batch=32 priorities_updated=32
2026-08-30 06:33:24,499 [DEBUG] kaggriculture_self_play_training: Ep 9 step 2: verb=7 crop=0 raw_r=-1.000 shaped_r=-1.723 done=False buffer=30755 learn=True
2026-08-30 06:33:24,562 [DEBUG] kaggriculture_self_play_training: Ep 9 step 3 DQN update: loss=36.93626 batch=32 priorities_updated=32
2026-08-30 06:33:33,422 [DEBUG] kaggriculture_self_play_training: Ep 9 step 100 DQN update: loss=14.84420 batch=32 priorities_updated=32
2026-08-30 06:33:33,444 [DEBUG] kaggriculture_self_play_training: Ep 9 step 100: verb=1 crop=0 raw_r=0.000 shaped_r=-0.289 done=False buffer=30853 learn=True
2026-08-30 06:33:42,423 [DEBUG] kaggriculture_self_play_training: Ep 9 step 200 DQN update: loss=21.01965 batch=32 priorities_updated=32
2026-08-30 06:33:42,445 [DEBUG] kaggriculture_self_play_training: Ep 9 step 200: verb=3 crop=0 raw_r=0.000 shaped_r=-0.241 done=False buffer=30953 learn=True
2026-08-30 06:33:51,446 [DEBUG] kaggriculture_self_play_training: Ep 9 step 300 DQN update: loss=21.81680 batch=32 priorities_updated=32
2026-08-30 06:33:51,473 [DEBUG] kaggriculture_self_play_training: Ep 9 step 300: verb=4 crop=0 raw_r=0.000 shaped_r=0.076 done=False buffer=31053 learn=True
2026-08-30 06:34:00,820 [DEBUG] kaggriculture_self_play_training: Ep 9 step 400 DQN update: loss=44.93067 batch=32 priorities_updated=32
2026-08-30 06:34:00,843 [DEBUG] kaggriculture_self_play_training: Ep 9 step 400: verb=4 crop=0 raw_r=0.000 shaped_r=0.010 done=False buffer=31153 learn=True
2026-08-30 06:34:09,595 [DEBUG] kaggriculture_self_play_training: Ep 9 step 500 DQN update: loss=16.66401 batch=32 priorities_updated=32
2026-08-30 06:34:09,621 [DEBUG] kaggriculture_self_play_training: Ep 9 step 500: verb=4 crop=0 raw_r=0.000 shaped_r=0.010 done=False buffer=31253 learn=True
2026-08-30 06:34:19,081 [DEBUG] kaggriculture_self_play_training: Ep 9 step 600 DQN update: loss=28.35012 batch=32 priorities_updated=32
2026-08-30 06:34:19,107 [DEBUG] kaggriculture_self_play_training: Ep 9 step 600: verb=1 crop=0 raw_r=0.000 shaped_r=0.185 done=False buffer=31353 learn=True
2026-08-30 06:34:28,475 [DEBUG] kaggriculture_self_play_training: Ep 9 step 700 DQN update: loss=15.78700 batch=32 priorities_updated=32
2026-08-30 06:34:28,501 [DEBUG] kaggriculture_self_play_training: Ep 9 step 700: verb=4 crop=0 raw_r=0.000 shaped_r=-0.307 done=False buffer=31453 learn=True
2026-08-30 06:34:30,234 [INFO] kaggriculture_self_play_training: Episode 09/36 | Epsilon: 0.101 | Buffer Size: 31471 | Raw Reward: -30.00 | Shaped Reward: -96.06 | Avg Loss: 24.84329
2026-08-30 06:34:33,035 [DEBUG] kaggriculture_self_play_training: === Episode 10/36 | opponent=online-self | eps=0.099 | buffer=31471 ===
2026-08-30 06:34:33,053 [DEBUG] kaggriculture_self_play_training: Ep 10 step 0 obs: tiles=(1, 9, 10, 10) numeric=(1, 55) valid_verbs=3 valid_crops=0 valid_market=4
2026-08-30 06:34:33,104 [DEBUG] kaggriculture_self_play_training: Ep 10 step 0: verb=7 crop=0 raw_r=-1.000 shaped_r=-1.725 done=False buffer=31472 learn=True
2026-08-30 06:34:33,228 [DEBUG] kaggriculture_self_play_training: Ep 10 step 1 DQN update: loss=14.86535 batch=32 priorities_updated=32
2026-08-30 06:34:33,229 [INFO] kaggriculture_self_play_training: PER: TD-error priority reweighting applied (n=32 td_mean=55.30999 td_max=720.23560)
2026-08-30 06:34:33,255 [DEBUG] kaggriculture_self_play_training: Ep 10 step 1: verb=7 crop=0 raw_r=-0.500 shaped_r=-1.224 done=False buffer=31473 learn=True
2026-08-30 06:34:33,328 [DEBUG] kaggriculture_self_play_training: Ep 10 step 2 DQN update: loss=25.16325 batch=32 priorities_updated=32
2026-08-30 06:34:33,350 [DEBUG] kaggriculture_self_play_training: Ep 10 step 2: verb=7 crop=0 raw_r=-0.300 shaped_r=-1.043 done=False buffer=31474 learn=True
2026-08-30 06:34:33,415 [DEBUG] kaggriculture_self_play_training: Ep 10 step 3 DQN update: loss=17.38054 batch=32 priorities_updated=32
2026-08-30 06:34:42,428 [DEBUG] kaggriculture_self_play_training: Ep 10 step 100 DQN update: loss=29.42342 batch=32 priorities_updated=32
2026-08-30 06:34:42,453 [DEBUG] kaggriculture_self_play_training: Ep 10 step 100: verb=3 crop=0 raw_r=0.000 shaped_r=0.208 done=False buffer=31572 learn=True
2026-08-30 06:34:51,966 [DEBUG] kaggriculture_self_play_training: Ep 10 step 200 DQN update: loss=21.65610 batch=32 priorities_updated=32
2026-08-30 06:34:51,990 [DEBUG] kaggriculture_self_play_training: Ep 10 step 200: verb=4 crop=0 raw_r=0.000 shaped_r=0.034 done=False buffer=31672 learn=True
2026-08-30 06:35:01,202 [DEBUG] kaggriculture_self_play_training: Ep 10 step 300 DQN update: loss=24.99511 batch=32 priorities_updated=32
2026-08-30 06:35:01,226 [DEBUG] kaggriculture_self_play_training: Ep 10 step 300: verb=4 crop=0 raw_r=0.000 shaped_r=0.243 done=False buffer=31772 learn=True
2026-08-30 06:35:10,458 [DEBUG] kaggriculture_self_play_training: Ep 10 step 400 DQN update: loss=47.82364 batch=32 priorities_updated=32
2026-08-30 06:35:10,482 [DEBUG] kaggriculture_self_play_training: Ep 10 step 400: verb=4 crop=0 raw_r=0.000 shaped_r=0.022 done=False buffer=31872 learn=True
2026-08-30 06:35:20,047 [DEBUG] kaggriculture_self_play_training: Ep 10 step 500 DQN update: loss=16.39220 batch=32 priorities_updated=32
2026-08-30 06:35:20,075 [DEBUG] kaggriculture_self_play_training: Ep 10 step 500: verb=4 crop=0 raw_r=0.000 shaped_r=-0.013 done=False buffer=31972 learn=True
2026-08-30 06:35:29,381 [DEBUG] kaggriculture_self_play_training: Ep 10 step 600 DQN update: loss=34.73022 batch=32 priorities_updated=32
2026-08-30 06:35:29,406 [DEBUG] kaggriculture_self_play_training: Ep 10 step 600: verb=4 crop=0 raw_r=0.000 shaped_r=0.006 done=False buffer=32072 learn=True
2026-08-30 06:35:38,614 [DEBUG] kaggriculture_self_play_training: Ep 10 step 700 DQN update: loss=21.14675 batch=32 priorities_updated=32
2026-08-30 06:35:38,641 [DEBUG] kaggriculture_self_play_training: Ep 10 step 700: verb=4 crop=0 raw_r=0.000 shaped_r=-0.169 done=False buffer=32172 learn=True
2026-08-30 06:35:40,339 [INFO] kaggriculture_self_play_training: Episode 10/36 | Epsilon: 0.099 | Buffer Size: 32190 | Raw Reward: -29.22 | Shaped Reward: -170.35 | Avg Loss: 25.70273
2026-08-30 06:35:43,118 [DEBUG] kaggriculture_self_play_training: === Episode 11/36 | opponent=/Users/sweeden/kagg/experiments/Hinesight Experience Replay for Double Q-Learning DQN SB3 Kaggriculture reinforcement learning/farm_bc_ladder/checkpoints/checkpoint_ep_0.pt | eps=0.096 | buffer=32190 ===
2026-08-30 06:35:43,134 [DEBUG] kaggriculture_self_play_training: Ep 11 step 0 obs: tiles=(1, 9, 10, 10) numeric=(1, 55) valid_verbs=3 valid_crops=0 valid_market=4
2026-08-30 06:35:43,186 [DEBUG] kaggriculture_self_play_training: Ep 11 step 0: verb=7 crop=0 raw_r=-1.000 shaped_r=-1.725 done=False buffer=32191 learn=True
2026-08-30 06:35:43,290 [DEBUG] kaggriculture_self_play_training: Ep 11 step 1 DQN update: loss=21.06136 batch=32 priorities_updated=32
2026-08-30 06:35:43,290 [INFO] kaggriculture_self_play_training: PER: TD-error priority reweighting applied (n=32 td_mean=59.01392 td_max=601.11694)
2026-08-30 06:35:43,316 [DEBUG] kaggriculture_self_play_training: Ep 11 step 1: verb=7 crop=0 raw_r=0.000 shaped_r=-0.724 done=False buffer=32192 learn=True
2026-08-30 06:35:43,391 [DEBUG] kaggriculture_self_play_training: Ep 11 step 2 DQN update: loss=22.68629 batch=32 priorities_updated=32
2026-08-30 06:35:43,418 [DEBUG] kaggriculture_self_play_training: Ep 11 step 2: verb=7 crop=0 raw_r=0.000 shaped_r=-0.523 done=False buffer=32193 learn=True
2026-08-30 06:35:43,489 [DEBUG] kaggriculture_self_play_training: Ep 11 step 3 DQN update: loss=11.88041 batch=32 priorities_updated=32
2026-08-30 06:35:52,457 [DEBUG] kaggriculture_self_play_training: Ep 11 step 100 DQN update: loss=37.50726 batch=32 priorities_updated=32
2026-08-30 06:35:52,484 [DEBUG] kaggriculture_self_play_training: Ep 11 step 100: verb=3 crop=0 raw_r=0.000 shaped_r=-0.462 done=False buffer=32291 learn=True
2026-08-30 06:36:01,938 [DEBUG] kaggriculture_self_play_training: Ep 11 step 200 DQN update: loss=36.71770 batch=32 priorities_updated=32
2026-08-30 06:36:01,963 [DEBUG] kaggriculture_self_play_training: Ep 11 step 200: verb=3 crop=0 raw_r=0.000 shaped_r=-0.485 done=False buffer=32391 learn=True
2026-08-30 06:36:11,768 [DEBUG] kaggriculture_self_play_training: Ep 11 step 300 DQN update: loss=15.53959 batch=32 priorities_updated=32
2026-08-30 06:36:11,793 [DEBUG] kaggriculture_self_play_training: Ep 11 step 300: verb=3 crop=0 raw_r=0.000 shaped_r=-0.363 done=False buffer=32491 learn=True
2026-08-30 06:36:21,581 [DEBUG] kaggriculture_self_play_training: Ep 11 step 400 DQN update: loss=30.47191 batch=32 priorities_updated=32
2026-08-30 06:36:21,605 [DEBUG] kaggriculture_self_play_training: Ep 11 step 400: verb=3 crop=0 raw_r=0.000 shaped_r=-0.287 done=False buffer=32591 learn=True
2026-08-30 06:36:31,045 [DEBUG] kaggriculture_self_play_training: Ep 11 step 500 DQN update: loss=7.54232 batch=32 priorities_updated=32
2026-08-30 06:36:31,068 [DEBUG] kaggriculture_self_play_training: Ep 11 step 500: verb=3 crop=0 raw_r=0.000 shaped_r=-0.201 done=False buffer=32691 learn=True
2026-08-30 06:36:40,476 [DEBUG] kaggriculture_self_play_training: Ep 11 step 600 DQN update: loss=23.09488 batch=32 priorities_updated=32
2026-08-30 06:36:40,499 [DEBUG] kaggriculture_self_play_training: Ep 11 step 600: verb=1 crop=0 raw_r=0.000 shaped_r=-0.073 done=False buffer=32791 learn=True
2026-08-30 06:36:50,191 [DEBUG] kaggriculture_self_play_training: Ep 11 step 700 DQN update: loss=30.68623 batch=32 priorities_updated=32
2026-08-30 06:36:50,215 [DEBUG] kaggriculture_self_play_training: Ep 11 step 700: verb=4 crop=0 raw_r=0.000 shaped_r=0.014 done=False buffer=32891 learn=True
2026-08-30 06:36:51,963 [INFO] kaggriculture_self_play_training: Episode 11/36 | Epsilon: 0.096 | Buffer Size: 32909 | Raw Reward: -29.93 | Shaped Reward: -160.35 | Avg Loss: 26.43706
2026-08-30 06:36:55,090 [DEBUG] kaggriculture_self_play_training: === Episode 12/36 | opponent=/Users/sweeden/kagg/experiments/Hinesight Experience Replay for Double Q-Learning DQN SB3 Kaggriculture reinforcement learning/farm_bc_ladder/checkpoints/checkpoint_ep_6.pt | eps=0.094 | buffer=32909 ===
2026-08-30 06:36:55,108 [DEBUG] kaggriculture_self_play_training: Ep 12 step 0 obs: tiles=(1, 9, 10, 10) numeric=(1, 55) valid_verbs=3 valid_crops=0 valid_market=4
2026-08-30 06:36:55,144 [DEBUG] kaggriculture_self_play_training: Ep 12 step 0: verb=0 crop=0 raw_r=-8.310 shaped_r=-8.310 done=False buffer=32910 learn=True
2026-08-30 06:36:55,245 [DEBUG] kaggriculture_self_play_training: Ep 12 step 1 DQN update: loss=29.30019 batch=32 priorities_updated=32
2026-08-30 06:36:55,246 [INFO] kaggriculture_self_play_training: PER: TD-error priority reweighting applied (n=32 td_mean=76.20675 td_max=338.55701)
2026-08-30 06:36:55,272 [DEBUG] kaggriculture_self_play_training: Ep 12 step 1: verb=7 crop=0 raw_r=-1.000 shaped_r=-2.919 done=False buffer=32911 learn=True
2026-08-30 06:36:55,346 [DEBUG] kaggriculture_self_play_training: Ep 12 step 2 DQN update: loss=15.00576 batch=32 priorities_updated=32
2026-08-30 06:36:55,369 [DEBUG] kaggriculture_self_play_training: Ep 12 step 2: verb=7 crop=0 raw_r=0.000 shaped_r=-1.985 done=False buffer=32912 learn=True
2026-08-30 06:36:55,442 [DEBUG] kaggriculture_self_play_training: Ep 12 step 3 DQN update: loss=17.37876 batch=32 priorities_updated=32
2026-08-30 06:37:04,585 [DEBUG] kaggriculture_self_play_training: Ep 12 step 100 DQN update: loss=58.18303 batch=32 priorities_updated=32
2026-08-30 06:37:04,609 [DEBUG] kaggriculture_self_play_training: Ep 12 step 100: verb=3 crop=0 raw_r=0.000 shaped_r=-0.065 done=False buffer=33010 learn=True
2026-08-30 06:37:13,945 [DEBUG] kaggriculture_self_play_training: Ep 12 step 200 DQN update: loss=21.66775 batch=32 priorities_updated=32
2026-08-30 06:37:13,971 [DEBUG] kaggriculture_self_play_training: Ep 12 step 200: verb=3 crop=0 raw_r=0.000 shaped_r=-0.266 done=False buffer=33110 learn=True
2026-08-30 06:37:22,957 [DEBUG] kaggriculture_self_play_training: Ep 12 step 300 DQN update: loss=27.02789 batch=32 priorities_updated=32
2026-08-30 06:37:22,980 [DEBUG] kaggriculture_self_play_training: Ep 12 step 300: verb=3 crop=0 raw_r=0.000 shaped_r=-0.196 done=False buffer=33210 learn=True
2026-08-30 06:37:32,074 [DEBUG] kaggriculture_self_play_training: Ep 12 step 400 DQN update: loss=23.75316 batch=32 priorities_updated=32
2026-08-30 06:37:32,097 [DEBUG] kaggriculture_self_play_training: Ep 12 step 400: verb=3 crop=0 raw_r=0.000 shaped_r=-0.188 done=False buffer=33310 learn=True
2026-08-30 06:37:41,172 [DEBUG] kaggriculture_self_play_training: Ep 12 step 500 DQN update: loss=23.36441 batch=32 priorities_updated=32
2026-08-30 06:37:41,186 [DEBUG] kaggriculture_self_play_training: Ep 12 step 500: verb=5 crop=0 raw_r=0.000 shaped_r=0.010 done=False buffer=33410 learn=True
2026-08-30 06:37:50,093 [DEBUG] kaggriculture_self_play_training: Ep 12 step 600 DQN update: loss=25.64979 batch=32 priorities_updated=32
2026-08-30 06:37:50,123 [DEBUG] kaggriculture_self_play_training: Ep 12 step 600: verb=3 crop=0 raw_r=0.000 shaped_r=-0.018 done=False buffer=33510 learn=True
2026-08-30 06:37:58,661 [DEBUG] kaggriculture_self_play_training: Ep 12 step 700 DQN update: loss=18.37094 batch=32 priorities_updated=32
2026-08-30 06:37:58,684 [DEBUG] kaggriculture_self_play_training: Ep 12 step 700: verb=3 crop=0 raw_r=0.000 shaped_r=0.072 done=False buffer=33610 learn=True
2026-08-30 06:38:00,250 [INFO] kaggriculture_self_play_training: Episode 12/36 | Epsilon: 0.094 | Buffer Size: 33628 | Raw Reward: -29.95 | Shaped Reward: -71.05 | Avg Loss: 28.35828
[Self-Play] Saved agent checkpoint to: /Users/sweeden/kagg/experiments/Hinesight Experience Replay for Double Q-Learning DQN SB3 Kaggriculture reinforcement learning/farm_bc_ladder/checkpoints/checkpoint_ep_12.pt
[Self-Play] Opponent pool size: 3
2026-08-30 06:38:03,043 [DEBUG] kaggriculture_self_play_training: === Episode 13/36 | opponent=/Users/sweeden/kagg/experiments/Hinesight Experience Replay for Double Q-Learning DQN SB3 Kaggriculture reinforcement learning/farm_bc_ladder/checkpoints/checkpoint_ep_6.pt | eps=0.091 | buffer=33628 ===
2026-08-30 06:38:03,060 [DEBUG] kaggriculture_self_play_training: Ep 13 step 0 obs: tiles=(1, 9, 10, 10) numeric=(1, 55) valid_verbs=3 valid_crops=0 valid_market=4
2026-08-30 06:38:03,108 [DEBUG] kaggriculture_self_play_training: Ep 13 step 0: verb=7 crop=0 raw_r=-1.000 shaped_r=-1.725 done=False buffer=33629 learn=True
2026-08-30 06:38:03,211 [DEBUG] kaggriculture_self_play_training: Ep 13 step 1 DQN update: loss=23.62518 batch=32 priorities_updated=32
2026-08-30 06:38:03,212 [INFO] kaggriculture_self_play_training: PER: TD-error priority reweighting applied (n=32 td_mean=55.65697 td_max=323.37463)
2026-08-30 06:38:03,237 [DEBUG] kaggriculture_self_play_training: Ep 13 step 1: verb=7 crop=0 raw_r=-0.200 shaped_r=-0.924 done=False buffer=33630 learn=True
2026-08-30 06:38:03,303 [DEBUG] kaggriculture_self_play_training: Ep 13 step 2 DQN update: loss=22.39926 batch=32 priorities_updated=32
2026-08-30 06:38:03,328 [DEBUG] kaggriculture_self_play_training: Ep 13 step 2: verb=7 crop=0 raw_r=0.000 shaped_r=-0.563 done=False buffer=33631 learn=True
2026-08-30 06:38:03,399 [DEBUG] kaggriculture_self_play_training: Ep 13 step 3 DQN update: loss=44.06178 batch=32 priorities_updated=32
2026-08-30 06:38:11,811 [DEBUG] kaggriculture_self_play_training: Ep 13 step 100 DQN update: loss=26.28725 batch=32 priorities_updated=32
2026-08-30 06:38:11,837 [DEBUG] kaggriculture_self_play_training: Ep 13 step 100: verb=7 crop=0 raw_r=0.000 shaped_r=0.639 done=False buffer=33729 learn=True
2026-08-30 06:38:21,180 [DEBUG] kaggriculture_self_play_training: Ep 13 step 200 DQN update: loss=18.69180 batch=32 priorities_updated=32
2026-08-30 06:38:21,203 [DEBUG] kaggriculture_self_play_training: Ep 13 step 200: verb=4 crop=0 raw_r=0.000 shaped_r=0.184 done=False buffer=33829 learn=True
2026-08-30 06:38:30,473 [DEBUG] kaggriculture_self_play_training: Ep 13 step 300 DQN update: loss=17.28896 batch=32 priorities_updated=32
2026-08-30 06:38:30,497 [DEBUG] kaggriculture_self_play_training: Ep 13 step 300: verb=4 crop=0 raw_r=0.000 shaped_r=0.100 done=False buffer=33929 learn=True
2026-08-30 06:38:39,884 [DEBUG] kaggriculture_self_play_training: Ep 13 step 400 DQN update: loss=23.13193 batch=32 priorities_updated=32
2026-08-30 06:38:39,908 [DEBUG] kaggriculture_self_play_training: Ep 13 step 400: verb=3 crop=0 raw_r=0.000 shaped_r=-0.149 done=False buffer=34029 learn=True
2026-08-30 06:38:48,550 [DEBUG] kaggriculture_self_play_training: Ep 13 step 500 DQN update: loss=29.76611 batch=32 priorities_updated=32
2026-08-30 06:38:48,572 [DEBUG] kaggriculture_self_play_training: Ep 13 step 500: verb=3 crop=0 raw_r=0.000 shaped_r=-0.078 done=False buffer=34129 learn=True
2026-08-30 06:38:57,102 [DEBUG] kaggriculture_self_play_training: Ep 13 step 600 DQN update: loss=47.28774 batch=32 priorities_updated=32
2026-08-30 06:38:57,125 [DEBUG] kaggriculture_self_play_training: Ep 13 step 600: verb=3 crop=0 raw_r=0.000 shaped_r=-0.008 done=False buffer=34229 learn=True
2026-08-30 06:39:05,761 [DEBUG] kaggriculture_self_play_training: Ep 13 step 700 DQN update: loss=17.48759 batch=32 priorities_updated=32
2026-08-30 06:39:05,783 [DEBUG] kaggriculture_self_play_training: Ep 13 step 700: verb=4 crop=0 raw_r=0.000 shaped_r=0.000 done=False buffer=34329 learn=True
2026-08-30 06:39:07,411 [INFO] kaggriculture_self_play_training: Episode 13/36 | Epsilon: 0.091 | Buffer Size: 34347 | Raw Reward: -30.00 | Shaped Reward: 82.00 | Avg Loss: 30.60945
2026-08-30 06:39:10,227 [DEBUG] kaggriculture_self_play_training: === Episode 14/36 | opponent=/Users/sweeden/kagg/experiments/Hinesight Experience Replay for Double Q-Learning DQN SB3 Kaggriculture reinforcement learning/farm_bc_ladder/checkpoints/checkpoint_ep_12.pt | eps=0.088 | buffer=34347 ===
2026-08-30 06:39:10,244 [DEBUG] kaggriculture_self_play_training: Ep 14 step 0 obs: tiles=(1, 9, 10, 10) numeric=(1, 55) valid_verbs=3 valid_crops=0 valid_market=4
2026-08-30 06:39:10,294 [DEBUG] kaggriculture_self_play_training: Ep 14 step 0: verb=7 crop=0 raw_r=-1.000 shaped_r=-1.725 done=False buffer=34348 learn=True
2026-08-30 06:39:10,385 [DEBUG] kaggriculture_self_play_training: Ep 14 step 1 DQN update: loss=33.14054 batch=32 priorities_updated=32
2026-08-30 06:39:10,385 [INFO] kaggriculture_self_play_training: PER: TD-error priority reweighting applied (n=32 td_mean=104.20486 td_max=886.97705)
2026-08-30 06:39:10,407 [DEBUG] kaggriculture_self_play_training: Ep 14 step 1: verb=7 crop=0 raw_r=-0.310 shaped_r=-1.034 done=False buffer=34349 learn=True
2026-08-30 06:39:10,469 [DEBUG] kaggriculture_self_play_training: Ep 14 step 2 DQN update: loss=40.11711 batch=32 priorities_updated=32
2026-08-30 06:39:10,490 [DEBUG] kaggriculture_self_play_training: Ep 14 step 2: verb=7 crop=0 raw_r=-0.310 shaped_r=-1.055 done=False buffer=34350 learn=True
2026-08-30 06:39:10,550 [DEBUG] kaggriculture_self_play_training: Ep 14 step 3 DQN update: loss=19.56347 batch=32 priorities_updated=32
2026-08-30 06:39:18,715 [DEBUG] kaggriculture_self_play_training: Ep 14 step 100 DQN update: loss=30.50354 batch=32 priorities_updated=32
2026-08-30 06:39:18,728 [DEBUG] kaggriculture_self_play_training: Ep 14 step 100: verb=8 crop=0 raw_r=0.000 shaped_r=-0.421 done=False buffer=34448 learn=True
2026-08-30 06:39:28,120 [DEBUG] kaggriculture_self_play_training: Ep 14 step 200 DQN update: loss=20.06865 batch=32 priorities_updated=32
2026-08-30 06:39:28,146 [DEBUG] kaggriculture_self_play_training: Ep 14 step 200: verb=3 crop=0 raw_r=0.000 shaped_r=0.008 done=False buffer=34548 learn=True
2026-08-30 06:39:37,838 [DEBUG] kaggriculture_self_play_training: Ep 14 step 300 DQN update: loss=34.54701 batch=32 priorities_updated=32
2026-08-30 06:39:37,862 [DEBUG] kaggriculture_self_play_training: Ep 14 step 300: verb=3 crop=0 raw_r=0.000 shaped_r=0.008 done=False buffer=34648 learn=True
2026-08-30 06:39:46,585 [DEBUG] kaggriculture_self_play_training: Ep 14 step 400 DQN update: loss=45.78957 batch=32 priorities_updated=32
2026-08-30 06:39:46,609 [DEBUG] kaggriculture_self_play_training: Ep 14 step 400: verb=3 crop=0 raw_r=0.000 shaped_r=0.008 done=False buffer=34748 learn=True
2026-08-30 06:39:55,042 [DEBUG] kaggriculture_self_play_training: Ep 14 step 500 DQN update: loss=40.92415 batch=32 priorities_updated=32
2026-08-30 06:39:55,064 [DEBUG] kaggriculture_self_play_training: Ep 14 step 500: verb=3 crop=0 raw_r=0.000 shaped_r=0.008 done=False buffer=34848 learn=True
2026-08-30 06:40:04,236 [DEBUG] kaggriculture_self_play_training: Ep 14 step 600 DQN update: loss=18.72511 batch=32 priorities_updated=32
2026-08-30 06:40:04,258 [DEBUG] kaggriculture_self_play_training: Ep 14 step 600: verb=3 crop=0 raw_r=0.000 shaped_r=0.135 done=False buffer=34948 learn=True
2026-08-30 06:40:14,519 [DEBUG] kaggriculture_self_play_training: Ep 14 step 700 DQN update: loss=50.72366 batch=32 priorities_updated=32
2026-08-30 06:40:14,547 [DEBUG] kaggriculture_self_play_training: Ep 14 step 700: verb=3 crop=0 raw_r=0.000 shaped_r=0.228 done=False buffer=35048 learn=True
2026-08-30 06:40:16,470 [INFO] kaggriculture_self_play_training: Episode 14/36 | Epsilon: 0.088 | Buffer Size: 35066 | Raw Reward: -29.97 | Shaped Reward: -207.45 | Avg Loss: 32.81971
2026-08-30 06:40:19,519 [DEBUG] kaggriculture_self_play_training: === Episode 15/36 | opponent=online-self | eps=0.086 | buffer=35066 ===
2026-08-30 06:40:19,537 [DEBUG] kaggriculture_self_play_training: Ep 15 step 0 obs: tiles=(1, 9, 10, 10) numeric=(1, 55) valid_verbs=3 valid_crops=0 valid_market=4
2026-08-30 06:40:19,589 [DEBUG] kaggriculture_self_play_training: Ep 15 step 0: verb=7 crop=0 raw_r=-1.000 shaped_r=-1.725 done=False buffer=35067 learn=True
2026-08-30 06:40:19,713 [DEBUG] kaggriculture_self_play_training: Ep 15 step 1 DQN update: loss=61.87492 batch=32 priorities_updated=32
2026-08-30 06:40:19,714 [INFO] kaggriculture_self_play_training: PER: TD-error priority reweighting applied (n=32 td_mean=142.33243 td_max=1812.50000)
2026-08-30 06:40:19,739 [DEBUG] kaggriculture_self_play_training: Ep 15 step 1: verb=7 crop=0 raw_r=-0.910 shaped_r=-1.634 done=False buffer=35068 learn=True
2026-08-30 06:40:19,806 [DEBUG] kaggriculture_self_play_training: Ep 15 step 2 DQN update: loss=39.13823 batch=32 priorities_updated=32
2026-08-30 06:40:19,829 [DEBUG] kaggriculture_self_play_training: Ep 15 step 2: verb=7 crop=0 raw_r=-0.410 shaped_r=-1.115 done=False buffer=35069 learn=True
2026-08-30 06:40:19,900 [DEBUG] kaggriculture_self_play_training: Ep 15 step 3 DQN update: loss=42.89296 batch=32 priorities_updated=32
2026-08-30 06:40:28,871 [DEBUG] kaggriculture_self_play_training: Ep 15 step 100 DQN update: loss=25.56822 batch=32 priorities_updated=32
2026-08-30 06:40:28,894 [DEBUG] kaggriculture_self_play_training: Ep 15 step 100: verb=4 crop=0 raw_r=0.000 shaped_r=-1.992 done=False buffer=35167 learn=True
2026-08-30 06:40:38,528 [DEBUG] kaggriculture_self_play_training: Ep 15 step 200 DQN update: loss=57.90323 batch=32 priorities_updated=32
2026-08-30 06:40:38,552 [DEBUG] kaggriculture_self_play_training: Ep 15 step 200: verb=3 crop=0 raw_r=0.000 shaped_r=-2.012 done=False buffer=35267 learn=True
2026-08-30 06:40:48,173 [DEBUG] kaggriculture_self_play_training: Ep 15 step 300 DQN update: loss=29.58186 batch=32 priorities_updated=32
2026-08-30 06:40:48,197 [DEBUG] kaggriculture_self_play_training: Ep 15 step 300: verb=3 crop=0 raw_r=0.000 shaped_r=-2.032 done=False buffer=35367 learn=True
2026-08-30 06:40:57,653 [DEBUG] kaggriculture_self_play_training: Ep 15 step 400 DQN update: loss=27.90685 batch=32 priorities_updated=32
2026-08-30 06:40:57,679 [DEBUG] kaggriculture_self_play_training: Ep 15 step 400: verb=4 crop=0 raw_r=0.000 shaped_r=-2.032 done=False buffer=35467 learn=True
2026-08-30 06:41:07,216 [DEBUG] kaggriculture_self_play_training: Ep 15 step 500 DQN update: loss=27.54608 batch=32 priorities_updated=32
2026-08-30 06:41:07,241 [DEBUG] kaggriculture_self_play_training: Ep 15 step 500: verb=4 crop=0 raw_r=0.000 shaped_r=-2.032 done=False buffer=35567 learn=True
2026-08-30 06:41:16,669 [DEBUG] kaggriculture_self_play_training: Ep 15 step 600 DQN update: loss=35.88223 batch=32 priorities_updated=32
2026-08-30 06:41:16,693 [DEBUG] kaggriculture_self_play_training: Ep 15 step 600: verb=3 crop=0 raw_r=0.000 shaped_r=-2.032 done=False buffer=35667 learn=True
2026-08-30 06:41:26,044 [DEBUG] kaggriculture_self_play_training: Ep 15 step 700 DQN update: loss=36.30034 batch=32 priorities_updated=32
2026-08-30 06:41:26,065 [DEBUG] kaggriculture_self_play_training: Ep 15 step 700: verb=4 crop=0 raw_r=0.000 shaped_r=-2.032 done=False buffer=35767 learn=True
2026-08-30 06:41:27,742 [INFO] kaggriculture_self_play_training: Episode 15/36 | Epsilon: 0.086 | Buffer Size: 35785 | Raw Reward: -29.96 | Shaped Reward: -1485.03 | Avg Loss: 37.03399
2026-08-30 06:41:30,560 [DEBUG] kaggriculture_self_play_training: === Episode 16/36 | opponent=/Users/sweeden/kagg/experiments/Hinesight Experience Replay for Double Q-Learning DQN SB3 Kaggriculture reinforcement learning/farm_bc_ladder/checkpoints/checkpoint_ep_0.pt | eps=0.083 | buffer=35785 ===
2026-08-30 06:41:30,576 [DEBUG] kaggriculture_self_play_training: Ep 16 step 0 obs: tiles=(1, 9, 10, 10) numeric=(1, 55) valid_verbs=3 valid_crops=0 valid_market=4
2026-08-30 06:41:30,626 [DEBUG] kaggriculture_self_play_training: Ep 16 step 0: verb=7 crop=0 raw_r=-1.000 shaped_r=-1.725 done=False buffer=35786 learn=True
2026-08-30 06:41:30,714 [DEBUG] kaggriculture_self_play_training: Ep 16 step 1 DQN update: loss=46.35690 batch=32 priorities_updated=32
2026-08-30 06:41:30,714 [INFO] kaggriculture_self_play_training: PER: TD-error priority reweighting applied (n=32 td_mean=112.87694 td_max=881.13782)
2026-08-30 06:41:30,736 [DEBUG] kaggriculture_self_play_training: Ep 16 step 1: verb=7 crop=0 raw_r=-1.430 shaped_r=-2.154 done=False buffer=35787 learn=True
2026-08-30 06:41:30,799 [DEBUG] kaggriculture_self_play_training: Ep 16 step 2 DQN update: loss=24.65701 batch=32 priorities_updated=32
2026-08-30 06:41:30,824 [DEBUG] kaggriculture_self_play_training: Ep 16 step 2: verb=7 crop=0 raw_r=-4.660 shaped_r=-5.469 done=False buffer=35788 learn=True
2026-08-30 06:41:30,897 [DEBUG] kaggriculture_self_play_training: Ep 16 step 3 DQN update: loss=28.01350 batch=32 priorities_updated=32
2026-08-30 06:41:39,629 [DEBUG] kaggriculture_self_play_training: Ep 16 step 100 DQN update: loss=29.81777 batch=32 priorities_updated=32
2026-08-30 06:41:39,652 [DEBUG] kaggriculture_self_play_training: Ep 16 step 100: verb=5 crop=0 raw_r=0.000 shaped_r=0.514 done=False buffer=35886 learn=True
2026-08-30 06:41:48,391 [DEBUG] kaggriculture_self_play_training: Ep 16 step 200 DQN update: loss=24.74132 batch=32 priorities_updated=32
2026-08-30 06:41:48,416 [DEBUG] kaggriculture_self_play_training: Ep 16 step 200: verb=3 crop=0 raw_r=0.000 shaped_r=0.166 done=False buffer=35986 learn=True
2026-08-30 06:41:57,432 [DEBUG] kaggriculture_self_play_training: Ep 16 step 300 DQN update: loss=44.93386 batch=32 priorities_updated=32
2026-08-30 06:41:57,456 [DEBUG] kaggriculture_self_play_training: Ep 16 step 300: verb=3 crop=0 raw_r=0.000 shaped_r=0.094 done=False buffer=36086 learn=True
2026-08-30 06:42:06,698 [DEBUG] kaggriculture_self_play_training: Ep 16 step 400 DQN update: loss=15.46358 batch=32 priorities_updated=32
2026-08-30 06:42:06,724 [DEBUG] kaggriculture_self_play_training: Ep 16 step 400: verb=3 crop=0 raw_r=0.000 shaped_r=-0.104 done=False buffer=36186 learn=True
2026-08-30 06:42:15,953 [DEBUG] kaggriculture_self_play_training: Ep 16 step 500 DQN update: loss=47.37503 batch=32 priorities_updated=32
2026-08-30 06:42:15,977 [DEBUG] kaggriculture_self_play_training: Ep 16 step 500: verb=3 crop=0 raw_r=0.000 shaped_r=-0.030 done=False buffer=36286 learn=True
2026-08-30 06:42:25,325 [DEBUG] kaggriculture_self_play_training: Ep 16 step 600 DQN update: loss=35.39559 batch=32 priorities_updated=32
2026-08-30 06:42:25,357 [DEBUG] kaggriculture_self_play_training: Ep 16 step 600: verb=3 crop=0 raw_r=0.000 shaped_r=0.043 done=False buffer=36386 learn=True
2026-08-30 06:42:34,786 [DEBUG] kaggriculture_self_play_training: Ep 16 step 700 DQN update: loss=31.16471 batch=32 priorities_updated=32
2026-08-30 06:42:34,810 [DEBUG] kaggriculture_self_play_training: Ep 16 step 700: verb=3 crop=0 raw_r=0.000 shaped_r=0.111 done=False buffer=36486 learn=True
2026-08-30 06:42:36,566 [INFO] kaggriculture_self_play_training: Episode 16/36 | Epsilon: 0.083 | Buffer Size: 36504 | Raw Reward: -29.93 | Shaped Reward: -0.38 | Avg Loss: 38.66235
2026-08-30 06:42:39,725 [DEBUG] kaggriculture_self_play_training: === Episode 17/36 | opponent=/Users/sweeden/kagg/experiments/Hinesight Experience Replay for Double Q-Learning DQN SB3 Kaggriculture reinforcement learning/farm_bc_ladder/checkpoints/checkpoint_ep_6.pt | eps=0.080 | buffer=36504 ===
2026-08-30 06:42:39,741 [DEBUG] kaggriculture_self_play_training: Ep 17 step 0 obs: tiles=(1, 9, 10, 10) numeric=(1, 55) valid_verbs=3 valid_crops=0 valid_market=4
2026-08-30 06:42:39,791 [DEBUG] kaggriculture_self_play_training: Ep 17 step 0: verb=7 crop=0 raw_r=-1.000 shaped_r=-1.725 done=False buffer=36505 learn=True
2026-08-30 06:42:39,901 [DEBUG] kaggriculture_self_play_training: Ep 17 step 1 DQN update: loss=59.87458 batch=32 priorities_updated=32
2026-08-30 06:42:39,904 [INFO] kaggriculture_self_play_training: PER: TD-error priority reweighting applied (n=32 td_mean=124.07957 td_max=993.60364)
2026-08-30 06:42:39,938 [DEBUG] kaggriculture_self_play_training: Ep 17 step 1: verb=7 crop=0 raw_r=-0.020 shaped_r=-0.744 done=False buffer=36506 learn=True
2026-08-30 06:42:40,014 [DEBUG] kaggriculture_self_play_training: Ep 17 step 2 DQN update: loss=37.16644 batch=32 priorities_updated=32
2026-08-30 06:42:40,027 [DEBUG] kaggriculture_self_play_training: Ep 17 step 2: verb=5 crop=0 raw_r=-0.020 shaped_r=0.176 done=False buffer=36507 learn=True
2026-08-30 06:42:40,097 [DEBUG] kaggriculture_self_play_training: Ep 17 step 3 DQN update: loss=41.46220 batch=32 priorities_updated=32
2026-08-30 06:42:48,863 [DEBUG] kaggriculture_self_play_training: Ep 17 step 100 DQN update: loss=53.61973 batch=32 priorities_updated=32
2026-08-30 06:42:48,886 [DEBUG] kaggriculture_self_play_training: Ep 17 step 100: verb=3 crop=0 raw_r=0.000 shaped_r=0.075 done=False buffer=36605 learn=True
2026-08-30 06:42:57,350 [DEBUG] kaggriculture_self_play_training: Ep 17 step 200 DQN update: loss=44.86926 batch=32 priorities_updated=32
2026-08-30 06:42:57,372 [DEBUG] kaggriculture_self_play_training: Ep 17 step 200: verb=3 crop=0 raw_r=0.000 shaped_r=0.109 done=False buffer=36705 learn=True
2026-08-30 06:43:05,660 [DEBUG] kaggriculture_self_play_training: Ep 17 step 300 DQN update: loss=55.27747 batch=32 priorities_updated=32
2026-08-30 06:43:05,684 [DEBUG] kaggriculture_self_play_training: Ep 17 step 300: verb=3 crop=0 raw_r=0.000 shaped_r=-0.005 done=False buffer=36805 learn=True
2026-08-30 06:43:14,122 [DEBUG] kaggriculture_self_play_training: Ep 17 step 400 DQN update: loss=47.62149 batch=32 priorities_updated=32
2026-08-30 06:43:14,145 [DEBUG] kaggriculture_self_play_training: Ep 17 step 400: verb=3 crop=0 raw_r=0.000 shaped_r=0.016 done=False buffer=36905 learn=True
2026-08-30 06:43:22,278 [DEBUG] kaggriculture_self_play_training: Ep 17 step 500 DQN update: loss=48.19618 batch=32 priorities_updated=32
2026-08-30 06:43:22,299 [DEBUG] kaggriculture_self_play_training: Ep 17 step 500: verb=3 crop=0 raw_r=0.000 shaped_r=-0.000 done=False buffer=37005 learn=True
2026-08-30 06:43:30,459 [DEBUG] kaggriculture_self_play_training: Ep 17 step 600 DQN update: loss=44.78442 batch=32 priorities_updated=32
2026-08-30 06:43:30,480 [DEBUG] kaggriculture_self_play_training: Ep 17 step 600: verb=3 crop=0 raw_r=0.000 shaped_r=-0.044 done=False buffer=37105 learn=True
2026-08-30 06:43:38,679 [DEBUG] kaggriculture_self_play_training: Ep 17 step 700 DQN update: loss=29.14256 batch=32 priorities_updated=32
2026-08-30 06:43:38,701 [DEBUG] kaggriculture_self_play_training: Ep 17 step 700: verb=3 crop=0 raw_r=0.000 shaped_r=0.022 done=False buffer=37205 learn=True
2026-08-30 06:43:40,213 [INFO] kaggriculture_self_play_training: Episode 17/36 | Epsilon: 0.080 | Buffer Size: 37223 | Raw Reward: -29.93 | Shaped Reward: -41.38 | Avg Loss: 41.99835
2026-08-30 06:43:42,990 [DEBUG] kaggriculture_self_play_training: === Episode 18/36 | opponent=/Users/sweeden/kagg/experiments/Hinesight Experience Replay for Double Q-Learning DQN SB3 Kaggriculture reinforcement learning/farm_bc_ladder/checkpoints/checkpoint_ep_12.pt | eps=0.078 | buffer=37223 ===
2026-08-30 06:43:43,006 [DEBUG] kaggriculture_self_play_training: Ep 18 step 0 obs: tiles=(1, 9, 10, 10) numeric=(1, 55) valid_verbs=3 valid_crops=0 valid_market=4
2026-08-30 06:43:43,049 [DEBUG] kaggriculture_self_play_training: Ep 18 step 0: verb=7 crop=0 raw_r=-0.980 shaped_r=-1.705 done=False buffer=37224 learn=True
2026-08-30 06:43:43,138 [DEBUG] kaggriculture_self_play_training: Ep 18 step 1 DQN update: loss=26.98563 batch=32 priorities_updated=32
2026-08-30 06:43:43,139 [INFO] kaggriculture_self_play_training: PER: TD-error priority reweighting applied (n=32 td_mean=58.50925 td_max=267.22424)
2026-08-30 06:43:43,161 [DEBUG] kaggriculture_self_play_training: Ep 18 step 1: verb=7 crop=0 raw_r=-24.950 shaped_r=-20.000 done=False buffer=37225 learn=True
2026-08-30 06:43:43,224 [DEBUG] kaggriculture_self_play_training: Ep 18 step 2 DQN update: loss=36.89071 batch=32 priorities_updated=32
2026-08-30 06:43:43,248 [DEBUG] kaggriculture_self_play_training: Ep 18 step 2: verb=7 crop=0 raw_r=0.000 shaped_r=-5.509 done=False buffer=37226 learn=True
2026-08-30 06:43:43,315 [DEBUG] kaggriculture_self_play_training: Ep 18 step 3 DQN update: loss=70.21183 batch=32 priorities_updated=32
2026-08-30 06:43:51,352 [DEBUG] kaggriculture_self_play_training: Ep 18 step 100 DQN update: loss=30.34774 batch=32 priorities_updated=32
2026-08-30 06:43:51,372 [DEBUG] kaggriculture_self_play_training: Ep 18 step 100: verb=5 crop=0 raw_r=0.000 shaped_r=-0.531 done=False buffer=37324 learn=True
2026-08-30 06:43:59,596 [DEBUG] kaggriculture_self_play_training: Ep 18 step 200 DQN update: loss=65.74952 batch=32 priorities_updated=32
2026-08-30 06:43:59,609 [DEBUG] kaggriculture_self_play_training: Ep 18 step 200: verb=5 crop=0 raw_r=0.000 shaped_r=0.014 done=False buffer=37424 learn=True
2026-08-30 06:44:07,798 [DEBUG] kaggriculture_self_play_training: Ep 18 step 300 DQN update: loss=28.34255 batch=32 priorities_updated=32
2026-08-30 06:44:07,820 [DEBUG] kaggriculture_self_play_training: Ep 18 step 300: verb=8 crop=0 raw_r=0.000 shaped_r=0.014 done=False buffer=37524 learn=True
2026-08-30 06:44:16,886 [DEBUG] kaggriculture_self_play_training: Ep 18 step 400 DQN update: loss=44.12623 batch=32 priorities_updated=32
2026-08-30 06:44:16,897 [DEBUG] kaggriculture_self_play_training: Ep 18 step 400: verb=8 crop=0 raw_r=0.000 shaped_r=-0.239 done=False buffer=37624 learn=True
2026-08-30 06:44:25,844 [DEBUG] kaggriculture_self_play_training: Ep 18 step 500 DQN update: loss=63.06208 batch=32 priorities_updated=32
2026-08-30 06:44:25,857 [DEBUG] kaggriculture_self_play_training: Ep 18 step 500: verb=5 crop=0 raw_r=0.000 shaped_r=-0.146 done=False buffer=37724 learn=True
2026-08-30 06:44:35,090 [DEBUG] kaggriculture_self_play_training: Ep 18 step 600 DQN update: loss=30.43892 batch=32 priorities_updated=32
2026-08-30 06:44:35,110 [DEBUG] kaggriculture_self_play_training: Ep 18 step 600: verb=7 crop=0 raw_r=0.000 shaped_r=-0.052 done=False buffer=37824 learn=True
2026-08-30 06:44:44,425 [DEBUG] kaggriculture_self_play_training: Ep 18 step 700 DQN update: loss=110.56207 batch=32 priorities_updated=32
2026-08-30 06:44:44,446 [DEBUG] kaggriculture_self_play_training: Ep 18 step 700: verb=8 crop=0 raw_r=0.000 shaped_r=0.036 done=False buffer=37924 learn=True
2026-08-30 06:44:46,056 [INFO] kaggriculture_self_play_training: Episode 18/36 | Epsilon: 0.078 | Buffer Size: 37942 | Raw Reward: -29.93 | Shaped Reward: -354.11 | Avg Loss: 47.14301
[Self-Play] Saved agent checkpoint to: /Users/sweeden/kagg/experiments/Hinesight Experience Replay for Double Q-Learning DQN SB3 Kaggriculture reinforcement learning/farm_bc_ladder/checkpoints/checkpoint_ep_18.pt
[Self-Play] Opponent pool size: 4
2026-08-30 06:44:48,938 [DEBUG] kaggriculture_self_play_training: === Episode 19/36 | opponent=/Users/sweeden/kagg/experiments/Hinesight Experience Replay for Double Q-Learning DQN SB3 Kaggriculture reinforcement learning/farm_bc_ladder/checkpoints/checkpoint_ep_18.pt | eps=0.075 | buffer=37942 ===
2026-08-30 06:44:48,953 [DEBUG] kaggriculture_self_play_training: Ep 19 step 0 obs: tiles=(1, 9, 10, 10) numeric=(1, 55) valid_verbs=3 valid_crops=0 valid_market=4
2026-08-30 06:44:49,001 [DEBUG] kaggriculture_self_play_training: Ep 19 step 0: verb=7 crop=0 raw_r=-1.430 shaped_r=-2.155 done=False buffer=37943 learn=True
2026-08-30 06:44:49,100 [DEBUG] kaggriculture_self_play_training: Ep 19 step 1 DQN update: loss=111.57472 batch=32 priorities_updated=32
2026-08-30 06:44:49,101 [INFO] kaggriculture_self_play_training: PER: TD-error priority reweighting applied (n=32 td_mean=258.94101 td_max=1962.82129)
2026-08-30 06:44:49,124 [DEBUG] kaggriculture_self_play_training: Ep 19 step 1: verb=7 crop=0 raw_r=-24.400 shaped_r=-20.000 done=False buffer=37944 learn=True
2026-08-30 06:44:49,191 [DEBUG] kaggriculture_self_play_training: Ep 19 step 2 DQN update: loss=58.44761 batch=32 priorities_updated=32
2026-08-30 06:44:49,211 [DEBUG] kaggriculture_self_play_training: Ep 19 step 2: verb=7 crop=0 raw_r=0.000 shaped_r=-0.723 done=False buffer=37945 learn=True
2026-08-30 06:44:49,271 [DEBUG] kaggriculture_self_play_training: Ep 19 step 3 DQN update: loss=53.98028 batch=32 priorities_updated=32
2026-08-30 06:44:57,241 [DEBUG] kaggriculture_self_play_training: Ep 19 step 100 DQN update: loss=83.85258 batch=32 priorities_updated=32
2026-08-30 06:44:57,262 [DEBUG] kaggriculture_self_play_training: Ep 19 step 100: verb=5 crop=0 raw_r=0.000 shaped_r=-0.820 done=False buffer=38043 learn=True
2026-08-30 06:45:05,506 [DEBUG] kaggriculture_self_play_training: Ep 19 step 200 DQN update: loss=43.50752 batch=32 priorities_updated=32
2026-08-30 06:45:05,527 [DEBUG] kaggriculture_self_play_training: Ep 19 step 200: verb=5 crop=0 raw_r=0.000 shaped_r=-0.820 done=False buffer=38143 learn=True
2026-08-30 06:45:13,750 [DEBUG] kaggriculture_self_play_training: Ep 19 step 300 DQN update: loss=48.51580 batch=32 priorities_updated=32
2026-08-30 06:45:13,771 [DEBUG] kaggriculture_self_play_training: Ep 19 step 300: verb=8 crop=0 raw_r=0.000 shaped_r=-1.179 done=False buffer=38243 learn=True
2026-08-30 06:45:22,490 [DEBUG] kaggriculture_self_play_training: Ep 19 step 400 DQN update: loss=73.15496 batch=32 priorities_updated=32
2026-08-30 06:45:22,502 [DEBUG] kaggriculture_self_play_training: Ep 19 step 400: verb=0 crop=0 raw_r=0.000 shaped_r=-0.820 done=False buffer=38343 learn=True
2026-08-30 06:45:31,235 [DEBUG] kaggriculture_self_play_training: Ep 19 step 500 DQN update: loss=49.48449 batch=32 priorities_updated=32
2026-08-30 06:45:31,255 [DEBUG] kaggriculture_self_play_training: Ep 19 step 500: verb=7 crop=0 raw_r=0.000 shaped_r=-1.030 done=False buffer=38443 learn=True
2026-08-30 06:45:40,279 [DEBUG] kaggriculture_self_play_training: Ep 19 step 600 DQN update: loss=46.88391 batch=32 priorities_updated=32
2026-08-30 06:45:40,302 [DEBUG] kaggriculture_self_play_training: Ep 19 step 600: verb=7 crop=0 raw_r=0.000 shaped_r=-0.946 done=False buffer=38543 learn=True
2026-08-30 06:45:49,323 [DEBUG] kaggriculture_self_play_training: Ep 19 step 700 DQN update: loss=31.93219 batch=32 priorities_updated=32
2026-08-30 06:45:49,334 [DEBUG] kaggriculture_self_play_training: Ep 19 step 700: verb=8 crop=0 raw_r=0.000 shaped_r=-0.820 done=False buffer=38643 learn=True
2026-08-30 06:45:51,024 [INFO] kaggriculture_self_play_training: Episode 19/36 | Epsilon: 0.075 | Buffer Size: 38661 | Raw Reward: -29.93 | Shaped Reward: -797.67 | Avg Loss: 51.91689
2026-08-30 06:45:54,140 [DEBUG] kaggriculture_self_play_training: === Episode 20/36 | opponent=online-self | eps=0.072 | buffer=38661 ===
2026-08-30 06:45:54,155 [DEBUG] kaggriculture_self_play_training: Ep 20 step 0 obs: tiles=(1, 9, 10, 10) numeric=(1, 55) valid_verbs=3 valid_crops=0 valid_market=4
2026-08-30 06:45:54,200 [DEBUG] kaggriculture_self_play_training: Ep 20 step 0: verb=7 crop=0 raw_r=-1.430 shaped_r=-2.155 done=False buffer=38662 learn=True
2026-08-30 06:45:54,304 [DEBUG] kaggriculture_self_play_training: Ep 20 step 1 DQN update: loss=40.84273 batch=32 priorities_updated=32
2026-08-30 06:45:54,305 [INFO] kaggriculture_self_play_training: PER: TD-error priority reweighting applied (n=32 td_mean=83.46353 td_max=529.24536)
2026-08-30 06:45:54,329 [DEBUG] kaggriculture_self_play_training: Ep 20 step 1: verb=7 crop=0 raw_r=-24.400 shaped_r=-20.000 done=False buffer=38663 learn=True
2026-08-30 06:45:54,393 [DEBUG] kaggriculture_self_play_training: Ep 20 step 2 DQN update: loss=44.14579 batch=32 priorities_updated=32
2026-08-30 06:45:54,414 [DEBUG] kaggriculture_self_play_training: Ep 20 step 2: verb=7 crop=0 raw_r=0.000 shaped_r=-0.723 done=False buffer=38664 learn=True
2026-08-30 06:45:54,474 [DEBUG] kaggriculture_self_play_training: Ep 20 step 3 DQN update: loss=42.16953 batch=32 priorities_updated=32
2026-08-30 06:46:02,508 [DEBUG] kaggriculture_self_play_training: Ep 20 step 100 DQN update: loss=100.91098 batch=32 priorities_updated=32
2026-08-30 06:46:02,528 [DEBUG] kaggriculture_self_play_training: Ep 20 step 100: verb=7 crop=0 raw_r=0.000 shaped_r=-1.201 done=False buffer=38762 learn=True
2026-08-30 06:46:10,890 [DEBUG] kaggriculture_self_play_training: Ep 20 step 200 DQN update: loss=38.89581 batch=32 priorities_updated=32
2026-08-30 06:46:10,903 [DEBUG] kaggriculture_self_play_training: Ep 20 step 200: verb=0 crop=0 raw_r=0.000 shaped_r=-0.820 done=False buffer=38862 learn=True
2026-08-30 06:46:19,122 [DEBUG] kaggriculture_self_play_training: Ep 20 step 300 DQN update: loss=34.02801 batch=32 priorities_updated=32
2026-08-30 06:46:19,134 [DEBUG] kaggriculture_self_play_training: Ep 20 step 300: verb=7 crop=0 raw_r=0.000 shaped_r=-1.158 done=False buffer=38962 learn=True
2026-08-30 06:46:27,550 [DEBUG] kaggriculture_self_play_training: Ep 20 step 400 DQN update: loss=52.48804 batch=32 priorities_updated=32
2026-08-30 06:46:27,575 [DEBUG] kaggriculture_self_play_training: Ep 20 step 400: verb=7 crop=0 raw_r=0.000 shaped_r=-1.092 done=False buffer=39062 learn=True
2026-08-30 06:46:36,218 [DEBUG] kaggriculture_self_play_training: Ep 20 step 500 DQN update: loss=51.87296 batch=32 priorities_updated=32
2026-08-30 06:46:36,242 [DEBUG] kaggriculture_self_play_training: Ep 20 step 500: verb=8 crop=0 raw_r=0.000 shaped_r=-1.006 done=False buffer=39162 learn=True
2026-08-30 06:46:46,338 [DEBUG] kaggriculture_self_play_training: Ep 20 step 600 DQN update: loss=36.32695 batch=32 priorities_updated=32
2026-08-30 06:46:46,364 [DEBUG] kaggriculture_self_play_training: Ep 20 step 600: verb=7 crop=0 raw_r=0.000 shaped_r=-0.820 done=False buffer=39262 learn=True
2026-08-30 06:46:56,858 [DEBUG] kaggriculture_self_play_training: Ep 20 step 700 DQN update: loss=42.73856 batch=32 priorities_updated=32
2026-08-30 06:46:56,880 [DEBUG] kaggriculture_self_play_training: Ep 20 step 700: verb=5 crop=0 raw_r=0.000 shaped_r=-0.820 done=False buffer=39362 learn=True
2026-08-30 06:46:58,758 [INFO] kaggriculture_self_play_training: Episode 20/36 | Epsilon: 0.072 | Buffer Size: 39380 | Raw Reward: -29.93 | Shaped Reward: -750.38 | Avg Loss: 56.32658
2026-08-30 06:47:01,996 [DEBUG] kaggriculture_self_play_training: === Episode 21/36 | opponent=/Users/sweeden/kagg/experiments/Hinesight Experience Replay for Double Q-Learning DQN SB3 Kaggriculture reinforcement learning/farm_bc_ladder/checkpoints/checkpoint_ep_0.pt | eps=0.070 | buffer=39380 ===
2026-08-30 06:47:02,012 [DEBUG] kaggriculture_self_play_training: Ep 21 step 0 obs: tiles=(1, 9, 10, 10) numeric=(1, 55) valid_verbs=3 valid_crops=0 valid_market=4
2026-08-30 06:47:02,063 [DEBUG] kaggriculture_self_play_training: Ep 21 step 0: verb=7 crop=0 raw_r=-0.010 shaped_r=-0.735 done=False buffer=39381 learn=True
2026-08-30 06:47:02,224 [DEBUG] kaggriculture_self_play_training: Ep 21 step 1 DQN update: loss=74.99011 batch=32 priorities_updated=32
2026-08-30 06:47:02,225 [INFO] kaggriculture_self_play_training: PER: TD-error priority reweighting applied (n=32 td_mean=172.44533 td_max=1131.92847)
2026-08-30 06:47:02,252 [DEBUG] kaggriculture_self_play_training: Ep 21 step 1: verb=7 crop=0 raw_r=-0.010 shaped_r=-0.536 done=False buffer=39382 learn=True
2026-08-30 06:47:02,315 [DEBUG] kaggriculture_self_play_training: Ep 21 step 2 DQN update: loss=85.65578 batch=32 priorities_updated=32
2026-08-30 06:47:02,336 [DEBUG] kaggriculture_self_play_training: Ep 21 step 2: verb=7 crop=0 raw_r=-3.740 shaped_r=-4.067 done=False buffer=39383 learn=True
2026-08-30 06:47:02,408 [DEBUG] kaggriculture_self_play_training: Ep 21 step 3 DQN update: loss=35.18533 batch=32 priorities_updated=32
2026-08-30 06:47:10,834 [DEBUG] kaggriculture_self_play_training: Ep 21 step 100 DQN update: loss=49.34415 batch=32 priorities_updated=32
2026-08-30 06:47:10,859 [DEBUG] kaggriculture_self_play_training: Ep 21 step 100: verb=5 crop=0 raw_r=0.000 shaped_r=0.794 done=False buffer=39481 learn=True
2026-08-30 06:47:19,594 [DEBUG] kaggriculture_self_play_training: Ep 21 step 200 DQN update: loss=45.33905 batch=32 priorities_updated=32
2026-08-30 06:47:19,618 [DEBUG] kaggriculture_self_play_training: Ep 21 step 200: verb=3 crop=0 raw_r=0.000 shaped_r=0.694 done=False buffer=39581 learn=True
2026-08-30 06:47:28,241 [DEBUG] kaggriculture_self_play_training: Ep 21 step 300 DQN update: loss=75.83485 batch=32 priorities_updated=32
2026-08-30 06:47:28,262 [DEBUG] kaggriculture_self_play_training: Ep 21 step 300: verb=3 crop=0 raw_r=0.000 shaped_r=0.383 done=False buffer=39681 learn=True
2026-08-30 06:47:36,965 [DEBUG] kaggriculture_self_play_training: Ep 21 step 400 DQN update: loss=110.19608 batch=32 priorities_updated=32
2026-08-30 06:47:36,987 [DEBUG] kaggriculture_self_play_training: Ep 21 step 400: verb=3 crop=0 raw_r=0.000 shaped_r=0.466 done=False buffer=39781 learn=True
2026-08-30 06:47:45,566 [DEBUG] kaggriculture_self_play_training: Ep 21 step 500 DQN update: loss=78.19654 batch=32 priorities_updated=32
2026-08-30 06:47:45,589 [DEBUG] kaggriculture_self_play_training: Ep 21 step 500: verb=3 crop=0 raw_r=0.000 shaped_r=0.326 done=False buffer=39881 learn=True
2026-08-30 06:47:54,985 [DEBUG] kaggriculture_self_play_training: Ep 21 step 600 DQN update: loss=195.85307 batch=32 priorities_updated=32
2026-08-30 06:47:55,011 [DEBUG] kaggriculture_self_play_training: Ep 21 step 600: verb=3 crop=0 raw_r=0.000 shaped_r=0.283 done=False buffer=39981 learn=True
2026-08-30 06:48:05,384 [DEBUG] kaggriculture_self_play_training: Ep 21 step 700 DQN update: loss=50.38440 batch=32 priorities_updated=32
2026-08-30 06:48:05,410 [DEBUG] kaggriculture_self_play_training: Ep 21 step 700: verb=3 crop=0 raw_r=0.000 shaped_r=0.222 done=False buffer=40081 learn=True
2026-08-30 06:48:07,271 [INFO] kaggriculture_self_play_training: Episode 21/36 | Epsilon: 0.070 | Buffer Size: 40099 | Raw Reward: -28.89 | Shaped Reward: 291.95 | Avg Loss: 63.80766
2026-08-30 06:48:10,453 [DEBUG] kaggriculture_self_play_training: === Episode 22/36 | opponent=/Users/sweeden/kagg/experiments/Hinesight Experience Replay for Double Q-Learning DQN SB3 Kaggriculture reinforcement learning/farm_bc_ladder/checkpoints/checkpoint_ep_6.pt | eps=0.067 | buffer=40099 ===
2026-08-30 06:48:10,470 [DEBUG] kaggriculture_self_play_training: Ep 22 step 0 obs: tiles=(1, 9, 10, 10) numeric=(1, 55) valid_verbs=3 valid_crops=0 valid_market=4
2026-08-30 06:48:10,517 [DEBUG] kaggriculture_self_play_training: Ep 22 step 0: verb=7 crop=0 raw_r=-0.010 shaped_r=-0.735 done=False buffer=40100 learn=True
2026-08-30 06:48:10,602 [DEBUG] kaggriculture_self_play_training: Ep 22 step 1 DQN update: loss=63.12493 batch=32 priorities_updated=32
2026-08-30 06:48:10,603 [INFO] kaggriculture_self_play_training: PER: TD-error priority reweighting applied (n=32 td_mean=165.21565 td_max=1233.34924)
2026-08-30 06:48:10,625 [DEBUG] kaggriculture_self_play_training: Ep 22 step 1: verb=7 crop=0 raw_r=0.000 shaped_r=0.198 done=False buffer=40101 learn=True
2026-08-30 06:48:10,691 [DEBUG] kaggriculture_self_play_training: Ep 22 step 2 DQN update: loss=27.14344 batch=32 priorities_updated=32
2026-08-30 06:48:10,703 [DEBUG] kaggriculture_self_play_training: Ep 22 step 2: verb=8 crop=0 raw_r=0.000 shaped_r=-0.325 done=False buffer=40102 learn=True
2026-08-30 06:48:10,769 [DEBUG] kaggriculture_self_play_training: Ep 22 step 3 DQN update: loss=89.41117 batch=32 priorities_updated=32
2026-08-30 06:48:19,168 [DEBUG] kaggriculture_self_play_training: Ep 22 step 100 DQN update: loss=40.05994 batch=32 priorities_updated=32
2026-08-30 06:48:19,191 [DEBUG] kaggriculture_self_play_training: Ep 22 step 100: verb=3 crop=0 raw_r=0.000 shaped_r=-0.117 done=False buffer=40200 learn=True
2026-08-30 06:48:27,814 [DEBUG] kaggriculture_self_play_training: Ep 22 step 200 DQN update: loss=85.40906 batch=32 priorities_updated=32
2026-08-30 06:48:27,837 [DEBUG] kaggriculture_self_play_training: Ep 22 step 200: verb=3 crop=0 raw_r=0.000 shaped_r=-0.262 done=False buffer=40300 learn=True
2026-08-30 06:48:36,666 [DEBUG] kaggriculture_self_play_training: Ep 22 step 300 DQN update: loss=37.55354 batch=32 priorities_updated=32
2026-08-30 06:48:36,688 [DEBUG] kaggriculture_self_play_training: Ep 22 step 300: verb=3 crop=0 raw_r=0.000 shaped_r=-0.163 done=False buffer=40400 learn=True
2026-08-30 06:48:46,863 [DEBUG] kaggriculture_self_play_training: Ep 22 step 400 DQN update: loss=54.67419 batch=32 priorities_updated=32
2026-08-30 06:48:46,889 [DEBUG] kaggriculture_self_play_training: Ep 22 step 400: verb=5 crop=0 raw_r=0.000 shaped_r=0.026 done=False buffer=40500 learn=True
2026-08-30 06:48:56,810 [DEBUG] kaggriculture_self_play_training: Ep 22 step 500 DQN update: loss=65.53923 batch=32 priorities_updated=32
2026-08-30 06:48:56,837 [DEBUG] kaggriculture_self_play_training: Ep 22 step 500: verb=5 crop=0 raw_r=0.000 shaped_r=0.002 done=False buffer=40600 learn=True
2026-08-30 06:49:07,575 [DEBUG] kaggriculture_self_play_training: Ep 22 step 600 DQN update: loss=72.20873 batch=32 priorities_updated=32
2026-08-30 06:49:07,603 [DEBUG] kaggriculture_self_play_training: Ep 22 step 600: verb=7 crop=0 raw_r=0.000 shaped_r=0.002 done=False buffer=40700 learn=True
2026-08-30 06:49:18,838 [DEBUG] kaggriculture_self_play_training: Ep 22 step 700 DQN update: loss=75.68585 batch=32 priorities_updated=32
2026-08-30 06:49:18,865 [DEBUG] kaggriculture_self_play_training: Ep 22 step 700: verb=7 crop=0 raw_r=0.000 shaped_r=0.002 done=False buffer=40800 learn=True
2026-08-30 06:49:20,908 [INFO] kaggriculture_self_play_training: Episode 22/36 | Epsilon: 0.067 | Buffer Size: 40818 | Raw Reward: -29.99 | Shaped Reward: 68.94 | Avg Loss: 69.97618
2026-08-30 06:49:24,197 [DEBUG] kaggriculture_self_play_training: === Episode 23/36 | opponent=/Users/sweeden/kagg/experiments/Hinesight Experience Replay for Double Q-Learning DQN SB3 Kaggriculture reinforcement learning/farm_bc_ladder/checkpoints/checkpoint_ep_12.pt | eps=0.064 | buffer=40818 ===
2026-08-30 06:49:24,212 [DEBUG] kaggriculture_self_play_training: Ep 23 step 0 obs: tiles=(1, 9, 10, 10) numeric=(1, 55) valid_verbs=3 valid_crops=0 valid_market=4
2026-08-30 06:49:24,260 [DEBUG] kaggriculture_self_play_training: Ep 23 step 0: verb=7 crop=0 raw_r=0.000 shaped_r=0.000 done=False buffer=40819 learn=True
2026-08-30 06:49:24,358 [DEBUG] kaggriculture_self_play_training: Ep 23 step 1 DQN update: loss=63.37955 batch=32 priorities_updated=32
2026-08-30 06:49:24,358 [INFO] kaggriculture_self_play_training: PER: TD-error priority reweighting applied (n=32 td_mean=114.06740 td_max=960.11963)
2026-08-30 06:49:24,381 [DEBUG] kaggriculture_self_play_training: Ep 23 step 1: verb=7 crop=0 raw_r=0.000 shaped_r=0.200 done=False buffer=40820 learn=True
2026-08-30 06:49:24,452 [DEBUG] kaggriculture_self_play_training: Ep 23 step 2 DQN update: loss=114.36584 batch=32 priorities_updated=32
2026-08-30 06:49:24,475 [DEBUG] kaggriculture_self_play_training: Ep 23 step 2: verb=7 crop=0 raw_r=0.000 shaped_r=0.240 done=False buffer=40821 learn=True
2026-08-30 06:49:24,545 [DEBUG] kaggriculture_self_play_training: Ep 23 step 3 DQN update: loss=80.02903 batch=32 priorities_updated=32
2026-08-30 06:49:33,448 [DEBUG] kaggriculture_self_play_training: Ep 23 step 100 DQN update: loss=91.48077 batch=32 priorities_updated=32
2026-08-30 06:49:33,472 [DEBUG] kaggriculture_self_play_training: Ep 23 step 100: verb=5 crop=0 raw_r=0.000 shaped_r=2.678 done=False buffer=40919 learn=True
2026-08-30 06:49:42,358 [DEBUG] kaggriculture_self_play_training: Ep 23 step 200 DQN update: loss=66.59848 batch=32 priorities_updated=32
2026-08-30 06:49:42,407 [DEBUG] kaggriculture_self_play_training: Ep 23 step 200: verb=4 crop=0 raw_r=0.000 shaped_r=-0.068 done=False buffer=41019 learn=True
2026-08-30 06:49:51,508 [DEBUG] kaggriculture_self_play_training: Ep 23 step 300 DQN update: loss=61.86334 batch=32 priorities_updated=32
2026-08-30 06:49:51,531 [DEBUG] kaggriculture_self_play_training: Ep 23 step 300: verb=4 crop=0 raw_r=0.000 shaped_r=-0.174 done=False buffer=41119 learn=True
2026-08-30 06:50:00,622 [DEBUG] kaggriculture_self_play_training: Ep 23 step 400 DQN update: loss=151.49165 batch=32 priorities_updated=32
2026-08-30 06:50:00,646 [DEBUG] kaggriculture_self_play_training: Ep 23 step 400: verb=4 crop=0 raw_r=0.000 shaped_r=-0.228 done=False buffer=41219 learn=True
2026-08-30 06:50:10,048 [DEBUG] kaggriculture_self_play_training: Ep 23 step 500 DQN update: loss=27.07273 batch=32 priorities_updated=32
2026-08-30 06:50:10,070 [DEBUG] kaggriculture_self_play_training: Ep 23 step 500: verb=3 crop=0 raw_r=0.000 shaped_r=0.016 done=False buffer=41319 learn=True
2026-08-30 06:50:19,098 [DEBUG] kaggriculture_self_play_training: Ep 23 step 600 DQN update: loss=137.97862 batch=32 priorities_updated=32
2026-08-30 06:50:19,111 [DEBUG] kaggriculture_self_play_training: Ep 23 step 600: verb=1 crop=1 raw_r=0.000 shaped_r=0.582 done=False buffer=41419 learn=True
2026-08-30 06:50:28,271 [DEBUG] kaggriculture_self_play_training: Ep 23 step 700 DQN update: loss=77.94260 batch=32 priorities_updated=32
2026-08-30 06:50:28,300 [DEBUG] kaggriculture_self_play_training: Ep 23 step 700: verb=3 crop=0 raw_r=0.000 shaped_r=0.557 done=False buffer=41519 learn=True
2026-08-30 06:50:30,048 [INFO] kaggriculture_self_play_training: Episode 23/36 | Epsilon: 0.064 | Buffer Size: 41537 | Raw Reward: -29.31 | Shaped Reward: 270.34 | Avg Loss: 83.41311
2026-08-30 06:50:33,455 [DEBUG] kaggriculture_self_play_training: === Episode 24/36 | opponent=/Users/sweeden/kagg/experiments/Hinesight Experience Replay for Double Q-Learning DQN SB3 Kaggriculture reinforcement learning/farm_bc_ladder/checkpoints/checkpoint_ep_18.pt | eps=0.062 | buffer=41537 ===
2026-08-30 06:50:33,473 [DEBUG] kaggriculture_self_play_training: Ep 24 step 0 obs: tiles=(1, 9, 10, 10) numeric=(1, 55) valid_verbs=3 valid_crops=0 valid_market=4
2026-08-30 06:50:33,522 [DEBUG] kaggriculture_self_play_training: Ep 24 step 0: verb=7 crop=0 raw_r=0.000 shaped_r=0.000 done=False buffer=41538 learn=True
2026-08-30 06:50:33,654 [DEBUG] kaggriculture_self_play_training: Ep 24 step 1 DQN update: loss=111.93304 batch=32 priorities_updated=32
2026-08-30 06:50:33,655 [INFO] kaggriculture_self_play_training: PER: TD-error priority reweighting applied (n=32 td_mean=316.91013 td_max=3907.77197)
2026-08-30 06:50:33,685 [DEBUG] kaggriculture_self_play_training: Ep 24 step 1: verb=7 crop=0 raw_r=0.000 shaped_r=0.286 done=False buffer=41539 learn=True
2026-08-30 06:50:33,755 [DEBUG] kaggriculture_self_play_training: Ep 24 step 2 DQN update: loss=74.25905 batch=32 priorities_updated=32
2026-08-30 06:50:33,779 [DEBUG] kaggriculture_self_play_training: Ep 24 step 2: verb=7 crop=0 raw_r=0.000 shaped_r=0.752 done=False buffer=41540 learn=True
2026-08-30 06:50:33,849 [DEBUG] kaggriculture_self_play_training: Ep 24 step 3 DQN update: loss=50.32819 batch=32 priorities_updated=32
2026-08-30 06:50:43,322 [DEBUG] kaggriculture_self_play_training: Ep 24 step 100 DQN update: loss=85.38245 batch=32 priorities_updated=32
2026-08-30 06:50:43,349 [DEBUG] kaggriculture_self_play_training: Ep 24 step 100: verb=5 crop=0 raw_r=0.000 shaped_r=-0.234 done=False buffer=41638 learn=True
2026-08-30 06:50:52,760 [DEBUG] kaggriculture_self_play_training: Ep 24 step 200 DQN update: loss=73.53571 batch=32 priorities_updated=32
2026-08-30 06:50:52,785 [DEBUG] kaggriculture_self_play_training: Ep 24 step 200: verb=4 crop=0 raw_r=0.000 shaped_r=-0.314 done=False buffer=41738 learn=True
2026-08-30 06:51:02,086 [DEBUG] kaggriculture_self_play_training: Ep 24 step 300 DQN update: loss=160.89757 batch=32 priorities_updated=32
2026-08-30 06:51:02,112 [DEBUG] kaggriculture_self_play_training: Ep 24 step 300: verb=4 crop=0 raw_r=0.000 shaped_r=-0.354 done=False buffer=41838 learn=True
2026-08-30 06:51:11,289 [DEBUG] kaggriculture_self_play_training: Ep 24 step 400 DQN update: loss=107.94314 batch=32 priorities_updated=32
2026-08-30 06:51:11,313 [DEBUG] kaggriculture_self_play_training: Ep 24 step 400: verb=4 crop=0 raw_r=0.000 shaped_r=-0.198 done=False buffer=41938 learn=True
2026-08-30 06:51:20,027 [DEBUG] kaggriculture_self_play_training: Ep 24 step 500 DQN update: loss=32.21395 batch=32 priorities_updated=32
2026-08-30 06:51:20,050 [DEBUG] kaggriculture_self_play_training: Ep 24 step 500: verb=3 crop=0 raw_r=0.000 shaped_r=-0.297 done=False buffer=42038 learn=True
2026-08-30 06:51:28,602 [DEBUG] kaggriculture_self_play_training: Ep 24 step 600 DQN update: loss=65.33092 batch=32 priorities_updated=32
2026-08-30 06:51:28,624 [DEBUG] kaggriculture_self_play_training: Ep 24 step 600: verb=2 crop=0 raw_r=0.000 shaped_r=-0.358 done=False buffer=42138 learn=True
2026-08-30 06:51:37,287 [DEBUG] kaggriculture_self_play_training: Ep 24 step 700 DQN update: loss=74.53770 batch=32 priorities_updated=32
2026-08-30 06:51:37,311 [DEBUG] kaggriculture_self_play_training: Ep 24 step 700: verb=7 crop=0 raw_r=0.000 shaped_r=-0.229 done=False buffer=42238 learn=True
2026-08-30 06:51:39,077 [INFO] kaggriculture_self_play_training: Episode 24/36 | Epsilon: 0.062 | Buffer Size: 42256 | Raw Reward: -29.95 | Shaped Reward: -120.78 | Avg Loss: 91.09470
[Self-Play] Saved agent checkpoint to: /Users/sweeden/kagg/experiments/Hinesight Experience Replay for Double Q-Learning DQN SB3 Kaggriculture reinforcement learning/farm_bc_ladder/checkpoints/checkpoint_ep_24.pt
[Self-Play] Opponent pool size: 5
2026-08-30 06:51:42,592 [DEBUG] kaggriculture_self_play_training: === Episode 25/36 | opponent=online-self | eps=0.059 | buffer=42256 ===
2026-08-30 06:51:42,609 [DEBUG] kaggriculture_self_play_training: Ep 25 step 0 obs: tiles=(1, 9, 10, 10) numeric=(1, 55) valid_verbs=3 valid_crops=0 valid_market=4
2026-08-30 06:51:42,655 [DEBUG] kaggriculture_self_play_training: Ep 25 step 0: verb=7 crop=0 raw_r=-0.070 shaped_r=-0.795 done=False buffer=42257 learn=True
2026-08-30 06:51:42,778 [DEBUG] kaggriculture_self_play_training: Ep 25 step 1 DQN update: loss=94.77770 batch=32 priorities_updated=32
2026-08-30 06:51:42,778 [INFO] kaggriculture_self_play_training: PER: TD-error priority reweighting applied (n=32 td_mean=166.46602 td_max=979.24219)
2026-08-30 06:51:42,804 [DEBUG] kaggriculture_self_play_training: Ep 25 step 1: verb=5 crop=0 raw_r=0.000 shaped_r=0.000 done=False buffer=42258 learn=True
2026-08-30 06:51:42,871 [DEBUG] kaggriculture_self_play_training: Ep 25 step 2 DQN update: loss=110.99427 batch=32 priorities_updated=32
2026-08-30 06:51:42,894 [DEBUG] kaggriculture_self_play_training: Ep 25 step 2: verb=5 crop=0 raw_r=0.000 shaped_r=0.000 done=False buffer=42259 learn=True
2026-08-30 06:51:42,960 [DEBUG] kaggriculture_self_play_training: Ep 25 step 3 DQN update: loss=60.54176 batch=32 priorities_updated=32
2026-08-30 06:51:51,350 [DEBUG] kaggriculture_self_play_training: Ep 25 step 100 DQN update: loss=61.94144 batch=32 priorities_updated=32
2026-08-30 06:51:51,371 [DEBUG] kaggriculture_self_play_training: Ep 25 step 100: verb=5 crop=0 raw_r=0.000 shaped_r=-5.690 done=False buffer=42357 learn=True
2026-08-30 06:51:59,982 [DEBUG] kaggriculture_self_play_training: Ep 25 step 200 DQN update: loss=94.64136 batch=32 priorities_updated=32
2026-08-30 06:52:00,004 [DEBUG] kaggriculture_self_play_training: Ep 25 step 200: verb=6 crop=0 raw_r=0.000 shaped_r=-5.770 done=False buffer=42457 learn=True
2026-08-30 06:52:08,818 [DEBUG] kaggriculture_self_play_training: Ep 25 step 300 DQN update: loss=102.72231 batch=32 priorities_updated=32
2026-08-30 06:52:08,844 [DEBUG] kaggriculture_self_play_training: Ep 25 step 300: verb=3 crop=0 raw_r=0.000 shaped_r=-5.929 done=False buffer=42557 learn=True
2026-08-30 06:52:19,171 [DEBUG] kaggriculture_self_play_training: Ep 25 step 400 DQN update: loss=150.55305 batch=32 priorities_updated=32
2026-08-30 06:52:19,201 [DEBUG] kaggriculture_self_play_training: Ep 25 step 400: verb=3 crop=0 raw_r=0.000 shaped_r=-6.040 done=False buffer=42657 learn=True
2026-08-30 06:52:29,458 [DEBUG] kaggriculture_self_play_training: Ep 25 step 500 DQN update: loss=95.53505 batch=32 priorities_updated=32
2026-08-30 06:52:29,485 [DEBUG] kaggriculture_self_play_training: Ep 25 step 500: verb=3 crop=0 raw_r=0.000 shaped_r=-6.043 done=False buffer=42757 learn=True
2026-08-30 06:52:40,443 [DEBUG] kaggriculture_self_play_training: Ep 25 step 600 DQN update: loss=93.02057 batch=32 priorities_updated=32
2026-08-30 06:52:40,469 [DEBUG] kaggriculture_self_play_training: Ep 25 step 600: verb=3 crop=0 raw_r=0.000 shaped_r=-5.983 done=False buffer=42857 learn=True
2026-08-30 06:52:51,475 [DEBUG] kaggriculture_self_play_training: Ep 25 step 700 DQN update: loss=124.19841 batch=32 priorities_updated=32
2026-08-30 06:52:51,501 [DEBUG] kaggriculture_self_play_training: Ep 25 step 700: verb=3 crop=0 raw_r=0.000 shaped_r=-5.916 done=False buffer=42957 learn=True
2026-08-30 06:52:53,538 [INFO] kaggriculture_self_play_training: Episode 25/36 | Epsilon: 0.059 | Buffer Size: 42975 | Raw Reward: -29.91 | Shaped Reward: -4013.07 | Avg Loss: 102.58322
2026-08-30 06:52:57,205 [DEBUG] kaggriculture_self_play_training: === Episode 26/36 | opponent=/Users/sweeden/kagg/experiments/Hinesight Experience Replay for Double Q-Learning DQN SB3 Kaggriculture reinforcement learning/farm_bc_ladder/checkpoints/checkpoint_ep_0.pt | eps=0.056 | buffer=42975 ===
2026-08-30 06:52:57,223 [DEBUG] kaggriculture_self_play_training: Ep 26 step 0 obs: tiles=(1, 9, 10, 10) numeric=(1, 55) valid_verbs=3 valid_crops=0 valid_market=4
2026-08-30 06:52:57,330 [DEBUG] kaggriculture_self_play_training: Ep 26 step 0: verb=5 crop=0 raw_r=-0.070 shaped_r=-0.795 done=False buffer=42976 learn=True
2026-08-30 06:52:57,464 [DEBUG] kaggriculture_self_play_training: Ep 26 step 1 DQN update: loss=170.91089 batch=32 priorities_updated=32
2026-08-30 06:52:57,465 [INFO] kaggriculture_self_play_training: PER: TD-error priority reweighting applied (n=32 td_mean=372.70758 td_max=1995.12500)
2026-08-30 06:52:57,492 [DEBUG] kaggriculture_self_play_training: Ep 26 step 1: verb=5 crop=0 raw_r=-0.050 shaped_r=-0.588 done=False buffer=42977 learn=True
2026-08-30 06:52:57,566 [DEBUG] kaggriculture_self_play_training: Ep 26 step 2 DQN update: loss=93.65121 batch=32 priorities_updated=32
2026-08-30 06:52:57,592 [DEBUG] kaggriculture_self_play_training: Ep 26 step 2: verb=5 crop=0 raw_r=0.000 shaped_r=0.376 done=False buffer=42978 learn=True
2026-08-30 06:52:57,666 [DEBUG] kaggriculture_self_play_training: Ep 26 step 3 DQN update: loss=97.01346 batch=32 priorities_updated=32
2026-08-30 06:53:06,671 [DEBUG] kaggriculture_self_play_training: Ep 26 step 100 DQN update: loss=91.49585 batch=32 priorities_updated=32
2026-08-30 06:53:06,697 [DEBUG] kaggriculture_self_play_training: Ep 26 step 100: verb=7 crop=0 raw_r=0.000 shaped_r=3.012 done=False buffer=43076 learn=True
2026-08-30 06:53:15,746 [DEBUG] kaggriculture_self_play_training: Ep 26 step 200 DQN update: loss=43.83360 batch=32 priorities_updated=32
2026-08-30 06:53:15,771 [DEBUG] kaggriculture_self_play_training: Ep 26 step 200: verb=4 crop=0 raw_r=0.000 shaped_r=0.464 done=False buffer=43176 learn=True
2026-08-30 06:53:24,875 [DEBUG] kaggriculture_self_play_training: Ep 26 step 300 DQN update: loss=125.91087 batch=32 priorities_updated=32
2026-08-30 06:53:24,899 [DEBUG] kaggriculture_self_play_training: Ep 26 step 300: verb=4 crop=0 raw_r=0.000 shaped_r=0.364 done=False buffer=43276 learn=True
2026-08-30 06:53:34,006 [DEBUG] kaggriculture_self_play_training: Ep 26 step 400 DQN update: loss=65.64865 batch=32 priorities_updated=32
2026-08-30 06:53:34,018 [DEBUG] kaggriculture_self_play_training: Ep 26 step 400: verb=7 crop=0 raw_r=0.000 shaped_r=0.154 done=False buffer=43376 learn=True
2026-08-30 06:53:43,297 [DEBUG] kaggriculture_self_play_training: Ep 26 step 500 DQN update: loss=87.30846 batch=32 priorities_updated=32
2026-08-30 06:53:43,320 [DEBUG] kaggriculture_self_play_training: Ep 26 step 500: verb=3 crop=0 raw_r=0.000 shaped_r=0.078 done=False buffer=43476 learn=True
2026-08-30 06:53:52,549 [DEBUG] kaggriculture_self_play_training: Ep 26 step 600 DQN update: loss=123.67830 batch=32 priorities_updated=32
2026-08-30 06:53:52,574 [DEBUG] kaggriculture_self_play_training: Ep 26 step 600: verb=3 crop=0 raw_r=0.000 shaped_r=0.011 done=False buffer=43576 learn=True
2026-08-30 06:54:01,731 [DEBUG] kaggriculture_self_play_training: Ep 26 step 700 DQN update: loss=78.11755 batch=32 priorities_updated=32
2026-08-30 06:54:01,755 [DEBUG] kaggriculture_self_play_training: Ep 26 step 700: verb=3 crop=0 raw_r=0.000 shaped_r=0.077 done=False buffer=43676 learn=True
2026-08-30 06:54:03,576 [INFO] kaggriculture_self_play_training: Episode 26/36 | Epsilon: 0.056 | Buffer Size: 43694 | Raw Reward: -30.00 | Shaped Reward: 450.57 | Avg Loss: 101.33857
2026-08-30 06:54:07,292 [DEBUG] kaggriculture_self_play_training: === Episode 27/36 | opponent=/Users/sweeden/kagg/experiments/Hinesight Experience Replay for Double Q-Learning DQN SB3 Kaggriculture reinforcement learning/farm_bc_ladder/checkpoints/checkpoint_ep_6.pt | eps=0.054 | buffer=43694 ===
2026-08-30 06:54:07,310 [DEBUG] kaggriculture_self_play_training: Ep 27 step 0 obs: tiles=(1, 9, 10, 10) numeric=(1, 55) valid_verbs=3 valid_crops=0 valid_market=4
2026-08-30 06:54:07,356 [DEBUG] kaggriculture_self_play_training: Ep 27 step 0: verb=5 crop=0 raw_r=-1.430 shaped_r=-2.155 done=False buffer=43695 learn=True
2026-08-30 06:54:07,493 [DEBUG] kaggriculture_self_play_training: Ep 27 step 1 DQN update: loss=171.64828 batch=32 priorities_updated=32
2026-08-30 06:54:07,494 [INFO] kaggriculture_self_play_training: PER: TD-error priority reweighting applied (n=32 td_mean=348.19809 td_max=1947.55762)
2026-08-30 06:54:07,521 [DEBUG] kaggriculture_self_play_training: Ep 27 step 1: verb=5 crop=0 raw_r=-0.890 shaped_r=-1.700 done=False buffer=43696 learn=True
2026-08-30 06:54:07,591 [DEBUG] kaggriculture_self_play_training: Ep 27 step 2 DQN update: loss=104.97780 batch=32 priorities_updated=32
2026-08-30 06:54:07,614 [DEBUG] kaggriculture_self_play_training: Ep 27 step 2: verb=5 crop=0 raw_r=-3.770 shaped_r=-4.557 done=False buffer=43697 learn=True
2026-08-30 06:54:07,682 [DEBUG] kaggriculture_self_play_training: Ep 27 step 3 DQN update: loss=82.01283 batch=32 priorities_updated=32
2026-08-30 06:54:16,239 [DEBUG] kaggriculture_self_play_training: Ep 27 step 100 DQN update: loss=66.19305 batch=32 priorities_updated=32
2026-08-30 06:54:16,260 [DEBUG] kaggriculture_self_play_training: Ep 27 step 100: verb=5 crop=0 raw_r=0.000 shaped_r=-0.529 done=False buffer=43795 learn=True
2026-08-30 06:54:24,841 [DEBUG] kaggriculture_self_play_training: Ep 27 step 200 DQN update: loss=157.82306 batch=32 priorities_updated=32
2026-08-30 06:54:24,862 [DEBUG] kaggriculture_self_play_training: Ep 27 step 200: verb=6 crop=0 raw_r=0.000 shaped_r=-0.481 done=False buffer=43895 learn=True
2026-08-30 06:54:33,603 [DEBUG] kaggriculture_self_play_training: Ep 27 step 300 DQN update: loss=78.79304 batch=32 priorities_updated=32
2026-08-30 06:54:33,625 [DEBUG] kaggriculture_self_play_training: Ep 27 step 300: verb=5 crop=0 raw_r=0.000 shaped_r=-0.402 done=False buffer=43995 learn=True
2026-08-30 06:54:42,588 [DEBUG] kaggriculture_self_play_training: Ep 27 step 400 DQN update: loss=111.63758 batch=32 priorities_updated=32
2026-08-30 06:54:42,611 [DEBUG] kaggriculture_self_play_training: Ep 27 step 400: verb=7 crop=0 raw_r=0.000 shaped_r=-0.319 done=False buffer=44095 learn=True
2026-08-30 06:54:51,868 [DEBUG] kaggriculture_self_play_training: Ep 27 step 500 DQN update: loss=109.67668 batch=32 priorities_updated=32
2026-08-30 06:54:51,892 [DEBUG] kaggriculture_self_play_training: Ep 27 step 500: verb=8 crop=0 raw_r=0.000 shaped_r=-0.229 done=False buffer=44195 learn=True
2026-08-30 06:55:01,173 [DEBUG] kaggriculture_self_play_training: Ep 27 step 600 DQN update: loss=181.56062 batch=32 priorities_updated=32
2026-08-30 06:55:01,198 [DEBUG] kaggriculture_self_play_training: Ep 27 step 600: verb=7 crop=0 raw_r=0.000 shaped_r=-0.142 done=False buffer=44295 learn=True
2026-08-30 06:55:10,527 [DEBUG] kaggriculture_self_play_training: Ep 27 step 700 DQN update: loss=75.43399 batch=32 priorities_updated=32
2026-08-30 06:55:10,553 [DEBUG] kaggriculture_self_play_training: Ep 27 step 700: verb=7 crop=0 raw_r=0.000 shaped_r=-0.053 done=False buffer=44395 learn=True
2026-08-30 06:55:12,279 [INFO] kaggriculture_self_play_training: Episode 27/36 | Epsilon: 0.054 | Buffer Size: 44413 | Raw Reward: -29.93 | Shaped Reward: -266.69 | Avg Loss: 110.03882
2026-08-30 06:55:15,914 [DEBUG] kaggriculture_self_play_training: === Episode 28/36 | opponent=/Users/sweeden/kagg/experiments/Hinesight Experience Replay for Double Q-Learning DQN SB3 Kaggriculture reinforcement learning/farm_bc_ladder/checkpoints/checkpoint_ep_12.pt | eps=0.051 | buffer=44413 ===
2026-08-30 06:55:15,930 [DEBUG] kaggriculture_self_play_training: Ep 28 step 0 obs: tiles=(1, 9, 10, 10) numeric=(1, 55) valid_verbs=3 valid_crops=0 valid_market=4
2026-08-30 06:55:15,978 [DEBUG] kaggriculture_self_play_training: Ep 28 step 0: verb=7 crop=0 raw_r=-1.430 shaped_r=-2.155 done=False buffer=44414 learn=True
2026-08-30 06:55:16,074 [DEBUG] kaggriculture_self_play_training: Ep 28 step 1 DQN update: loss=155.76089 batch=32 priorities_updated=32
2026-08-30 06:55:16,075 [INFO] kaggriculture_self_play_training: PER: TD-error priority reweighting applied (n=32 td_mean=597.20831 td_max=6734.07715)
2026-08-30 06:55:16,098 [DEBUG] kaggriculture_self_play_training: Ep 28 step 1: verb=5 crop=0 raw_r=0.000 shaped_r=-0.086 done=False buffer=44415 learn=True
2026-08-30 06:55:16,173 [DEBUG] kaggriculture_self_play_training: Ep 28 step 2 DQN update: loss=157.67003 batch=32 priorities_updated=32
2026-08-30 06:55:16,197 [DEBUG] kaggriculture_self_play_training: Ep 28 step 2: verb=5 crop=0 raw_r=0.000 shaped_r=0.114 done=False buffer=44416 learn=True
2026-08-30 06:55:16,266 [DEBUG] kaggriculture_self_play_training: Ep 28 step 3 DQN update: loss=97.27435 batch=32 priorities_updated=32
2026-08-30 06:55:25,297 [DEBUG] kaggriculture_self_play_training: Ep 28 step 100 DQN update: loss=157.47148 batch=32 priorities_updated=32
2026-08-30 06:55:25,318 [DEBUG] kaggriculture_self_play_training: Ep 28 step 100: verb=7 crop=0 raw_r=0.000 shaped_r=5.666 done=False buffer=44514 learn=True
2026-08-30 06:55:34,038 [DEBUG] kaggriculture_self_play_training: Ep 28 step 200 DQN update: loss=173.13986 batch=32 priorities_updated=32
2026-08-30 06:55:34,049 [DEBUG] kaggriculture_self_play_training: Ep 28 step 200: verb=3 crop=0 raw_r=0.000 shaped_r=0.340 done=False buffer=44614 learn=True
2026-08-30 06:55:42,747 [DEBUG] kaggriculture_self_play_training: Ep 28 step 300 DQN update: loss=107.89501 batch=32 priorities_updated=32
2026-08-30 06:55:42,770 [DEBUG] kaggriculture_self_play_training: Ep 28 step 300: verb=3 crop=0 raw_r=0.000 shaped_r=0.311 done=False buffer=44714 learn=True
2026-08-30 06:55:52,604 [DEBUG] kaggriculture_self_play_training: Ep 28 step 400 DQN update: loss=149.29477 batch=32 priorities_updated=32
2026-08-30 06:55:52,626 [DEBUG] kaggriculture_self_play_training: Ep 28 step 400: verb=3 crop=0 raw_r=0.000 shaped_r=0.338 done=False buffer=44814 learn=True
2026-08-30 06:56:03,680 [DEBUG] kaggriculture_self_play_training: Ep 28 step 500 DQN update: loss=70.38300 batch=32 priorities_updated=32
2026-08-30 06:56:03,711 [DEBUG] kaggriculture_self_play_training: Ep 28 step 500: verb=3 crop=0 raw_r=0.000 shaped_r=0.344 done=False buffer=44914 learn=True
2026-08-30 06:56:14,578 [DEBUG] kaggriculture_self_play_training: Ep 28 step 600 DQN update: loss=73.01472 batch=32 priorities_updated=32
2026-08-30 06:56:14,609 [DEBUG] kaggriculture_self_play_training: Ep 28 step 600: verb=3 crop=0 raw_r=0.000 shaped_r=0.326 done=False buffer=45014 learn=True
2026-08-30 06:56:25,736 [DEBUG] kaggriculture_self_play_training: Ep 28 step 700 DQN update: loss=133.34326 batch=32 priorities_updated=32
2026-08-30 06:56:25,766 [DEBUG] kaggriculture_self_play_training: Ep 28 step 700: verb=3 crop=0 raw_r=0.000 shaped_r=0.277 done=False buffer=45114 learn=True
2026-08-30 06:56:27,895 [INFO] kaggriculture_self_play_training: Episode 28/36 | Epsilon: 0.051 | Buffer Size: 45132 | Raw Reward: -28.71 | Shaped Reward: 583.42 | Avg Loss: 122.03656
2026-08-30 06:56:31,961 [DEBUG] kaggriculture_self_play_training: === Episode 29/36 | opponent=/Users/sweeden/kagg/experiments/Hinesight Experience Replay for Double Q-Learning DQN SB3 Kaggriculture reinforcement learning/farm_bc_ladder/checkpoints/checkpoint_ep_18.pt | eps=0.049 | buffer=45132 ===
2026-08-30 06:56:31,992 [DEBUG] kaggriculture_self_play_training: Ep 29 step 0 obs: tiles=(1, 9, 10, 10) numeric=(1, 55) valid_verbs=3 valid_crops=0 valid_market=4
2026-08-30 06:56:32,055 [DEBUG] kaggriculture_self_play_training: Ep 29 step 0: verb=5 crop=0 raw_r=0.000 shaped_r=-0.725 done=False buffer=45133 learn=True
2026-08-30 06:56:32,208 [DEBUG] kaggriculture_self_play_training: Ep 29 step 1 DQN update: loss=159.38695 batch=32 priorities_updated=32
2026-08-30 06:56:32,210 [INFO] kaggriculture_self_play_training: PER: TD-error priority reweighting applied (n=32 td_mean=407.96204 td_max=2569.86914)
2026-08-30 06:56:32,241 [DEBUG] kaggriculture_self_play_training: Ep 29 step 1: verb=5 crop=0 raw_r=0.000 shaped_r=0.286 done=False buffer=45134 learn=True
2026-08-30 06:56:32,315 [DEBUG] kaggriculture_self_play_training: Ep 29 step 2 DQN update: loss=209.63138 batch=32 priorities_updated=32
2026-08-30 06:56:32,339 [DEBUG] kaggriculture_self_play_training: Ep 29 step 2: verb=5 crop=0 raw_r=0.000 shaped_r=5.166 done=False buffer=45135 learn=True
2026-08-30 06:56:32,414 [DEBUG] kaggriculture_self_play_training: Ep 29 step 3 DQN update: loss=142.72424 batch=32 priorities_updated=32
2026-08-30 06:56:41,658 [DEBUG] kaggriculture_self_play_training: Ep 29 step 100 DQN update: loss=109.04228 batch=32 priorities_updated=32
2026-08-30 06:56:41,671 [DEBUG] kaggriculture_self_play_training: Ep 29 step 100: verb=6 crop=0 raw_r=-4.000 shaped_r=-0.258 done=False buffer=45233 learn=True
2026-08-30 06:56:51,114 [DEBUG] kaggriculture_self_play_training: Ep 29 step 200 DQN update: loss=319.42963 batch=32 priorities_updated=32
2026-08-30 06:56:51,140 [DEBUG] kaggriculture_self_play_training: Ep 29 step 200: verb=6 crop=0 raw_r=0.000 shaped_r=2.195 done=False buffer=45333 learn=True
2026-08-30 06:57:00,778 [DEBUG] kaggriculture_self_play_training: Ep 29 step 300 DQN update: loss=96.26359 batch=32 priorities_updated=32
2026-08-30 06:57:00,801 [DEBUG] kaggriculture_self_play_training: Ep 29 step 300: verb=3 crop=0 raw_r=0.000 shaped_r=-0.957 done=False buffer=45433 learn=True
2026-08-30 06:57:10,256 [DEBUG] kaggriculture_self_play_training: Ep 29 step 400 DQN update: loss=223.84818 batch=32 priorities_updated=32
2026-08-30 06:57:10,280 [DEBUG] kaggriculture_self_play_training: Ep 29 step 400: verb=3 crop=0 raw_r=0.000 shaped_r=-0.904 done=False buffer=45533 learn=True
2026-08-30 06:57:19,523 [DEBUG] kaggriculture_self_play_training: Ep 29 step 500 DQN update: loss=110.36968 batch=32 priorities_updated=32
2026-08-30 06:57:19,547 [DEBUG] kaggriculture_self_play_training: Ep 29 step 500: verb=3 crop=0 raw_r=0.000 shaped_r=-0.911 done=False buffer=45633 learn=True
2026-08-30 06:57:28,641 [DEBUG] kaggriculture_self_play_training: Ep 29 step 600 DQN update: loss=171.27686 batch=32 priorities_updated=32
2026-08-30 06:57:28,655 [DEBUG] kaggriculture_self_play_training: Ep 29 step 600: verb=0 crop=0 raw_r=0.000 shaped_r=-0.948 done=False buffer=45733 learn=True
2026-08-30 06:57:37,723 [DEBUG] kaggriculture_self_play_training: Ep 29 step 700 DQN update: loss=125.38217 batch=32 priorities_updated=32
2026-08-30 06:57:37,745 [DEBUG] kaggriculture_self_play_training: Ep 29 step 700: verb=3 crop=0 raw_r=0.000 shaped_r=-0.863 done=False buffer=45833 learn=True
2026-08-30 06:57:39,472 [INFO] kaggriculture_self_play_training: Episode 29/36 | Epsilon: 0.049 | Buffer Size: 45851 | Raw Reward: -29.93 | Shaped Reward: 357.71 | Avg Loss: 147.03725
2026-08-30 06:57:43,695 [DEBUG] kaggriculture_self_play_training: === Episode 30/36 | opponent=online-self | eps=0.046 | buffer=45851 ===
2026-08-30 06:57:43,714 [DEBUG] kaggriculture_self_play_training: Ep 30 step 0 obs: tiles=(1, 9, 10, 10) numeric=(1, 55) valid_verbs=3 valid_crops=0 valid_market=4
2026-08-30 06:57:43,770 [DEBUG] kaggriculture_self_play_training: Ep 30 step 0: verb=5 crop=0 raw_r=0.000 shaped_r=-0.725 done=False buffer=45852 learn=True
2026-08-30 06:57:43,876 [DEBUG] kaggriculture_self_play_training: Ep 30 step 1 DQN update: loss=86.82887 batch=32 priorities_updated=32
2026-08-30 06:57:43,878 [INFO] kaggriculture_self_play_training: PER: TD-error priority reweighting applied (n=32 td_mean=296.44754 td_max=2780.88574)
2026-08-30 06:57:43,902 [DEBUG] kaggriculture_self_play_training: Ep 30 step 1: verb=5 crop=0 raw_r=0.000 shaped_r=-0.724 done=False buffer=45853 learn=True
2026-08-30 06:57:43,965 [DEBUG] kaggriculture_self_play_training: Ep 30 step 2 DQN update: loss=159.71089 batch=32 priorities_updated=32
2026-08-30 06:57:43,986 [DEBUG] kaggriculture_self_play_training: Ep 30 step 2: verb=5 crop=0 raw_r=0.000 shaped_r=-0.723 done=False buffer=45854 learn=True
2026-08-30 06:57:44,050 [DEBUG] kaggriculture_self_play_training: Ep 30 step 3 DQN update: loss=147.69620 batch=32 priorities_updated=32
2026-08-30 06:57:52,384 [DEBUG] kaggriculture_self_play_training: Ep 30 step 100 DQN update: loss=176.19254 batch=32 priorities_updated=32
2026-08-30 06:57:52,407 [DEBUG] kaggriculture_self_play_training: Ep 30 step 100: verb=5 crop=0 raw_r=0.000 shaped_r=-5.766 done=False buffer=45952 learn=True
2026-08-30 06:58:01,123 [DEBUG] kaggriculture_self_play_training: Ep 30 step 200 DQN update: loss=146.43683 batch=32 priorities_updated=32
2026-08-30 06:58:01,146 [DEBUG] kaggriculture_self_play_training: Ep 30 step 200: verb=6 crop=0 raw_r=0.000 shaped_r=-6.164 done=False buffer=46052 learn=True
2026-08-30 06:58:09,948 [DEBUG] kaggriculture_self_play_training: Ep 30 step 300 DQN update: loss=121.77283 batch=32 priorities_updated=32
2026-08-30 06:58:09,972 [DEBUG] kaggriculture_self_play_training: Ep 30 step 300: verb=3 crop=0 raw_r=0.000 shaped_r=-6.194 done=False buffer=46152 learn=True
2026-08-30 06:58:20,546 [DEBUG] kaggriculture_self_play_training: Ep 30 step 400 DQN update: loss=103.67020 batch=32 priorities_updated=32
2026-08-30 06:58:20,574 [DEBUG] kaggriculture_self_play_training: Ep 30 step 400: verb=3 crop=0 raw_r=0.000 shaped_r=-6.200 done=False buffer=46252 learn=True
2026-08-30 06:58:31,497 [DEBUG] kaggriculture_self_play_training: Ep 30 step 500 DQN update: loss=124.19997 batch=32 priorities_updated=32
2026-08-30 06:58:31,523 [DEBUG] kaggriculture_self_play_training: Ep 30 step 500: verb=4 crop=0 raw_r=0.000 shaped_r=-5.984 done=False buffer=46352 learn=True
2026-08-30 06:58:42,469 [DEBUG] kaggriculture_self_play_training: Ep 30 step 600 DQN update: loss=124.66983 batch=32 priorities_updated=32
2026-08-30 06:58:42,498 [DEBUG] kaggriculture_self_play_training: Ep 30 step 600: verb=2 crop=0 raw_r=0.000 shaped_r=-5.934 done=False buffer=46452 learn=True
2026-08-30 06:58:53,313 [DEBUG] kaggriculture_self_play_training: Ep 30 step 700 DQN update: loss=453.76544 batch=32 priorities_updated=32
2026-08-30 06:58:53,343 [DEBUG] kaggriculture_self_play_training: Ep 30 step 700: verb=4 crop=0 raw_r=0.000 shaped_r=-5.420 done=False buffer=46552 learn=True
2026-08-30 06:58:55,359 [INFO] kaggriculture_self_play_training: Episode 30/36 | Epsilon: 0.046 | Buffer Size: 46570 | Raw Reward: -27.20 | Shaped Reward: -4041.54 | Avg Loss: 161.94615
[Self-Play] Saved agent checkpoint to: /Users/sweeden/kagg/experiments/Hinesight Experience Replay for Double Q-Learning DQN SB3 Kaggriculture reinforcement learning/farm_bc_ladder/checkpoints/checkpoint_ep_30.pt
[Self-Play] Opponent pool size: 6
2026-08-30 06:58:59,319 [DEBUG] kaggriculture_self_play_training: === Episode 31/36 | opponent=/Users/sweeden/kagg/experiments/Hinesight Experience Replay for Double Q-Learning DQN SB3 Kaggriculture reinforcement learning/farm_bc_ladder/checkpoints/checkpoint_ep_0.pt | eps=0.043 | buffer=46570 ===
2026-08-30 06:58:59,337 [DEBUG] kaggriculture_self_play_training: Ep 31 step 0 obs: tiles=(1, 9, 10, 10) numeric=(1, 55) valid_verbs=3 valid_crops=0 valid_market=4
2026-08-30 06:58:59,385 [DEBUG] kaggriculture_self_play_training: Ep 31 step 0: verb=5 crop=0 raw_r=0.000 shaped_r=0.000 done=False buffer=46571 learn=True
2026-08-30 06:58:59,487 [DEBUG] kaggriculture_self_play_training: Ep 31 step 1 DQN update: loss=61.17499 batch=32 priorities_updated=32
2026-08-30 06:58:59,488 [INFO] kaggriculture_self_play_training: PER: TD-error priority reweighting applied (n=32 td_mean=214.54283 td_max=1241.67871)
2026-08-30 06:58:59,515 [DEBUG] kaggriculture_self_play_training: Ep 31 step 1: verb=5 crop=0 raw_r=0.000 shaped_r=0.200 done=False buffer=46572 learn=True
2026-08-30 06:58:59,589 [DEBUG] kaggriculture_self_play_training: Ep 31 step 2 DQN update: loss=166.31866 batch=32 priorities_updated=32
2026-08-30 06:58:59,614 [DEBUG] kaggriculture_self_play_training: Ep 31 step 2: verb=5 crop=0 raw_r=0.000 shaped_r=0.400 done=False buffer=46573 learn=True
2026-08-30 06:58:59,694 [DEBUG] kaggriculture_self_play_training: Ep 31 step 3 DQN update: loss=228.59850 batch=32 priorities_updated=32
2026-08-30 06:59:08,794 [DEBUG] kaggriculture_self_play_training: Ep 31 step 100 DQN update: loss=243.12643 batch=32 priorities_updated=32
2026-08-30 06:59:08,808 [DEBUG] kaggriculture_self_play_training: Ep 31 step 100: verb=5 crop=0 raw_r=-4.270 shaped_r=-0.598 done=False buffer=46671 learn=True
2026-08-30 06:59:17,935 [DEBUG] kaggriculture_self_play_training: Ep 31 step 200 DQN update: loss=88.41740 batch=32 priorities_updated=32
2026-08-30 06:59:17,961 [DEBUG] kaggriculture_self_play_training: Ep 31 step 200: verb=3 crop=0 raw_r=0.000 shaped_r=-0.227 done=False buffer=46771 learn=True
2026-08-30 06:59:27,521 [DEBUG] kaggriculture_self_play_training: Ep 31 step 300 DQN update: loss=54.67290 batch=32 priorities_updated=32
2026-08-30 06:59:27,545 [DEBUG] kaggriculture_self_play_training: Ep 31 step 300: verb=3 crop=0 raw_r=0.000 shaped_r=-0.222 done=False buffer=46871 learn=True
2026-08-30 06:59:36,949 [DEBUG] kaggriculture_self_play_training: Ep 31 step 400 DQN update: loss=169.35205 batch=32 priorities_updated=32
2026-08-30 06:59:36,974 [DEBUG] kaggriculture_self_play_training: Ep 31 step 400: verb=3 crop=0 raw_r=0.000 shaped_r=-0.219 done=False buffer=46971 learn=True
2026-08-30 06:59:46,044 [DEBUG] kaggriculture_self_play_training: Ep 31 step 500 DQN update: loss=85.98567 batch=32 priorities_updated=32
2026-08-30 06:59:46,068 [DEBUG] kaggriculture_self_play_training: Ep 31 step 500: verb=3 crop=0 raw_r=0.000 shaped_r=-0.161 done=False buffer=47071 learn=True
2026-08-30 06:59:55,193 [DEBUG] kaggriculture_self_play_training: Ep 31 step 600 DQN update: loss=135.40379 batch=32 priorities_updated=32
2026-08-30 06:59:55,217 [DEBUG] kaggriculture_self_play_training: Ep 31 step 600: verb=2 crop=0 raw_r=0.000 shaped_r=0.142 done=False buffer=47171 learn=True
2026-08-30 07:00:04,682 [DEBUG] kaggriculture_self_play_training: Ep 31 step 700 DQN update: loss=116.76555 batch=32 priorities_updated=32
2026-08-30 07:00:04,707 [DEBUG] kaggriculture_self_play_training: Ep 31 step 700: verb=4 crop=0 raw_r=0.000 shaped_r=0.168 done=False buffer=47271 learn=True
2026-08-30 07:00:06,434 [INFO] kaggriculture_self_play_training: Episode 31/36 | Epsilon: 0.043 | Buffer Size: 47289 | Raw Reward: -29.16 | Shaped Reward: 576.16 | Avg Loss: 186.80764
2026-08-30 07:00:10,451 [DEBUG] kaggriculture_self_play_training: === Episode 32/36 | opponent=/Users/sweeden/kagg/experiments/Hinesight Experience Replay for Double Q-Learning DQN SB3 Kaggriculture reinforcement learning/farm_bc_ladder/checkpoints/checkpoint_ep_6.pt | eps=0.041 | buffer=47289 ===
2026-08-30 07:00:10,467 [DEBUG] kaggriculture_self_play_training: Ep 32 step 0 obs: tiles=(1, 9, 10, 10) numeric=(1, 55) valid_verbs=3 valid_crops=0 valid_market=4
2026-08-30 07:00:10,511 [DEBUG] kaggriculture_self_play_training: Ep 32 step 0: verb=5 crop=0 raw_r=0.000 shaped_r=0.000 done=False buffer=47290 learn=True
2026-08-30 07:00:10,611 [DEBUG] kaggriculture_self_play_training: Ep 32 step 1 DQN update: loss=172.94264 batch=32 priorities_updated=32
2026-08-30 07:00:10,612 [INFO] kaggriculture_self_play_training: PER: TD-error priority reweighting applied (n=32 td_mean=374.73459 td_max=1899.16284)
2026-08-30 07:00:10,635 [DEBUG] kaggriculture_self_play_training: Ep 32 step 1: verb=5 crop=0 raw_r=0.000 shaped_r=0.200 done=False buffer=47291 learn=True
2026-08-30 07:00:10,703 [DEBUG] kaggriculture_self_play_training: Ep 32 step 2 DQN update: loss=274.08163 batch=32 priorities_updated=32
2026-08-30 07:00:10,724 [DEBUG] kaggriculture_self_play_training: Ep 32 step 2: verb=5 crop=0 raw_r=0.000 shaped_r=0.400 done=False buffer=47292 learn=True
2026-08-30 07:00:10,785 [DEBUG] kaggriculture_self_play_training: Ep 32 step 3 DQN update: loss=231.94986 batch=32 priorities_updated=32
2026-08-30 07:00:19,214 [DEBUG] kaggriculture_self_play_training: Ep 32 step 100 DQN update: loss=398.27319 batch=32 priorities_updated=32
2026-08-30 07:00:19,244 [DEBUG] kaggriculture_self_play_training: Ep 32 step 100: verb=7 crop=0 raw_r=0.000 shaped_r=2.231 done=False buffer=47390 learn=True
