2026-08-30 06:08:12,549 [INFO] kaggriculture_self_play_training: Experiment directory: /Users/sweeden/kagg/experiments/Hinesight Experience Replay for Double Q-Learning DQN SB3 Kaggriculture reinforcement learning/farm_bc_ladder
2026-08-30 06:08:12,553 [DEBUG] kaggriculture_self_play_training: Verbose debug logging enabled
2026-08-30 06:08:12,553 [DEBUG] kaggriculture_self_play_training: Training config: {
  "experiment_dir": "/Users/sweeden/kagg/experiments/Hinesight Experience Replay for Double Q-Learning DQN SB3 Kaggriculture reinforcement learning/farm_bc_ladder",
  "seed": 42,
  "device": "auto",
  "total_episodes": 0,
  "learning_start_episodes": 0,
  "batch_size": 32,
  "checkpoint_interval": 5,
  "use_kaggle_env": true,
  "kinematic_phase_a": 3,
  "kinematic_phase_b": 4,
  "kinematic_phase_c": 6,
  "turns_per_cycle": 24,
  "cycles_per_episode": 30,
  "max_episode_steps": 720,
  "n_eval_episodes": 0,
  "bootstrap_episodes": null,
  "bootstrap_transitions": 50000,
  "data_dir": "/Users/sweeden/kagg/working/kaggle_episodes",
  "download_bootstrap": false,
  "bc_epochs": 25,
  "bc_batch_size": 64,
  "bc_steps_per_epoch": 300,
  "buffer_capacity": 50000,
  "metadata_path": "/Users/sweeden/kagg/working/kaggle_episodes/metadata.json",
  "bootstrap_top_per_day": 40,
  "bootstrap_passes": 1,
  "bc_epochs_per_pass": 2,
  "verbose": true,
  "code_src": "/Users/sweeden/kagg/datasets/scottweeden/self-training-code",
  "bootstrap_mode": "daily_incremental",
  "bootstrap_days_per_run": 1,
  "publish_code_dataset": false,
  "opponents_dir": "/Users/sweeden/kagg/opponents",
  "ladder_eval_episodes": 0,
  "ladder_win_rate_target": 0.5,
  "min_self_play_episodes": 0,
  "timestamp": "2026-08-30T06:08:12.549194",
  "resumed_from": null
}
2026-08-30 06:08:12,572 [INFO] kaggriculture_self_play_training: Self-play pipeline running on device: mps
2026-08-30 06:08:12,631 [DEBUG] kaggriculture_self_play_training: Model init: HierarchicalDQNBranching params=1716765 (1.72M) buffer_capacity=50000
2026-08-30 06:08:13,298 [INFO] kaggriculture_self_play_training: Reward phase gates: {'mode': 'kinematic_invest_liquidate_mix', 'season_days': 30, 'hours_per_day': 24, 'invest_liquidate_start': [0.25, 0.75], 'invest_liquidate_end': [0.75, 0.25], 'mix_bonus_scale': 0.8, 'schedule_affinity': 0.25, 'turns_per_day_ref': 24}
2026-08-30 06:08:13,337 [DEBUG] kaggriculture_self_play_training: Bootstrap phase: mode=daily_incremental episodes=None passes=1 transitions=50000 metadata=/Users/sweeden/kagg/working/kaggle_episodes/metadata.json
2026-08-30 06:08:13,339 [INFO] path_b_bootstrap: Incremental daily bootstrap: adding 1 day(s) ['2026-08-15'] (0/2 dates already done)
2026-08-30 06:08:13,344 [INFO] path_b_bootstrap: Bootstrap day 2026-08-15: 26 episodes (streaming BC, top_per_day=40)
2026-08-30 06:08:13,344 [INFO] path_b_bootstrap: Streaming BC over 26 episode files (epochs=2, batch=64, steps/epoch=300)
2026-08-30 06:08:14,222 [DEBUG] path_b_bootstrap: BC stream epoch 1/2 step 1 | loss=1.77641 | file=93185757.json
2026-08-30 06:08:14,263 [DEBUG] path_b_bootstrap: BC stream epoch 1/2 step 2 | loss=1.19669 | file=93185757.json
2026-08-30 06:08:14,299 [DEBUG] path_b_bootstrap: BC stream epoch 1/2 step 3 | loss=1.21430 | file=93185757.json
2026-08-30 06:08:18,731 [DEBUG] path_b_bootstrap: BC stream epoch 1/2 step 100 | loss=1.50833 | file=93316226.json
2026-08-30 06:08:23,153 [DEBUG] path_b_bootstrap: BC stream epoch 1/2 step 200 | loss=2.00507 | file=93273307.json
2026-08-30 06:08:27,896 [DEBUG] path_b_bootstrap: BC stream epoch 1/2 step 300 | loss=0.93918 | file=93166130.json
2026-08-30 06:08:27,897 [INFO] path_b_bootstrap: BC stream epoch 1/2 | steps=300 | avg loss: 1.49855
2026-08-30 06:08:28,219 [DEBUG] path_b_bootstrap: BC stream epoch 2/2 step 1 | loss=1.06414 | file=93316221.json
2026-08-30 06:08:28,254 [DEBUG] path_b_bootstrap: BC stream epoch 2/2 step 2 | loss=0.51171 | file=93316221.json
2026-08-30 06:08:28,288 [DEBUG] path_b_bootstrap: BC stream epoch 2/2 step 3 | loss=0.54086 | file=93316221.json
2026-08-30 06:08:32,621 [DEBUG] path_b_bootstrap: BC stream epoch 2/2 step 100 | loss=1.02589 | file=93238403.json
2026-08-30 06:08:37,370 [DEBUG] path_b_bootstrap: BC stream epoch 2/2 step 200 | loss=1.76938 | file=93294733.json
2026-08-30 06:08:42,428 [DEBUG] path_b_bootstrap: BC stream epoch 2/2 step 300 | loss=0.82665 | file=93364654.json
2026-08-30 06:08:42,429 [INFO] path_b_bootstrap: BC stream epoch 2/2 | steps=300 | avg loss: 1.13130
2026-08-30 06:08:50,573 [INFO] path_b_bootstrap: Bootstrap state saved: 1 days bootstrapped → /Users/sweeden/kagg/experiments/Hinesight Experience Replay for Double Q-Learning DQN SB3 Kaggriculture reinforcement learning/farm_bc_ladder/metrics/bootstrap_state.json
2026-08-30 06:08:50,574 [INFO] path_b_bootstrap: Marked day bootstrapped: 2026-08-15 (1 days total)
2026-08-30 06:08:50,574 [INFO] path_b_bootstrap: Bootstrap state saved: 1 days bootstrapped → /Users/sweeden/kagg/experiments/Hinesight Experience Replay for Double Q-Learning DQN SB3 Kaggriculture reinforcement learning/farm_bc_ladder/metrics/bootstrap_state.json
2026-08-30 06:08:50,575 [INFO] kaggriculture_self_play_training: Replay buffer size after bootstrap: 25000
2026-08-30 06:08:50,579 [INFO] path_b_bootstrap: Starting BC pretrain: 25 epochs, batch_size=64, buffer=25000, steps/epoch=300
2026-08-30 06:08:50,783 [DEBUG] path_b_bootstrap: BC epoch 1/25 step 1/300 | loss=1.33362 | batch shapes={'tiles': (64, 9, 10, 10), 'numeric': (64, 55), 'action_verb': (64,), 'action_crop': (64,), 'action_hands': (64, 6), 'action_market': (64, 10), 'reward': (64,), 'next_tiles': (64, 9, 10, 10), 'next_numeric': (64, 55), 'done': (64,), 'weights': (64,)}
2026-08-30 06:08:50,842 [DEBUG] path_b_bootstrap: BC epoch 1/25 step 2/300 | loss=1.20057 | batch shapes={'tiles': (64, 9, 10, 10), 'numeric': (64, 55), 'action_verb': (64,), 'action_crop': (64,), 'action_hands': (64, 6), 'action_market': (64, 10), 'reward': (64,), 'next_tiles': (64, 9, 10, 10), 'next_numeric': (64, 55), 'done': (64,), 'weights': (64,)}
2026-08-30 06:08:50,879 [DEBUG] path_b_bootstrap: BC epoch 1/25 step 3/300 | loss=1.37540 | batch shapes={'tiles': (64, 9, 10, 10), 'numeric': (64, 55), 'action_verb': (64,), 'action_crop': (64,), 'action_hands': (64, 6), 'action_market': (64, 10), 'reward': (64,), 'next_tiles': (64, 9, 10, 10), 'next_numeric': (64, 55), 'done': (64,), 'weights': (64,)}
2026-08-30 06:08:52,534 [DEBUG] path_b_bootstrap: BC epoch 1/25 step 51/300 | loss=1.07140 | batch shapes={'tiles': (64, 9, 10, 10), 'numeric': (64, 55), 'action_verb': (64,), 'action_crop': (64,), 'action_hands': (64, 6), 'action_market': (64, 10), 'reward': (64,), 'next_tiles': (64, 9, 10, 10), 'next_numeric': (64, 55), 'done': (64,), 'weights': (64,)}
2026-08-30 06:08:54,107 [DEBUG] path_b_bootstrap: BC epoch 1/25 step 101/300 | loss=0.99611 | batch shapes={'tiles': (64, 9, 10, 10), 'numeric': (64, 55), 'action_verb': (64,), 'action_crop': (64,), 'action_hands': (64, 6), 'action_market': (64, 10), 'reward': (64,), 'next_tiles': (64, 9, 10, 10), 'next_numeric': (64, 55), 'done': (64,), 'weights': (64,)}
2026-08-30 06:08:55,716 [DEBUG] path_b_bootstrap: BC epoch 1/25 step 151/300 | loss=0.95078 | batch shapes={'tiles': (64, 9, 10, 10), 'numeric': (64, 55), 'action_verb': (64,), 'action_crop': (64,), 'action_hands': (64, 6), 'action_market': (64, 10), 'reward': (64,), 'next_tiles': (64, 9, 10, 10), 'next_numeric': (64, 55), 'done': (64,), 'weights': (64,)}
2026-08-30 06:08:57,297 [DEBUG] path_b_bootstrap: BC epoch 1/25 step 201/300 | loss=0.98936 | batch shapes={'tiles': (64, 9, 10, 10), 'numeric': (64, 55), 'action_verb': (64,), 'action_crop': (64,), 'action_hands': (64, 6), 'action_market': (64, 10), 'reward': (64,), 'next_tiles': (64, 9, 10, 10), 'next_numeric': (64, 55), 'done': (64,), 'weights': (64,)}
2026-08-30 06:08:58,896 [DEBUG] path_b_bootstrap: BC epoch 1/25 step 251/300 | loss=0.86407 | batch shapes={'tiles': (64, 9, 10, 10), 'numeric': (64, 55), 'action_verb': (64,), 'action_crop': (64,), 'action_hands': (64, 6), 'action_market': (64, 10), 'reward': (64,), 'next_tiles': (64, 9, 10, 10), 'next_numeric': (64, 55), 'done': (64,), 'weights': (64,)}
2026-08-30 06:09:00,420 [DEBUG] path_b_bootstrap: BC epoch 1/25 step 300/300 | loss=0.92601 | batch shapes={'tiles': (64, 9, 10, 10), 'numeric': (64, 55), 'action_verb': (64,), 'action_crop': (64,), 'action_hands': (64, 6), 'action_market': (64, 10), 'reward': (64,), 'next_tiles': (64, 9, 10, 10), 'next_numeric': (64, 55), 'done': (64,), 'weights': (64,)}
2026-08-30 06:09:00,420 [INFO] path_b_bootstrap: BC epoch 1/25 | avg loss: 1.00557
2026-08-30 06:09:00,452 [DEBUG] path_b_bootstrap: BC epoch 2/25 step 1/300 | loss=0.90627 | batch shapes={'tiles': (64, 9, 10, 10), 'numeric': (64, 55), 'action_verb': (64,), 'action_crop': (64,), 'action_hands': (64, 6), 'action_market': (64, 10), 'reward': (64,), 'next_tiles': (64, 9, 10, 10), 'next_numeric': (64, 55), 'done': (64,), 'weights': (64,)}
2026-08-30 06:09:00,485 [DEBUG] path_b_bootstrap: BC epoch 2/25 step 2/300 | loss=0.92615 | batch shapes={'tiles': (64, 9, 10, 10), 'numeric': (64, 55), 'action_verb': (64,), 'action_crop': (64,), 'action_hands': (64, 6), 'action_market': (64, 10), 'reward': (64,), 'next_tiles': (64, 9, 10, 10), 'next_numeric': (64, 55), 'done': (64,), 'weights': (64,)}
2026-08-30 06:09:00,521 [DEBUG] path_b_bootstrap: BC epoch 2/25 step 3/300 | loss=0.88515 | batch shapes={'tiles': (64, 9, 10, 10), 'numeric': (64, 55), 'action_verb': (64,), 'action_crop': (64,), 'action_hands': (64, 6), 'action_market': (64, 10), 'reward': (64,), 'next_tiles': (64, 9, 10, 10), 'next_numeric': (64, 55), 'done': (64,), 'weights': (64,)}
2026-08-30 06:09:02,115 [DEBUG] path_b_bootstrap: BC epoch 2/25 step 51/300 | loss=0.87243 | batch shapes={'tiles': (64, 9, 10, 10), 'numeric': (64, 55), 'action_verb': (64,), 'action_crop': (64,), 'action_hands': (64, 6), 'action_market': (64, 10), 'reward': (64,), 'next_tiles': (64, 9, 10, 10), 'next_numeric': (64, 55), 'done': (64,), 'weights': (64,)}
2026-08-30 06:09:03,750 [DEBUG] path_b_bootstrap: BC epoch 2/25 step 101/300 | loss=0.90311 | batch shapes={'tiles': (64, 9, 10, 10), 'numeric': (64, 55), 'action_verb': (64,), 'action_crop': (64,), 'action_hands': (64, 6), 'action_market': (64, 10), 'reward': (64,), 'next_tiles': (64, 9, 10, 10), 'next_numeric': (64, 55), 'done': (64,), 'weights': (64,)}
2026-08-30 06:09:05,245 [DEBUG] path_b_bootstrap: BC epoch 2/25 step 151/300 | loss=0.88831 | batch shapes={'tiles': (64, 9, 10, 10), 'numeric': (64, 55), 'action_verb': (64,), 'action_crop': (64,), 'action_hands': (64, 6), 'action_market': (64, 10), 'reward': (64,), 'next_tiles': (64, 9, 10, 10), 'next_numeric': (64, 55), 'done': (64,), 'weights': (64,)}
2026-08-30 06:09:06,900 [DEBUG] path_b_bootstrap: BC epoch 2/25 step 201/300 | loss=0.82805 | batch shapes={'tiles': (64, 9, 10, 10), 'numeric': (64, 55), 'action_verb': (64,), 'action_crop': (64,), 'action_hands': (64, 6), 'action_market': (64, 10), 'reward': (64,), 'next_tiles': (64, 9, 10, 10), 'next_numeric': (64, 55), 'done': (64,), 'weights': (64,)}
2026-08-30 06:09:08,514 [DEBUG] path_b_bootstrap: BC epoch 2/25 step 251/300 | loss=0.86244 | batch shapes={'tiles': (64, 9, 10, 10), 'numeric': (64, 55), 'action_verb': (64,), 'action_crop': (64,), 'action_hands': (64, 6), 'action_market': (64, 10), 'reward': (64,), 'next_tiles': (64, 9, 10, 10), 'next_numeric': (64, 55), 'done': (64,), 'weights': (64,)}
2026-08-30 06:09:10,050 [DEBUG] path_b_bootstrap: BC epoch 2/25 step 300/300 | loss=0.85290 | batch shapes={'tiles': (64, 9, 10, 10), 'numeric': (64, 55), 'action_verb': (64,), 'action_crop': (64,), 'action_hands': (64, 6), 'action_market': (64, 10), 'reward': (64,), 'next_tiles': (64, 9, 10, 10), 'next_numeric': (64, 55), 'done': (64,), 'weights': (64,)}
2026-08-30 06:09:10,050 [INFO] path_b_bootstrap: BC epoch 2/25 | avg loss: 0.86456
2026-08-30 06:09:10,080 [DEBUG] path_b_bootstrap: BC epoch 3/25 step 1/300 | loss=0.80926 | batch shapes={'tiles': (64, 9, 10, 10), 'numeric': (64, 55), 'action_verb': (64,), 'action_crop': (64,), 'action_hands': (64, 6), 'action_market': (64, 10), 'reward': (64,), 'next_tiles': (64, 9, 10, 10), 'next_numeric': (64, 55), 'done': (64,), 'weights': (64,)}
2026-08-30 06:09:10,109 [DEBUG] path_b_bootstrap: BC epoch 3/25 step 2/300 | loss=0.88563 | batch shapes={'tiles': (64, 9, 10, 10), 'numeric': (64, 55), 'action_verb': (64,), 'action_crop': (64,), 'action_hands': (64, 6), 'action_market': (64, 10), 'reward': (64,), 'next_tiles': (64, 9, 10, 10), 'next_numeric': (64, 55), 'done': (64,), 'weights': (64,)}
2026-08-30 06:09:10,138 [DEBUG] path_b_bootstrap: BC epoch 3/25 step 3/300 | loss=0.84225 | batch shapes={'tiles': (64, 9, 10, 10), 'numeric': (64, 55), 'action_verb': (64,), 'action_crop': (64,), 'action_hands': (64, 6), 'action_market': (64, 10), 'reward': (64,), 'next_tiles': (64, 9, 10, 10), 'next_numeric': (64, 55), 'done': (64,), 'weights': (64,)}
2026-08-30 06:09:11,644 [DEBUG] path_b_bootstrap: BC epoch 3/25 step 51/300 | loss=0.80998 | batch shapes={'tiles': (64, 9, 10, 10), 'numeric': (64, 55), 'action_verb': (64,), 'action_crop': (64,), 'action_hands': (64, 6), 'action_market': (64, 10), 'reward': (64,), 'next_tiles': (64, 9, 10, 10), 'next_numeric': (64, 55), 'done': (64,), 'weights': (64,)}
2026-08-30 06:09:13,253 [DEBUG] path_b_bootstrap: BC epoch 3/25 step 101/300 | loss=0.79642 | batch shapes={'tiles': (64, 9, 10, 10), 'numeric': (64, 55), 'action_verb': (64,), 'action_crop': (64,), 'action_hands': (64, 6), 'action_market': (64, 10), 'reward': (64,), 'next_tiles': (64, 9, 10, 10), 'next_numeric': (64, 55), 'done': (64,), 'weights': (64,)}
2026-08-30 06:09:14,954 [DEBUG] path_b_bootstrap: BC epoch 3/25 step 151/300 | loss=0.68069 | batch shapes={'tiles': (64, 9, 10, 10), 'numeric': (64, 55), 'action_verb': (64,), 'action_crop': (64,), 'action_hands': (64, 6), 'action_market': (64, 10), 'reward': (64,), 'next_tiles': (64, 9, 10, 10), 'next_numeric': (64, 55), 'done': (64,), 'weights': (64,)}
2026-08-30 06:09:16,631 [DEBUG] path_b_bootstrap: BC epoch 3/25 step 201/300 | loss=0.81390 | batch shapes={'tiles': (64, 9, 10, 10), 'numeric': (64, 55), 'action_verb': (64,), 'action_crop': (64,), 'action_hands': (64, 6), 'action_market': (64, 10), 'reward': (64,), 'next_tiles': (64, 9, 10, 10), 'next_numeric': (64, 55), 'done': (64,), 'weights': (64,)}
2026-08-30 06:09:18,252 [DEBUG] path_b_bootstrap: BC epoch 3/25 step 251/300 | loss=0.80185 | batch shapes={'tiles': (64, 9, 10, 10), 'numeric': (64, 55), 'action_verb': (64,), 'action_crop': (64,), 'action_hands': (64, 6), 'action_market': (64, 10), 'reward': (64,), 'next_tiles': (64, 9, 10, 10), 'next_numeric': (64, 55), 'done': (64,), 'weights': (64,)}
2026-08-30 06:09:19,821 [DEBUG] path_b_bootstrap: BC epoch 3/25 step 300/300 | loss=0.66225 | batch shapes={'tiles': (64, 9, 10, 10), 'numeric': (64, 55), 'action_verb': (64,), 'action_crop': (64,), 'action_hands': (64, 6), 'action_market': (64, 10), 'reward': (64,), 'next_tiles': (64, 9, 10, 10), 'next_numeric': (64, 55), 'done': (64,), 'weights': (64,)}
2026-08-30 06:09:19,822 [INFO] path_b_bootstrap: BC epoch 3/25 | avg loss: 0.76928
2026-08-30 06:09:19,852 [DEBUG] path_b_bootstrap: BC epoch 4/25 step 1/300 | loss=0.77410 | batch shapes={'tiles': (64, 9, 10, 10), 'numeric': (64, 55), 'action_verb': (64,), 'action_crop': (64,), 'action_hands': (64, 6), 'action_market': (64, 10), 'reward': (64,), 'next_tiles': (64, 9, 10, 10), 'next_numeric': (64, 55), 'done': (64,), 'weights': (64,)}
2026-08-30 06:09:19,883 [DEBUG] path_b_bootstrap: BC epoch 4/25 step 2/300 | loss=0.70191 | batch shapes={'tiles': (64, 9, 10, 10), 'numeric': (64, 55), 'action_verb': (64,), 'action_crop': (64,), 'action_hands': (64, 6), 'action_market': (64, 10), 'reward': (64,), 'next_tiles': (64, 9, 10, 10), 'next_numeric': (64, 55), 'done': (64,), 'weights': (64,)}
2026-08-30 06:09:19,913 [DEBUG] path_b_bootstrap: BC epoch 4/25 step 3/300 | loss=0.76496 | batch shapes={'tiles': (64, 9, 10, 10), 'numeric': (64, 55), 'action_verb': (64,), 'action_crop': (64,), 'action_hands': (64, 6), 'action_market': (64, 10), 'reward': (64,), 'next_tiles': (64, 9, 10, 10), 'next_numeric': (64, 55), 'done': (64,), 'weights': (64,)}
2026-08-30 06:09:21,418 [DEBUG] path_b_bootstrap: BC epoch 4/25 step 51/300 | loss=0.89388 | batch shapes={'tiles': (64, 9, 10, 10), 'numeric': (64, 55), 'action_verb': (64,), 'action_crop': (64,), 'action_hands': (64, 6), 'action_market': (64, 10), 'reward': (64,), 'next_tiles': (64, 9, 10, 10), 'next_numeric': (64, 55), 'done': (64,), 'weights': (64,)}
2026-08-30 06:09:23,115 [DEBUG] path_b_bootstrap: BC epoch 4/25 step 101/300 | loss=0.77975 | batch shapes={'tiles': (64, 9, 10, 10), 'numeric': (64, 55), 'action_verb': (64,), 'action_crop': (64,), 'action_hands': (64, 6), 'action_market': (64, 10), 'reward': (64,), 'next_tiles': (64, 9, 10, 10), 'next_numeric': (64, 55), 'done': (64,), 'weights': (64,)}
2026-08-30 06:09:24,751 [DEBUG] path_b_bootstrap: BC epoch 4/25 step 151/300 | loss=0.65211 | batch shapes={'tiles': (64, 9, 10, 10), 'numeric': (64, 55), 'action_verb': (64,), 'action_crop': (64,), 'action_hands': (64, 6), 'action_market': (64, 10), 'reward': (64,), 'next_tiles': (64, 9, 10, 10), 'next_numeric': (64, 55), 'done': (64,), 'weights': (64,)}
2026-08-30 06:09:26,321 [DEBUG] path_b_bootstrap: BC epoch 4/25 step 201/300 | loss=0.57093 | batch shapes={'tiles': (64, 9, 10, 10), 'numeric': (64, 55), 'action_verb': (64,), 'action_crop': (64,), 'action_hands': (64, 6), 'action_market': (64, 10), 'reward': (64,), 'next_tiles': (64, 9, 10, 10), 'next_numeric': (64, 55), 'done': (64,), 'weights': (64,)}
2026-08-30 06:09:27,856 [DEBUG] path_b_bootstrap: BC epoch 4/25 step 251/300 | loss=0.76165 | batch shapes={'tiles': (64, 9, 10, 10), 'numeric': (64, 55), 'action_verb': (64,), 'action_crop': (64,), 'action_hands': (64, 6), 'action_market': (64, 10), 'reward': (64,), 'next_tiles': (64, 9, 10, 10), 'next_numeric': (64, 55), 'done': (64,), 'weights': (64,)}
2026-08-30 06:09:29,372 [DEBUG] path_b_bootstrap: BC epoch 4/25 step 300/300 | loss=0.65426 | batch shapes={'tiles': (64, 9, 10, 10), 'numeric': (64, 55), 'action_verb': (64,), 'action_crop': (64,), 'action_hands': (64, 6), 'action_market': (64, 10), 'reward': (64,), 'next_tiles': (64, 9, 10, 10), 'next_numeric': (64, 55), 'done': (64,), 'weights': (64,)}
2026-08-30 06:09:29,372 [INFO] path_b_bootstrap: BC epoch 4/25 | avg loss: 0.70853
2026-08-30 06:09:29,401 [DEBUG] path_b_bootstrap: BC epoch 5/25 step 1/300 | loss=0.73060 | batch shapes={'tiles': (64, 9, 10, 10), 'numeric': (64, 55), 'action_verb': (64,), 'action_crop': (64,), 'action_hands': (64, 6), 'action_market': (64, 10), 'reward': (64,), 'next_tiles': (64, 9, 10, 10), 'next_numeric': (64, 55), 'done': (64,), 'weights': (64,)}
2026-08-30 06:09:29,436 [DEBUG] path_b_bootstrap: BC epoch 5/25 step 2/300 | loss=0.78626 | batch shapes={'tiles': (64, 9, 10, 10), 'numeric': (64, 55), 'action_verb': (64,), 'action_crop': (64,), 'action_hands': (64, 6), 'action_market': (64, 10), 'reward': (64,), 'next_tiles': (64, 9, 10, 10), 'next_numeric': (64, 55), 'done': (64,), 'weights': (64,)}
2026-08-30 06:09:29,468 [DEBUG] path_b_bootstrap: BC epoch 5/25 step 3/300 | loss=0.78041 | batch shapes={'tiles': (64, 9, 10, 10), 'numeric': (64, 55), 'action_verb': (64,), 'action_crop': (64,), 'action_hands': (64, 6), 'action_market': (64, 10), 'reward': (64,), 'next_tiles': (64, 9, 10, 10), 'next_numeric': (64, 55), 'done': (64,), 'weights': (64,)}
2026-08-30 06:09:30,968 [DEBUG] path_b_bootstrap: BC epoch 5/25 step 51/300 | loss=0.64020 | batch shapes={'tiles': (64, 9, 10, 10), 'numeric': (64, 55), 'action_verb': (64,), 'action_crop': (64,), 'action_hands': (64, 6), 'action_market': (64, 10), 'reward': (64,), 'next_tiles': (64, 9, 10, 10), 'next_numeric': (64, 55), 'done': (64,), 'weights': (64,)}
2026-08-30 06:09:32,560 [DEBUG] path_b_bootstrap: BC epoch 5/25 step 101/300 | loss=0.71253 | batch shapes={'tiles': (64, 9, 10, 10), 'numeric': (64, 55), 'action_verb': (64,), 'action_crop': (64,), 'action_hands': (64, 6), 'action_market': (64, 10), 'reward': (64,), 'next_tiles': (64, 9, 10, 10), 'next_numeric': (64, 55), 'done': (64,), 'weights': (64,)}
2026-08-30 06:09:34,141 [DEBUG] path_b_bootstrap: BC epoch 5/25 step 151/300 | loss=0.64136 | batch shapes={'tiles': (64, 9, 10, 10), 'numeric': (64, 55), 'action_verb': (64,), 'action_crop': (64,), 'action_hands': (64, 6), 'action_market': (64, 10), 'reward': (64,), 'next_tiles': (64, 9, 10, 10), 'next_numeric': (64, 55), 'done': (64,), 'weights': (64,)}
2026-08-30 06:09:35,771 [DEBUG] path_b_bootstrap: BC epoch 5/25 step 201/300 | loss=0.79880 | batch shapes={'tiles': (64, 9, 10, 10), 'numeric': (64, 55), 'action_verb': (64,), 'action_crop': (64,), 'action_hands': (64, 6), 'action_market': (64, 10), 'reward': (64,), 'next_tiles': (64, 9, 10, 10), 'next_numeric': (64, 55), 'done': (64,), 'weights': (64,)}
2026-08-30 06:09:37,442 [DEBUG] path_b_bootstrap: BC epoch 5/25 step 251/300 | loss=0.63118 | batch shapes={'tiles': (64, 9, 10, 10), 'numeric': (64, 55), 'action_verb': (64,), 'action_crop': (64,), 'action_hands': (64, 6), 'action_market': (64, 10), 'reward': (64,), 'next_tiles': (64, 9, 10, 10), 'next_numeric': (64, 55), 'done': (64,), 'weights': (64,)}
2026-08-30 06:09:39,053 [DEBUG] path_b_bootstrap: BC epoch 5/25 step 300/300 | loss=0.58485 | batch shapes={'tiles': (64, 9, 10, 10), 'numeric': (64, 55), 'action_verb': (64,), 'action_crop': (64,), 'action_hands': (64, 6), 'action_market': (64, 10), 'reward': (64,), 'next_tiles': (64, 9, 10, 10), 'next_numeric': (64, 55), 'done': (64,), 'weights': (64,)}
2026-08-30 06:09:39,054 [INFO] path_b_bootstrap: BC epoch 5/25 | avg loss: 0.64180
2026-08-30 06:09:39,084 [DEBUG] path_b_bootstrap: BC epoch 6/25 step 1/300 | loss=0.55218 | batch shapes={'tiles': (64, 9, 10, 10), 'numeric': (64, 55), 'action_verb': (64,), 'action_crop': (64,), 'action_hands': (64, 6), 'action_market': (64, 10), 'reward': (64,), 'next_tiles': (64, 9, 10, 10), 'next_numeric': (64, 55), 'done': (64,), 'weights': (64,)}
2026-08-30 06:09:39,116 [DEBUG] path_b_bootstrap: BC epoch 6/25 step 2/300 | loss=0.64882 | batch shapes={'tiles': (64, 9, 10, 10), 'numeric': (64, 55), 'action_verb': (64,), 'action_crop': (64,), 'action_hands': (64, 6), 'action_market': (64, 10), 'reward': (64,), 'next_tiles': (64, 9, 10, 10), 'next_numeric': (64, 55), 'done': (64,), 'weights': (64,)}
2026-08-30 06:09:39,148 [DEBUG] path_b_bootstrap: BC epoch 6/25 step 3/300 | loss=0.52976 | batch shapes={'tiles': (64, 9, 10, 10), 'numeric': (64, 55), 'action_verb': (64,), 'action_crop': (64,), 'action_hands': (64, 6), 'action_market': (64, 10), 'reward': (64,), 'next_tiles': (64, 9, 10, 10), 'next_numeric': (64, 55), 'done': (64,), 'weights': (64,)}
2026-08-30 06:09:40,798 [DEBUG] path_b_bootstrap: BC epoch 6/25 step 51/300 | loss=0.60717 | batch shapes={'tiles': (64, 9, 10, 10), 'numeric': (64, 55), 'action_verb': (64,), 'action_crop': (64,), 'action_hands': (64, 6), 'action_market': (64, 10), 'reward': (64,), 'next_tiles': (64, 9, 10, 10), 'next_numeric': (64, 55), 'done': (64,), 'weights': (64,)}
2026-08-30 06:09:42,478 [DEBUG] path_b_bootstrap: BC epoch 6/25 step 101/300 | loss=0.54259 | batch shapes={'tiles': (64, 9, 10, 10), 'numeric': (64, 55), 'action_verb': (64,), 'action_crop': (64,), 'action_hands': (64, 6), 'action_market': (64, 10), 'reward': (64,), 'next_tiles': (64, 9, 10, 10), 'next_numeric': (64, 55), 'done': (64,), 'weights': (64,)}
2026-08-30 06:09:44,109 [DEBUG] path_b_bootstrap: BC epoch 6/25 step 151/300 | loss=0.69554 | batch shapes={'tiles': (64, 9, 10, 10), 'numeric': (64, 55), 'action_verb': (64,), 'action_crop': (64,), 'action_hands': (64, 6), 'action_market': (64, 10), 'reward': (64,), 'next_tiles': (64, 9, 10, 10), 'next_numeric': (64, 55), 'done': (64,), 'weights': (64,)}
2026-08-30 06:09:45,744 [DEBUG] path_b_bootstrap: BC epoch 6/25 step 201/300 | loss=0.62496 | batch shapes={'tiles': (64, 9, 10, 10), 'numeric': (64, 55), 'action_verb': (64,), 'action_crop': (64,), 'action_hands': (64, 6), 'action_market': (64, 10), 'reward': (64,), 'next_tiles': (64, 9, 10, 10), 'next_numeric': (64, 55), 'done': (64,), 'weights': (64,)}
2026-08-30 06:09:47,380 [DEBUG] path_b_bootstrap: BC epoch 6/25 step 251/300 | loss=0.62986 | batch shapes={'tiles': (64, 9, 10, 10), 'numeric': (64, 55), 'action_verb': (64,), 'action_crop': (64,), 'action_hands': (64, 6), 'action_market': (64, 10), 'reward': (64,), 'next_tiles': (64, 9, 10, 10), 'next_numeric': (64, 55), 'done': (64,), 'weights': (64,)}
2026-08-30 06:09:48,941 [DEBUG] path_b_bootstrap: BC epoch 6/25 step 300/300 | loss=0.65194 | batch shapes={'tiles': (64, 9, 10, 10), 'numeric': (64, 55), 'action_verb': (64,), 'action_crop': (64,), 'action_hands': (64, 6), 'action_market': (64, 10), 'reward': (64,), 'next_tiles': (64, 9, 10, 10), 'next_numeric': (64, 55), 'done': (64,), 'weights': (64,)}
2026-08-30 06:09:48,941 [INFO] path_b_bootstrap: BC epoch 6/25 | avg loss: 0.59593
2026-08-30 06:09:48,973 [DEBUG] path_b_bootstrap: BC epoch 7/25 step 1/300 | loss=0.60134 | batch shapes={'tiles': (64, 9, 10, 10), 'numeric': (64, 55), 'action_verb': (64,), 'action_crop': (64,), 'action_hands': (64, 6), 'action_market': (64, 10), 'reward': (64,), 'next_tiles': (64, 9, 10, 10), 'next_numeric': (64, 55), 'done': (64,), 'weights': (64,)}
2026-08-30 06:09:49,004 [DEBUG] path_b_bootstrap: BC epoch 7/25 step 2/300 | loss=0.62303 | batch shapes={'tiles': (64, 9, 10, 10), 'numeric': (64, 55), 'action_verb': (64,), 'action_crop': (64,), 'action_hands': (64, 6), 'action_market': (64, 10), 'reward': (64,), 'next_tiles': (64, 9, 10, 10), 'next_numeric': (64, 55), 'done': (64,), 'weights': (64,)}
2026-08-30 06:09:49,035 [DEBUG] path_b_bootstrap: BC epoch 7/25 step 3/300 | loss=0.67193 | batch shapes={'tiles': (64, 9, 10, 10), 'numeric': (64, 55), 'action_verb': (64,), 'action_crop': (64,), 'action_hands': (64, 6), 'action_market': (64, 10), 'reward': (64,), 'next_tiles': (64, 9, 10, 10), 'next_numeric': (64, 55), 'done': (64,), 'weights': (64,)}
2026-08-30 06:09:50,552 [DEBUG] path_b_bootstrap: BC epoch 7/25 step 51/300 | loss=0.52009 | batch shapes={'tiles': (64, 9, 10, 10), 'numeric': (64, 55), 'action_verb': (64,), 'action_crop': (64,), 'action_hands': (64, 6), 'action_market': (64, 10), 'reward': (64,), 'next_tiles': (64, 9, 10, 10), 'next_numeric': (64, 55), 'done': (64,), 'weights': (64,)}
2026-08-30 06:09:52,114 [DEBUG] path_b_bootstrap: BC epoch 7/25 step 101/300 | loss=0.65844 | batch shapes={'tiles': (64, 9, 10, 10), 'numeric': (64, 55), 'action_verb': (64,), 'action_crop': (64,), 'action_hands': (64, 6), 'action_market': (64, 10), 'reward': (64,), 'next_tiles': (64, 9, 10, 10), 'next_numeric': (64, 55), 'done': (64,), 'weights': (64,)}
2026-08-30 06:09:53,752 [DEBUG] path_b_bootstrap: BC epoch 7/25 step 151/300 | loss=0.51929 | batch shapes={'tiles': (64, 9, 10, 10), 'numeric': (64, 55), 'action_verb': (64,), 'action_crop': (64,), 'action_hands': (64, 6), 'action_market': (64, 10), 'reward': (64,), 'next_tiles': (64, 9, 10, 10), 'next_numeric': (64, 55), 'done': (64,), 'weights': (64,)}
2026-08-30 06:09:55,447 [DEBUG] path_b_bootstrap: BC epoch 7/25 step 201/300 | loss=0.66626 | batch shapes={'tiles': (64, 9, 10, 10), 'numeric': (64, 55), 'action_verb': (64,), 'action_crop': (64,), 'action_hands': (64, 6), 'action_market': (64, 10), 'reward': (64,), 'next_tiles': (64, 9, 10, 10), 'next_numeric': (64, 55), 'done': (64,), 'weights': (64,)}
2026-08-30 06:09:57,316 [DEBUG] path_b_bootstrap: BC epoch 7/25 step 251/300 | loss=0.56223 | batch shapes={'tiles': (64, 9, 10, 10), 'numeric': (64, 55), 'action_verb': (64,), 'action_crop': (64,), 'action_hands': (64, 6), 'action_market': (64, 10), 'reward': (64,), 'next_tiles': (64, 9, 10, 10), 'next_numeric': (64, 55), 'done': (64,), 'weights': (64,)}
2026-08-30 06:09:58,884 [DEBUG] path_b_bootstrap: BC epoch 7/25 step 300/300 | loss=0.54066 | batch shapes={'tiles': (64, 9, 10, 10), 'numeric': (64, 55), 'action_verb': (64,), 'action_crop': (64,), 'action_hands': (64, 6), 'action_market': (64, 10), 'reward': (64,), 'next_tiles': (64, 9, 10, 10), 'next_numeric': (64, 55), 'done': (64,), 'weights': (64,)}
2026-08-30 06:09:58,884 [INFO] path_b_bootstrap: BC epoch 7/25 | avg loss: 0.55008
2026-08-30 06:09:58,913 [DEBUG] path_b_bootstrap: BC epoch 8/25 step 1/300 | loss=0.60984 | batch shapes={'tiles': (64, 9, 10, 10), 'numeric': (64, 55), 'action_verb': (64,), 'action_crop': (64,), 'action_hands': (64, 6), 'action_market': (64, 10), 'reward': (64,), 'next_tiles': (64, 9, 10, 10), 'next_numeric': (64, 55), 'done': (64,), 'weights': (64,)}
2026-08-30 06:09:58,942 [DEBUG] path_b_bootstrap: BC epoch 8/25 step 2/300 | loss=0.45542 | batch shapes={'tiles': (64, 9, 10, 10), 'numeric': (64, 55), 'action_verb': (64,), 'action_crop': (64,), 'action_hands': (64, 6), 'action_market': (64, 10), 'reward': (64,), 'next_tiles': (64, 9, 10, 10), 'next_numeric': (64, 55), 'done': (64,), 'weights': (64,)}
2026-08-30 06:09:58,972 [DEBUG] path_b_bootstrap: BC epoch 8/25 step 3/300 | loss=0.59168 | batch shapes={'tiles': (64, 9, 10, 10), 'numeric': (64, 55), 'action_verb': (64,), 'action_crop': (64,), 'action_hands': (64, 6), 'action_market': (64, 10), 'reward': (64,), 'next_tiles': (64, 9, 10, 10), 'next_numeric': (64, 55), 'done': (64,), 'weights': (64,)}
2026-08-30 06:10:00,400 [DEBUG] path_b_bootstrap: BC epoch 8/25 step 51/300 | loss=0.48050 | batch shapes={'tiles': (64, 9, 10, 10), 'numeric': (64, 55), 'action_verb': (64,), 'action_crop': (64,), 'action_hands': (64, 6), 'action_market': (64, 10), 'reward': (64,), 'next_tiles': (64, 9, 10, 10), 'next_numeric': (64, 55), 'done': (64,), 'weights': (64,)}
2026-08-30 06:10:01,917 [DEBUG] path_b_bootstrap: BC epoch 8/25 step 101/300 | loss=0.50162 | batch shapes={'tiles': (64, 9, 10, 10), 'numeric': (64, 55), 'action_verb': (64,), 'action_crop': (64,), 'action_hands': (64, 6), 'action_market': (64, 10), 'reward': (64,), 'next_tiles': (64, 9, 10, 10), 'next_numeric': (64, 55), 'done': (64,), 'weights': (64,)}
2026-08-30 06:10:03,444 [DEBUG] path_b_bootstrap: BC epoch 8/25 step 151/300 | loss=0.51046 | batch shapes={'tiles': (64, 9, 10, 10), 'numeric': (64, 55), 'action_verb': (64,), 'action_crop': (64,), 'action_hands': (64, 6), 'action_market': (64, 10), 'reward': (64,), 'next_tiles': (64, 9, 10, 10), 'next_numeric': (64, 55), 'done': (64,), 'weights': (64,)}
2026-08-30 06:10:05,048 [DEBUG] path_b_bootstrap: BC epoch 8/25 step 201/300 | loss=0.50909 | batch shapes={'tiles': (64, 9, 10, 10), 'numeric': (64, 55), 'action_verb': (64,), 'action_crop': (64,), 'action_hands': (64, 6), 'action_market': (64, 10), 'reward': (64,), 'next_tiles': (64, 9, 10, 10), 'next_numeric': (64, 55), 'done': (64,), 'weights': (64,)}
2026-08-30 06:10:06,903 [DEBUG] path_b_bootstrap: BC epoch 8/25 step 251/300 | loss=0.58233 | batch shapes={'tiles': (64, 9, 10, 10), 'numeric': (64, 55), 'action_verb': (64,), 'action_crop': (64,), 'action_hands': (64, 6), 'action_market': (64, 10), 'reward': (64,), 'next_tiles': (64, 9, 10, 10), 'next_numeric': (64, 55), 'done': (64,), 'weights': (64,)}
2026-08-30 06:10:09,033 [DEBUG] path_b_bootstrap: BC epoch 8/25 step 300/300 | loss=0.57286 | batch shapes={'tiles': (64, 9, 10, 10), 'numeric': (64, 55), 'action_verb': (64,), 'action_crop': (64,), 'action_hands': (64, 6), 'action_market': (64, 10), 'reward': (64,), 'next_tiles': (64, 9, 10, 10), 'next_numeric': (64, 55), 'done': (64,), 'weights': (64,)}
2026-08-30 06:10:09,033 [INFO] path_b_bootstrap: BC epoch 8/25 | avg loss: 0.51705
2026-08-30 06:10:09,078 [DEBUG] path_b_bootstrap: BC epoch 9/25 step 1/300 | loss=0.45662 | batch shapes={'tiles': (64, 9, 10, 10), 'numeric': (64, 55), 'action_verb': (64,), 'action_crop': (64,), 'action_hands': (64, 6), 'action_market': (64, 10), 'reward': (64,), 'next_tiles': (64, 9, 10, 10), 'next_numeric': (64, 55), 'done': (64,), 'weights': (64,)}
2026-08-30 06:10:09,124 [DEBUG] path_b_bootstrap: BC epoch 9/25 step 2/300 | loss=0.47365 | batch shapes={'tiles': (64, 9, 10, 10), 'numeric': (64, 55), 'action_verb': (64,), 'action_crop': (64,), 'action_hands': (64, 6), 'action_market': (64, 10), 'reward': (64,), 'next_tiles': (64, 9, 10, 10), 'next_numeric': (64, 55), 'done': (64,), 'weights': (64,)}
2026-08-30 06:10:09,170 [DEBUG] path_b_bootstrap: BC epoch 9/25 step 3/300 | loss=0.44113 | batch shapes={'tiles': (64, 9, 10, 10), 'numeric': (64, 55), 'action_verb': (64,), 'action_crop': (64,), 'action_hands': (64, 6), 'action_market': (64, 10), 'reward': (64,), 'next_tiles': (64, 9, 10, 10), 'next_numeric': (64, 55), 'done': (64,), 'weights': (64,)}
2026-08-30 06:10:11,351 [DEBUG] path_b_bootstrap: BC epoch 9/25 step 51/300 | loss=0.40975 | batch shapes={'tiles': (64, 9, 10, 10), 'numeric': (64, 55), 'action_verb': (64,), 'action_crop': (64,), 'action_hands': (64, 6), 'action_market': (64, 10), 'reward': (64,), 'next_tiles': (64, 9, 10, 10), 'next_numeric': (64, 55), 'done': (64,), 'weights': (64,)}
2026-08-30 06:10:13,638 [DEBUG] path_b_bootstrap: BC epoch 9/25 step 101/300 | loss=0.49528 | batch shapes={'tiles': (64, 9, 10, 10), 'numeric': (64, 55), 'action_verb': (64,), 'action_crop': (64,), 'action_hands': (64, 6), 'action_market': (64, 10), 'reward': (64,), 'next_tiles': (64, 9, 10, 10), 'next_numeric': (64, 55), 'done': (64,), 'weights': (64,)}
2026-08-30 06:10:15,900 [DEBUG] path_b_bootstrap: BC epoch 9/25 step 151/300 | loss=0.51846 | batch shapes={'tiles': (64, 9, 10, 10), 'numeric': (64, 55), 'action_verb': (64,), 'action_crop': (64,), 'action_hands': (64, 6), 'action_market': (64, 10), 'reward': (64,), 'next_tiles': (64, 9, 10, 10), 'next_numeric': (64, 55), 'done': (64,), 'weights': (64,)}
2026-08-30 06:10:18,155 [DEBUG] path_b_bootstrap: BC epoch 9/25 step 201/300 | loss=0.38588 | batch shapes={'tiles': (64, 9, 10, 10), 'numeric': (64, 55), 'action_verb': (64,), 'action_crop': (64,), 'action_hands': (64, 6), 'action_market': (64, 10), 'reward': (64,), 'next_tiles': (64, 9, 10, 10), 'next_numeric': (64, 55), 'done': (64,), 'weights': (64,)}
2026-08-30 06:10:20,438 [DEBUG] path_b_bootstrap: BC epoch 9/25 step 251/300 | loss=0.51987 | batch shapes={'tiles': (64, 9, 10, 10), 'numeric': (64, 55), 'action_verb': (64,), 'action_crop': (64,), 'action_hands': (64, 6), 'action_market': (64, 10), 'reward': (64,), 'next_tiles': (64, 9, 10, 10), 'next_numeric': (64, 55), 'done': (64,), 'weights': (64,)}
2026-08-30 06:10:22,711 [DEBUG] path_b_bootstrap: BC epoch 9/25 step 300/300 | loss=0.52705 | batch shapes={'tiles': (64, 9, 10, 10), 'numeric': (64, 55), 'action_verb': (64,), 'action_crop': (64,), 'action_hands': (64, 6), 'action_market': (64, 10), 'reward': (64,), 'next_tiles': (64, 9, 10, 10), 'next_numeric': (64, 55), 'done': (64,), 'weights': (64,)}
2026-08-30 06:10:22,711 [INFO] path_b_bootstrap: BC epoch 9/25 | avg loss: 0.48300
2026-08-30 06:10:22,756 [DEBUG] path_b_bootstrap: BC epoch 10/25 step 1/300 | loss=0.57957 | batch shapes={'tiles': (64, 9, 10, 10), 'numeric': (64, 55), 'action_verb': (64,), 'action_crop': (64,), 'action_hands': (64, 6), 'action_market': (64, 10), 'reward': (64,), 'next_tiles': (64, 9, 10, 10), 'next_numeric': (64, 55), 'done': (64,), 'weights': (64,)}
2026-08-30 06:10:22,802 [DEBUG] path_b_bootstrap: BC epoch 10/25 step 2/300 | loss=0.53134 | batch shapes={'tiles': (64, 9, 10, 10), 'numeric': (64, 55), 'action_verb': (64,), 'action_crop': (64,), 'action_hands': (64, 6), 'action_market': (64, 10), 'reward': (64,), 'next_tiles': (64, 9, 10, 10), 'next_numeric': (64, 55), 'done': (64,), 'weights': (64,)}
2026-08-30 06:10:22,848 [DEBUG] path_b_bootstrap: BC epoch 10/25 step 3/300 | loss=0.52938 | batch shapes={'tiles': (64, 9, 10, 10), 'numeric': (64, 55), 'action_verb': (64,), 'action_crop': (64,), 'action_hands': (64, 6), 'action_market': (64, 10), 'reward': (64,), 'next_tiles': (64, 9, 10, 10), 'next_numeric': (64, 55), 'done': (64,), 'weights': (64,)}
2026-08-30 06:10:25,023 [DEBUG] path_b_bootstrap: BC epoch 10/25 step 51/300 | loss=0.37709 | batch shapes={'tiles': (64, 9, 10, 10), 'numeric': (64, 55), 'action_verb': (64,), 'action_crop': (64,), 'action_hands': (64, 6), 'action_market': (64, 10), 'reward': (64,), 'next_tiles': (64, 9, 10, 10), 'next_numeric': (64, 55), 'done': (64,), 'weights': (64,)}
2026-08-30 06:10:27,289 [DEBUG] path_b_bootstrap: BC epoch 10/25 step 101/300 | loss=0.43924 | batch shapes={'tiles': (64, 9, 10, 10), 'numeric': (64, 55), 'action_verb': (64,), 'action_crop': (64,), 'action_hands': (64, 6), 'action_market': (64, 10), 'reward': (64,), 'next_tiles': (64, 9, 10, 10), 'next_numeric': (64, 55), 'done': (64,), 'weights': (64,)}
2026-08-30 06:10:29,574 [DEBUG] path_b_bootstrap: BC epoch 10/25 step 151/300 | loss=0.47026 | batch shapes={'tiles': (64, 9, 10, 10), 'numeric': (64, 55), 'action_verb': (64,), 'action_crop': (64,), 'action_hands': (64, 6), 'action_market': (64, 10), 'reward': (64,), 'next_tiles': (64, 9, 10, 10), 'next_numeric': (64, 55), 'done': (64,), 'weights': (64,)}
2026-08-30 06:10:31,827 [DEBUG] path_b_bootstrap: BC epoch 10/25 step 201/300 | loss=0.40832 | batch shapes={'tiles': (64, 9, 10, 10), 'numeric': (64, 55), 'action_verb': (64,), 'action_crop': (64,), 'action_hands': (64, 6), 'action_market': (64, 10), 'reward': (64,), 'next_tiles': (64, 9, 10, 10), 'next_numeric': (64, 55), 'done': (64,), 'weights': (64,)}
2026-08-30 06:10:34,171 [DEBUG] path_b_bootstrap: BC epoch 10/25 step 251/300 | loss=0.43356 | batch shapes={'tiles': (64, 9, 10, 10), 'numeric': (64, 55), 'action_verb': (64,), 'action_crop': (64,), 'action_hands': (64, 6), 'action_market': (64, 10), 'reward': (64,), 'next_tiles': (64, 9, 10, 10), 'next_numeric': (64, 55), 'done': (64,), 'weights': (64,)}
2026-08-30 06:10:36,428 [DEBUG] path_b_bootstrap: BC epoch 10/25 step 300/300 | loss=0.39137 | batch shapes={'tiles': (64, 9, 10, 10), 'numeric': (64, 55), 'action_verb': (64,), 'action_crop': (64,), 'action_hands': (64, 6), 'action_market': (64, 10), 'reward': (64,), 'next_tiles': (64, 9, 10, 10), 'next_numeric': (64, 55), 'done': (64,), 'weights': (64,)}
2026-08-30 06:10:36,428 [INFO] path_b_bootstrap: BC epoch 10/25 | avg loss: 0.45932
2026-08-30 06:10:36,476 [DEBUG] path_b_bootstrap: BC epoch 11/25 step 1/300 | loss=0.47764 | batch shapes={'tiles': (64, 9, 10, 10), 'numeric': (64, 55), 'action_verb': (64,), 'action_crop': (64,), 'action_hands': (64, 6), 'action_market': (64, 10), 'reward': (64,), 'next_tiles': (64, 9, 10, 10), 'next_numeric': (64, 55), 'done': (64,), 'weights': (64,)}
2026-08-30 06:10:36,523 [DEBUG] path_b_bootstrap: BC epoch 11/25 step 2/300 | loss=0.38676 | batch shapes={'tiles': (64, 9, 10, 10), 'numeric': (64, 55), 'action_verb': (64,), 'action_crop': (64,), 'action_hands': (64, 6), 'action_market': (64, 10), 'reward': (64,), 'next_tiles': (64, 9, 10, 10), 'next_numeric': (64, 55), 'done': (64,), 'weights': (64,)}
2026-08-30 06:10:36,569 [DEBUG] path_b_bootstrap: BC epoch 11/25 step 3/300 | loss=0.37666 | batch shapes={'tiles': (64, 9, 10, 10), 'numeric': (64, 55), 'action_verb': (64,), 'action_crop': (64,), 'action_hands': (64, 6), 'action_market': (64, 10), 'reward': (64,), 'next_tiles': (64, 9, 10, 10), 'next_numeric': (64, 55), 'done': (64,), 'weights': (64,)}
2026-08-30 06:10:38,808 [DEBUG] path_b_bootstrap: BC epoch 11/25 step 51/300 | loss=0.44554 | batch shapes={'tiles': (64, 9, 10, 10), 'numeric': (64, 55), 'action_verb': (64,), 'action_crop': (64,), 'action_hands': (64, 6), 'action_market': (64, 10), 'reward': (64,), 'next_tiles': (64, 9, 10, 10), 'next_numeric': (64, 55), 'done': (64,), 'weights': (64,)}
2026-08-30 06:10:41,128 [DEBUG] path_b_bootstrap: BC epoch 11/25 step 101/300 | loss=0.46678 | batch shapes={'tiles': (64, 9, 10, 10), 'numeric': (64, 55), 'action_verb': (64,), 'action_crop': (64,), 'action_hands': (64, 6), 'action_market': (64, 10), 'reward': (64,), 'next_tiles': (64, 9, 10, 10), 'next_numeric': (64, 55), 'done': (64,), 'weights': (64,)}
2026-08-30 06:10:43,484 [DEBUG] path_b_bootstrap: BC epoch 11/25 step 151/300 | loss=0.38084 | batch shapes={'tiles': (64, 9, 10, 10), 'numeric': (64, 55), 'action_verb': (64,), 'action_crop': (64,), 'action_hands': (64, 6), 'action_market': (64, 10), 'reward': (64,), 'next_tiles': (64, 9, 10, 10), 'next_numeric': (64, 55), 'done': (64,), 'weights': (64,)}
2026-08-30 06:10:45,853 [DEBUG] path_b_bootstrap: BC epoch 11/25 step 201/300 | loss=0.47416 | batch shapes={'tiles': (64, 9, 10, 10), 'numeric': (64, 55), 'action_verb': (64,), 'action_crop': (64,), 'action_hands': (64, 6), 'action_market': (64, 10), 'reward': (64,), 'next_tiles': (64, 9, 10, 10), 'next_numeric': (64, 55), 'done': (64,), 'weights': (64,)}
2026-08-30 06:10:48,154 [DEBUG] path_b_bootstrap: BC epoch 11/25 step 251/300 | loss=0.38544 | batch shapes={'tiles': (64, 9, 10, 10), 'numeric': (64, 55), 'action_verb': (64,), 'action_crop': (64,), 'action_hands': (64, 6), 'action_market': (64, 10), 'reward': (64,), 'next_tiles': (64, 9, 10, 10), 'next_numeric': (64, 55), 'done': (64,), 'weights': (64,)}
2026-08-30 06:10:50,399 [DEBUG] path_b_bootstrap: BC epoch 11/25 step 300/300 | loss=0.41729 | batch shapes={'tiles': (64, 9, 10, 10), 'numeric': (64, 55), 'action_verb': (64,), 'action_crop': (64,), 'action_hands': (64, 6), 'action_market': (64, 10), 'reward': (64,), 'next_tiles': (64, 9, 10, 10), 'next_numeric': (64, 55), 'done': (64,), 'weights': (64,)}
2026-08-30 06:10:50,399 [INFO] path_b_bootstrap: BC epoch 11/25 | avg loss: 0.43715
2026-08-30 06:10:50,446 [DEBUG] path_b_bootstrap: BC epoch 12/25 step 1/300 | loss=0.37722 | batch shapes={'tiles': (64, 9, 10, 10), 'numeric': (64, 55), 'action_verb': (64,), 'action_crop': (64,), 'action_hands': (64, 6), 'action_market': (64, 10), 'reward': (64,), 'next_tiles': (64, 9, 10, 10), 'next_numeric': (64, 55), 'done': (64,), 'weights': (64,)}
2026-08-30 06:10:50,492 [DEBUG] path_b_bootstrap: BC epoch 12/25 step 2/300 | loss=0.35941 | batch shapes={'tiles': (64, 9, 10, 10), 'numeric': (64, 55), 'action_verb': (64,), 'action_crop': (64,), 'action_hands': (64, 6), 'action_market': (64, 10), 'reward': (64,), 'next_tiles': (64, 9, 10, 10), 'next_numeric': (64, 55), 'done': (64,), 'weights': (64,)}
2026-08-30 06:10:50,538 [DEBUG] path_b_bootstrap: BC epoch 12/25 step 3/300 | loss=0.50944 | batch shapes={'tiles': (64, 9, 10, 10), 'numeric': (64, 55), 'action_verb': (64,), 'action_crop': (64,), 'action_hands': (64, 6), 'action_market': (64, 10), 'reward': (64,), 'next_tiles': (64, 9, 10, 10), 'next_numeric': (64, 55), 'done': (64,), 'weights': (64,)}
2026-08-30 06:10:52,741 [DEBUG] path_b_bootstrap: BC epoch 12/25 step 51/300 | loss=0.51269 | batch shapes={'tiles': (64, 9, 10, 10), 'numeric': (64, 55), 'action_verb': (64,), 'action_crop': (64,), 'action_hands': (64, 6), 'action_market': (64, 10), 'reward': (64,), 'next_tiles': (64, 9, 10, 10), 'next_numeric': (64, 55), 'done': (64,), 'weights': (64,)}
2026-08-30 06:10:55,101 [DEBUG] path_b_bootstrap: BC epoch 12/25 step 101/300 | loss=0.41007 | batch shapes={'tiles': (64, 9, 10, 10), 'numeric': (64, 55), 'action_verb': (64,), 'action_crop': (64,), 'action_hands': (64, 6), 'action_market': (64, 10), 'reward': (64,), 'next_tiles': (64, 9, 10, 10), 'next_numeric': (64, 55), 'done': (64,), 'weights': (64,)}
2026-08-30 06:10:57,414 [DEBUG] path_b_bootstrap: BC epoch 12/25 step 151/300 | loss=0.46192 | batch shapes={'tiles': (64, 9, 10, 10), 'numeric': (64, 55), 'action_verb': (64,), 'action_crop': (64,), 'action_hands': (64, 6), 'action_market': (64, 10), 'reward': (64,), 'next_tiles': (64, 9, 10, 10), 'next_numeric': (64, 55), 'done': (64,), 'weights': (64,)}
2026-08-30 06:10:59,719 [DEBUG] path_b_bootstrap: BC epoch 12/25 step 201/300 | loss=0.60660 | batch shapes={'tiles': (64, 9, 10, 10), 'numeric': (64, 55), 'action_verb': (64,), 'action_crop': (64,), 'action_hands': (64, 6), 'action_market': (64, 10), 'reward': (64,), 'next_tiles': (64, 9, 10, 10), 'next_numeric': (64, 55), 'done': (64,), 'weights': (64,)}
2026-08-30 06:11:02,014 [DEBUG] path_b_bootstrap: BC epoch 12/25 step 251/300 | loss=0.41946 | batch shapes={'tiles': (64, 9, 10, 10), 'numeric': (64, 55), 'action_verb': (64,), 'action_crop': (64,), 'action_hands': (64, 6), 'action_market': (64, 10), 'reward': (64,), 'next_tiles': (64, 9, 10, 10), 'next_numeric': (64, 55), 'done': (64,), 'weights': (64,)}
2026-08-30 06:11:04,326 [DEBUG] path_b_bootstrap: BC epoch 12/25 step 300/300 | loss=0.32717 | batch shapes={'tiles': (64, 9, 10, 10), 'numeric': (64, 55), 'action_verb': (64,), 'action_crop': (64,), 'action_hands': (64, 6), 'action_market': (64, 10), 'reward': (64,), 'next_tiles': (64, 9, 10, 10), 'next_numeric': (64, 55), 'done': (64,), 'weights': (64,)}
2026-08-30 06:11:04,326 [INFO] path_b_bootstrap: BC epoch 12/25 | avg loss: 0.41616
2026-08-30 06:11:04,372 [DEBUG] path_b_bootstrap: BC epoch 13/25 step 1/300 | loss=0.36073 | batch shapes={'tiles': (64, 9, 10, 10), 'numeric': (64, 55), 'action_verb': (64,), 'action_crop': (64,), 'action_hands': (64, 6), 'action_market': (64, 10), 'reward': (64,), 'next_tiles': (64, 9, 10, 10), 'next_numeric': (64, 55), 'done': (64,), 'weights': (64,)}
2026-08-30 06:11:04,417 [DEBUG] path_b_bootstrap: BC epoch 13/25 step 2/300 | loss=0.44836 | batch shapes={'tiles': (64, 9, 10, 10), 'numeric': (64, 55), 'action_verb': (64,), 'action_crop': (64,), 'action_hands': (64, 6), 'action_market': (64, 10), 'reward': (64,), 'next_tiles': (64, 9, 10, 10), 'next_numeric': (64, 55), 'done': (64,), 'weights': (64,)}
2026-08-30 06:11:04,464 [DEBUG] path_b_bootstrap: BC epoch 13/25 step 3/300 | loss=0.40063 | batch shapes={'tiles': (64, 9, 10, 10), 'numeric': (64, 55), 'action_verb': (64,), 'action_crop': (64,), 'action_hands': (64, 6), 'action_market': (64, 10), 'reward': (64,), 'next_tiles': (64, 9, 10, 10), 'next_numeric': (64, 55), 'done': (64,), 'weights': (64,)}
2026-08-30 06:11:06,702 [DEBUG] path_b_bootstrap: BC epoch 13/25 step 51/300 | loss=0.40792 | batch shapes={'tiles': (64, 9, 10, 10), 'numeric': (64, 55), 'action_verb': (64,), 'action_crop': (64,), 'action_hands': (64, 6), 'action_market': (64, 10), 'reward': (64,), 'next_tiles': (64, 9, 10, 10), 'next_numeric': (64, 55), 'done': (64,), 'weights': (64,)}
2026-08-30 06:11:08,982 [DEBUG] path_b_bootstrap: BC epoch 13/25 step 101/300 | loss=0.41536 | batch shapes={'tiles': (64, 9, 10, 10), 'numeric': (64, 55), 'action_verb': (64,), 'action_crop': (64,), 'action_hands': (64, 6), 'action_market': (64, 10), 'reward': (64,), 'next_tiles': (64, 9, 10, 10), 'next_numeric': (64, 55), 'done': (64,), 'weights': (64,)}
2026-08-30 06:11:11,329 [DEBUG] path_b_bootstrap: BC epoch 13/25 step 151/300 | loss=0.51208 | batch shapes={'tiles': (64, 9, 10, 10), 'numeric': (64, 55), 'action_verb': (64,), 'action_crop': (64,), 'action_hands': (64, 6), 'action_market': (64, 10), 'reward': (64,), 'next_tiles': (64, 9, 10, 10), 'next_numeric': (64, 55), 'done': (64,), 'weights': (64,)}
2026-08-30 06:11:13,626 [DEBUG] path_b_bootstrap: BC epoch 13/25 step 201/300 | loss=0.42872 | batch shapes={'tiles': (64, 9, 10, 10), 'numeric': (64, 55), 'action_verb': (64,), 'action_crop': (64,), 'action_hands': (64, 6), 'action_market': (64, 10), 'reward': (64,), 'next_tiles': (64, 9, 10, 10), 'next_numeric': (64, 55), 'done': (64,), 'weights': (64,)}
2026-08-30 06:11:15,932 [DEBUG] path_b_bootstrap: BC epoch 13/25 step 251/300 | loss=0.39664 | batch shapes={'tiles': (64, 9, 10, 10), 'numeric': (64, 55), 'action_verb': (64,), 'action_crop': (64,), 'action_hands': (64, 6), 'action_market': (64, 10), 'reward': (64,), 'next_tiles': (64, 9, 10, 10), 'next_numeric': (64, 55), 'done': (64,), 'weights': (64,)}
2026-08-30 06:11:18,187 [DEBUG] path_b_bootstrap: BC epoch 13/25 step 300/300 | loss=0.29491 | batch shapes={'tiles': (64, 9, 10, 10), 'numeric': (64, 55), 'action_verb': (64,), 'action_crop': (64,), 'action_hands': (64, 6), 'action_market': (64, 10), 'reward': (64,), 'next_tiles': (64, 9, 10, 10), 'next_numeric': (64, 55), 'done': (64,), 'weights': (64,)}
2026-08-30 06:11:18,187 [INFO] path_b_bootstrap: BC epoch 13/25 | avg loss: 0.39733
2026-08-30 06:11:18,233 [DEBUG] path_b_bootstrap: BC epoch 14/25 step 1/300 | loss=0.32733 | batch shapes={'tiles': (64, 9, 10, 10), 'numeric': (64, 55), 'action_verb': (64,), 'action_crop': (64,), 'action_hands': (64, 6), 'action_market': (64, 10), 'reward': (64,), 'next_tiles': (64, 9, 10, 10), 'next_numeric': (64, 55), 'done': (64,), 'weights': (64,)}
2026-08-30 06:11:18,278 [DEBUG] path_b_bootstrap: BC epoch 14/25 step 2/300 | loss=0.36702 | batch shapes={'tiles': (64, 9, 10, 10), 'numeric': (64, 55), 'action_verb': (64,), 'action_crop': (64,), 'action_hands': (64, 6), 'action_market': (64, 10), 'reward': (64,), 'next_tiles': (64, 9, 10, 10), 'next_numeric': (64, 55), 'done': (64,), 'weights': (64,)}
2026-08-30 06:11:18,325 [DEBUG] path_b_bootstrap: BC epoch 14/25 step 3/300 | loss=0.49998 | batch shapes={'tiles': (64, 9, 10, 10), 'numeric': (64, 55), 'action_verb': (64,), 'action_crop': (64,), 'action_hands': (64, 6), 'action_market': (64, 10), 'reward': (64,), 'next_tiles': (64, 9, 10, 10), 'next_numeric': (64, 55), 'done': (64,), 'weights': (64,)}
2026-08-30 06:11:20,535 [DEBUG] path_b_bootstrap: BC epoch 14/25 step 51/300 | loss=0.46667 | batch shapes={'tiles': (64, 9, 10, 10), 'numeric': (64, 55), 'action_verb': (64,), 'action_crop': (64,), 'action_hands': (64, 6), 'action_market': (64, 10), 'reward': (64,), 'next_tiles': (64, 9, 10, 10), 'next_numeric': (64, 55), 'done': (64,), 'weights': (64,)}
2026-08-30 06:11:22,830 [DEBUG] path_b_bootstrap: BC epoch 14/25 step 101/300 | loss=0.39947 | batch shapes={'tiles': (64, 9, 10, 10), 'numeric': (64, 55), 'action_verb': (64,), 'action_crop': (64,), 'action_hands': (64, 6), 'action_market': (64, 10), 'reward': (64,), 'next_tiles': (64, 9, 10, 10), 'next_numeric': (64, 55), 'done': (64,), 'weights': (64,)}
2026-08-30 06:11:25,138 [DEBUG] path_b_bootstrap: BC epoch 14/25 step 151/300 | loss=0.34464 | batch shapes={'tiles': (64, 9, 10, 10), 'numeric': (64, 55), 'action_verb': (64,), 'action_crop': (64,), 'action_hands': (64, 6), 'action_market': (64, 10), 'reward': (64,), 'next_tiles': (64, 9, 10, 10), 'next_numeric': (64, 55), 'done': (64,), 'weights': (64,)}
2026-08-30 06:11:27,425 [DEBUG] path_b_bootstrap: BC epoch 14/25 step 201/300 | loss=0.31450 | batch shapes={'tiles': (64, 9, 10, 10), 'numeric': (64, 55), 'action_verb': (64,), 'action_crop': (64,), 'action_hands': (64, 6), 'action_market': (64, 10), 'reward': (64,), 'next_tiles': (64, 9, 10, 10), 'next_numeric': (64, 55), 'done': (64,), 'weights': (64,)}
2026-08-30 06:11:29,701 [DEBUG] path_b_bootstrap: BC epoch 14/25 step 251/300 | loss=0.41518 | batch shapes={'tiles': (64, 9, 10, 10), 'numeric': (64, 55), 'action_verb': (64,), 'action_crop': (64,), 'action_hands': (64, 6), 'action_market': (64, 10), 'reward': (64,), 'next_tiles': (64, 9, 10, 10), 'next_numeric': (64, 55), 'done': (64,), 'weights': (64,)}
2026-08-30 06:11:31,923 [DEBUG] path_b_bootstrap: BC epoch 14/25 step 300/300 | loss=0.29408 | batch shapes={'tiles': (64, 9, 10, 10), 'numeric': (64, 55), 'action_verb': (64,), 'action_crop': (64,), 'action_hands': (64, 6), 'action_market': (64, 10), 'reward': (64,), 'next_tiles': (64, 9, 10, 10), 'next_numeric': (64, 55), 'done': (64,), 'weights': (64,)}
2026-08-30 06:11:31,923 [INFO] path_b_bootstrap: BC epoch 14/25 | avg loss: 0.38357
2026-08-30 06:11:31,969 [DEBUG] path_b_bootstrap: BC epoch 15/25 step 1/300 | loss=0.41361 | batch shapes={'tiles': (64, 9, 10, 10), 'numeric': (64, 55), 'action_verb': (64,), 'action_crop': (64,), 'action_hands': (64, 6), 'action_market': (64, 10), 'reward': (64,), 'next_tiles': (64, 9, 10, 10), 'next_numeric': (64, 55), 'done': (64,), 'weights': (64,)}
2026-08-30 06:11:32,015 [DEBUG] path_b_bootstrap: BC epoch 15/25 step 2/300 | loss=0.42656 | batch shapes={'tiles': (64, 9, 10, 10), 'numeric': (64, 55), 'action_verb': (64,), 'action_crop': (64,), 'action_hands': (64, 6), 'action_market': (64, 10), 'reward': (64,), 'next_tiles': (64, 9, 10, 10), 'next_numeric': (64, 55), 'done': (64,), 'weights': (64,)}
2026-08-30 06:11:32,063 [DEBUG] path_b_bootstrap: BC epoch 15/25 step 3/300 | loss=0.34132 | batch shapes={'tiles': (64, 9, 10, 10), 'numeric': (64, 55), 'action_verb': (64,), 'action_crop': (64,), 'action_hands': (64, 6), 'action_market': (64, 10), 'reward': (64,), 'next_tiles': (64, 9, 10, 10), 'next_numeric': (64, 55), 'done': (64,), 'weights': (64,)}
2026-08-30 06:11:34,348 [DEBUG] path_b_bootstrap: BC epoch 15/25 step 51/300 | loss=0.39561 | batch shapes={'tiles': (64, 9, 10, 10), 'numeric': (64, 55), 'action_verb': (64,), 'action_crop': (64,), 'action_hands': (64, 6), 'action_market': (64, 10), 'reward': (64,), 'next_tiles': (64, 9, 10, 10), 'next_numeric': (64, 55), 'done': (64,), 'weights': (64,)}
2026-08-30 06:11:36,768 [DEBUG] path_b_bootstrap: BC epoch 15/25 step 101/300 | loss=0.36184 | batch shapes={'tiles': (64, 9, 10, 10), 'numeric': (64, 55), 'action_verb': (64,), 'action_crop': (64,), 'action_hands': (64, 6), 'action_market': (64, 10), 'reward': (64,), 'next_tiles': (64, 9, 10, 10), 'next_numeric': (64, 55), 'done': (64,), 'weights': (64,)}
2026-08-30 06:11:39,196 [DEBUG] path_b_bootstrap: BC epoch 15/25 step 151/300 | loss=0.39152 | batch shapes={'tiles': (64, 9, 10, 10), 'numeric': (64, 55), 'action_verb': (64,), 'action_crop': (64,), 'action_hands': (64, 6), 'action_market': (64, 10), 'reward': (64,), 'next_tiles': (64, 9, 10, 10), 'next_numeric': (64, 55), 'done': (64,), 'weights': (64,)}
2026-08-30 06:11:41,648 [DEBUG] path_b_bootstrap: BC epoch 15/25 step 201/300 | loss=0.35216 | batch shapes={'tiles': (64, 9, 10, 10), 'numeric': (64, 55), 'action_verb': (64,), 'action_crop': (64,), 'action_hands': (64, 6), 'action_market': (64, 10), 'reward': (64,), 'next_tiles': (64, 9, 10, 10), 'next_numeric': (64, 55), 'done': (64,), 'weights': (64,)}
2026-08-30 06:11:43,977 [DEBUG] path_b_bootstrap: BC epoch 15/25 step 251/300 | loss=0.34089 | batch shapes={'tiles': (64, 9, 10, 10), 'numeric': (64, 55), 'action_verb': (64,), 'action_crop': (64,), 'action_hands': (64, 6), 'action_market': (64, 10), 'reward': (64,), 'next_tiles': (64, 9, 10, 10), 'next_numeric': (64, 55), 'done': (64,), 'weights': (64,)}
2026-08-30 06:11:46,257 [DEBUG] path_b_bootstrap: BC epoch 15/25 step 300/300 | loss=0.34260 | batch shapes={'tiles': (64, 9, 10, 10), 'numeric': (64, 55), 'action_verb': (64,), 'action_crop': (64,), 'action_hands': (64, 6), 'action_market': (64, 10), 'reward': (64,), 'next_tiles': (64, 9, 10, 10), 'next_numeric': (64, 55), 'done': (64,), 'weights': (64,)}
2026-08-30 06:11:46,258 [INFO] path_b_bootstrap: BC epoch 15/25 | avg loss: 0.36565
2026-08-30 06:11:46,306 [DEBUG] path_b_bootstrap: BC epoch 16/25 step 1/300 | loss=0.33900 | batch shapes={'tiles': (64, 9, 10, 10), 'numeric': (64, 55), 'action_verb': (64,), 'action_crop': (64,), 'action_hands': (64, 6), 'action_market': (64, 10), 'reward': (64,), 'next_tiles': (64, 9, 10, 10), 'next_numeric': (64, 55), 'done': (64,), 'weights': (64,)}
2026-08-30 06:11:46,351 [DEBUG] path_b_bootstrap: BC epoch 16/25 step 2/300 | loss=0.44298 | batch shapes={'tiles': (64, 9, 10, 10), 'numeric': (64, 55), 'action_verb': (64,), 'action_crop': (64,), 'action_hands': (64, 6), 'action_market': (64, 10), 'reward': (64,), 'next_tiles': (64, 9, 10, 10), 'next_numeric': (64, 55), 'done': (64,), 'weights': (64,)}
2026-08-30 06:11:46,397 [DEBUG] path_b_bootstrap: BC epoch 16/25 step 3/300 | loss=0.44599 | batch shapes={'tiles': (64, 9, 10, 10), 'numeric': (64, 55), 'action_verb': (64,), 'action_crop': (64,), 'action_hands': (64, 6), 'action_market': (64, 10), 'reward': (64,), 'next_tiles': (64, 9, 10, 10), 'next_numeric': (64, 55), 'done': (64,), 'weights': (64,)}
2026-08-30 06:11:48,621 [DEBUG] path_b_bootstrap: BC epoch 16/25 step 51/300 | loss=0.33143 | batch shapes={'tiles': (64, 9, 10, 10), 'numeric': (64, 55), 'action_verb': (64,), 'action_crop': (64,), 'action_hands': (64, 6), 'action_market': (64, 10), 'reward': (64,), 'next_tiles': (64, 9, 10, 10), 'next_numeric': (64, 55), 'done': (64,), 'weights': (64,)}
2026-08-30 06:11:50,976 [DEBUG] path_b_bootstrap: BC epoch 16/25 step 101/300 | loss=0.32950 | batch shapes={'tiles': (64, 9, 10, 10), 'numeric': (64, 55), 'action_verb': (64,), 'action_crop': (64,), 'action_hands': (64, 6), 'action_market': (64, 10), 'reward': (64,), 'next_tiles': (64, 9, 10, 10), 'next_numeric': (64, 55), 'done': (64,), 'weights': (64,)}
2026-08-30 06:11:53,277 [DEBUG] path_b_bootstrap: BC epoch 16/25 step 151/300 | loss=0.37645 | batch shapes={'tiles': (64, 9, 10, 10), 'numeric': (64, 55), 'action_verb': (64,), 'action_crop': (64,), 'action_hands': (64, 6), 'action_market': (64, 10), 'reward': (64,), 'next_tiles': (64, 9, 10, 10), 'next_numeric': (64, 55), 'done': (64,), 'weights': (64,)}
2026-08-30 06:11:55,564 [DEBUG] path_b_bootstrap: BC epoch 16/25 step 201/300 | loss=0.32957 | batch shapes={'tiles': (64, 9, 10, 10), 'numeric': (64, 55), 'action_verb': (64,), 'action_crop': (64,), 'action_hands': (64, 6), 'action_market': (64, 10), 'reward': (64,), 'next_tiles': (64, 9, 10, 10), 'next_numeric': (64, 55), 'done': (64,), 'weights': (64,)}
2026-08-30 06:11:57,891 [DEBUG] path_b_bootstrap: BC epoch 16/25 step 251/300 | loss=0.29660 | batch shapes={'tiles': (64, 9, 10, 10), 'numeric': (64, 55), 'action_verb': (64,), 'action_crop': (64,), 'action_hands': (64, 6), 'action_market': (64, 10), 'reward': (64,), 'next_tiles': (64, 9, 10, 10), 'next_numeric': (64, 55), 'done': (64,), 'weights': (64,)}
2026-08-30 06:12:00,160 [DEBUG] path_b_bootstrap: BC epoch 16/25 step 300/300 | loss=0.31203 | batch shapes={'tiles': (64, 9, 10, 10), 'numeric': (64, 55), 'action_verb': (64,), 'action_crop': (64,), 'action_hands': (64, 6), 'action_market': (64, 10), 'reward': (64,), 'next_tiles': (64, 9, 10, 10), 'next_numeric': (64, 55), 'done': (64,), 'weights': (64,)}
2026-08-30 06:12:00,160 [INFO] path_b_bootstrap: BC epoch 16/25 | avg loss: 0.35500
2026-08-30 06:12:00,205 [DEBUG] path_b_bootstrap: BC epoch 17/25 step 1/300 | loss=0.31035 | batch shapes={'tiles': (64, 9, 10, 10), 'numeric': (64, 55), 'action_verb': (64,), 'action_crop': (64,), 'action_hands': (64, 6), 'action_market': (64, 10), 'reward': (64,), 'next_tiles': (64, 9, 10, 10), 'next_numeric': (64, 55), 'done': (64,), 'weights': (64,)}
2026-08-30 06:12:00,251 [DEBUG] path_b_bootstrap: BC epoch 17/25 step 2/300 | loss=0.28570 | batch shapes={'tiles': (64, 9, 10, 10), 'numeric': (64, 55), 'action_verb': (64,), 'action_crop': (64,), 'action_hands': (64, 6), 'action_market': (64, 10), 'reward': (64,), 'next_tiles': (64, 9, 10, 10), 'next_numeric': (64, 55), 'done': (64,), 'weights': (64,)}
2026-08-30 06:12:00,297 [DEBUG] path_b_bootstrap: BC epoch 17/25 step 3/300 | loss=0.36122 | batch shapes={'tiles': (64, 9, 10, 10), 'numeric': (64, 55), 'action_verb': (64,), 'action_crop': (64,), 'action_hands': (64, 6), 'action_market': (64, 10), 'reward': (64,), 'next_tiles': (64, 9, 10, 10), 'next_numeric': (64, 55), 'done': (64,), 'weights': (64,)}
2026-08-30 06:12:02,534 [DEBUG] path_b_bootstrap: BC epoch 17/25 step 51/300 | loss=0.38004 | batch shapes={'tiles': (64, 9, 10, 10), 'numeric': (64, 55), 'action_verb': (64,), 'action_crop': (64,), 'action_hands': (64, 6), 'action_market': (64, 10), 'reward': (64,), 'next_tiles': (64, 9, 10, 10), 'next_numeric': (64, 55), 'done': (64,), 'weights': (64,)}
2026-08-30 06:12:04,857 [DEBUG] path_b_bootstrap: BC epoch 17/25 step 101/300 | loss=0.34691 | batch shapes={'tiles': (64, 9, 10, 10), 'numeric': (64, 55), 'action_verb': (64,), 'action_crop': (64,), 'action_hands': (64, 6), 'action_market': (64, 10), 'reward': (64,), 'next_tiles': (64, 9, 10, 10), 'next_numeric': (64, 55), 'done': (64,), 'weights': (64,)}
2026-08-30 06:12:07,213 [DEBUG] path_b_bootstrap: BC epoch 17/25 step 151/300 | loss=0.36852 | batch shapes={'tiles': (64, 9, 10, 10), 'numeric': (64, 55), 'action_verb': (64,), 'action_crop': (64,), 'action_hands': (64, 6), 'action_market': (64, 10), 'reward': (64,), 'next_tiles': (64, 9, 10, 10), 'next_numeric': (64, 55), 'done': (64,), 'weights': (64,)}
2026-08-30 06:12:09,502 [DEBUG] path_b_bootstrap: BC epoch 17/25 step 201/300 | loss=0.30099 | batch shapes={'tiles': (64, 9, 10, 10), 'numeric': (64, 55), 'action_verb': (64,), 'action_crop': (64,), 'action_hands': (64, 6), 'action_market': (64, 10), 'reward': (64,), 'next_tiles': (64, 9, 10, 10), 'next_numeric': (64, 55), 'done': (64,), 'weights': (64,)}
2026-08-30 06:12:11,793 [DEBUG] path_b_bootstrap: BC epoch 17/25 step 251/300 | loss=0.45515 | batch shapes={'tiles': (64, 9, 10, 10), 'numeric': (64, 55), 'action_verb': (64,), 'action_crop': (64,), 'action_hands': (64, 6), 'action_market': (64, 10), 'reward': (64,), 'next_tiles': (64, 9, 10, 10), 'next_numeric': (64, 55), 'done': (64,), 'weights': (64,)}
2026-08-30 06:12:14,056 [DEBUG] path_b_bootstrap: BC epoch 17/25 step 300/300 | loss=0.26937 | batch shapes={'tiles': (64, 9, 10, 10), 'numeric': (64, 55), 'action_verb': (64,), 'action_crop': (64,), 'action_hands': (64, 6), 'action_market': (64, 10), 'reward': (64,), 'next_tiles': (64, 9, 10, 10), 'next_numeric': (64, 55), 'done': (64,), 'weights': (64,)}
2026-08-30 06:12:14,056 [INFO] path_b_bootstrap: BC epoch 17/25 | avg loss: 0.34090
2026-08-30 06:12:14,102 [DEBUG] path_b_bootstrap: BC epoch 18/25 step 1/300 | loss=0.36214 | batch shapes={'tiles': (64, 9, 10, 10), 'numeric': (64, 55), 'action_verb': (64,), 'action_crop': (64,), 'action_hands': (64, 6), 'action_market': (64, 10), 'reward': (64,), 'next_tiles': (64, 9, 10, 10), 'next_numeric': (64, 55), 'done': (64,), 'weights': (64,)}
2026-08-30 06:12:14,149 [DEBUG] path_b_bootstrap: BC epoch 18/25 step 2/300 | loss=0.36149 | batch shapes={'tiles': (64, 9, 10, 10), 'numeric': (64, 55), 'action_verb': (64,), 'action_crop': (64,), 'action_hands': (64, 6), 'action_market': (64, 10), 'reward': (64,), 'next_tiles': (64, 9, 10, 10), 'next_numeric': (64, 55), 'done': (64,), 'weights': (64,)}
2026-08-30 06:12:14,196 [DEBUG] path_b_bootstrap: BC epoch 18/25 step 3/300 | loss=0.29144 | batch shapes={'tiles': (64, 9, 10, 10), 'numeric': (64, 55), 'action_verb': (64,), 'action_crop': (64,), 'action_hands': (64, 6), 'action_market': (64, 10), 'reward': (64,), 'next_tiles': (64, 9, 10, 10), 'next_numeric': (64, 55), 'done': (64,), 'weights': (64,)}
2026-08-30 06:12:16,443 [DEBUG] path_b_bootstrap: BC epoch 18/25 step 51/300 | loss=0.30845 | batch shapes={'tiles': (64, 9, 10, 10), 'numeric': (64, 55), 'action_verb': (64,), 'action_crop': (64,), 'action_hands': (64, 6), 'action_market': (64, 10), 'reward': (64,), 'next_tiles': (64, 9, 10, 10), 'next_numeric': (64, 55), 'done': (64,), 'weights': (64,)}
2026-08-30 06:12:18,751 [DEBUG] path_b_bootstrap: BC epoch 18/25 step 101/300 | loss=0.27782 | batch shapes={'tiles': (64, 9, 10, 10), 'numeric': (64, 55), 'action_verb': (64,), 'action_crop': (64,), 'action_hands': (64, 6), 'action_market': (64, 10), 'reward': (64,), 'next_tiles': (64, 9, 10, 10), 'next_numeric': (64, 55), 'done': (64,), 'weights': (64,)}
2026-08-30 06:12:21,042 [DEBUG] path_b_bootstrap: BC epoch 18/25 step 151/300 | loss=0.32404 | batch shapes={'tiles': (64, 9, 10, 10), 'numeric': (64, 55), 'action_verb': (64,), 'action_crop': (64,), 'action_hands': (64, 6), 'action_market': (64, 10), 'reward': (64,), 'next_tiles': (64, 9, 10, 10), 'next_numeric': (64, 55), 'done': (64,), 'weights': (64,)}
2026-08-30 06:12:23,370 [DEBUG] path_b_bootstrap: BC epoch 18/25 step 201/300 | loss=0.37754 | batch shapes={'tiles': (64, 9, 10, 10), 'numeric': (64, 55), 'action_verb': (64,), 'action_crop': (64,), 'action_hands': (64, 6), 'action_market': (64, 10), 'reward': (64,), 'next_tiles': (64, 9, 10, 10), 'next_numeric': (64, 55), 'done': (64,), 'weights': (64,)}
2026-08-30 06:12:25,641 [DEBUG] path_b_bootstrap: BC epoch 18/25 step 251/300 | loss=0.40536 | batch shapes={'tiles': (64, 9, 10, 10), 'numeric': (64, 55), 'action_verb': (64,), 'action_crop': (64,), 'action_hands': (64, 6), 'action_market': (64, 10), 'reward': (64,), 'next_tiles': (64, 9, 10, 10), 'next_numeric': (64, 55), 'done': (64,), 'weights': (64,)}
2026-08-30 06:12:27,938 [DEBUG] path_b_bootstrap: BC epoch 18/25 step 300/300 | loss=0.24111 | batch shapes={'tiles': (64, 9, 10, 10), 'numeric': (64, 55), 'action_verb': (64,), 'action_crop': (64,), 'action_hands': (64, 6), 'action_market': (64, 10), 'reward': (64,), 'next_tiles': (64, 9, 10, 10), 'next_numeric': (64, 55), 'done': (64,), 'weights': (64,)}
2026-08-30 06:12:27,938 [INFO] path_b_bootstrap: BC epoch 18/25 | avg loss: 0.32512
2026-08-30 06:12:27,985 [DEBUG] path_b_bootstrap: BC epoch 19/25 step 1/300 | loss=0.29467 | batch shapes={'tiles': (64, 9, 10, 10), 'numeric': (64, 55), 'action_verb': (64,), 'action_crop': (64,), 'action_hands': (64, 6), 'action_market': (64, 10), 'reward': (64,), 'next_tiles': (64, 9, 10, 10), 'next_numeric': (64, 55), 'done': (64,), 'weights': (64,)}
2026-08-30 06:12:28,032 [DEBUG] path_b_bootstrap: BC epoch 19/25 step 2/300 | loss=0.37135 | batch shapes={'tiles': (64, 9, 10, 10), 'numeric': (64, 55), 'action_verb': (64,), 'action_crop': (64,), 'action_hands': (64, 6), 'action_market': (64, 10), 'reward': (64,), 'next_tiles': (64, 9, 10, 10), 'next_numeric': (64, 55), 'done': (64,), 'weights': (64,)}
2026-08-30 06:12:28,079 [DEBUG] path_b_bootstrap: BC epoch 19/25 step 3/300 | loss=0.34743 | batch shapes={'tiles': (64, 9, 10, 10), 'numeric': (64, 55), 'action_verb': (64,), 'action_crop': (64,), 'action_hands': (64, 6), 'action_market': (64, 10), 'reward': (64,), 'next_tiles': (64, 9, 10, 10), 'next_numeric': (64, 55), 'done': (64,), 'weights': (64,)}
2026-08-30 06:12:30,362 [DEBUG] path_b_bootstrap: BC epoch 19/25 step 51/300 | loss=0.34701 | batch shapes={'tiles': (64, 9, 10, 10), 'numeric': (64, 55), 'action_verb': (64,), 'action_crop': (64,), 'action_hands': (64, 6), 'action_market': (64, 10), 'reward': (64,), 'next_tiles': (64, 9, 10, 10), 'next_numeric': (64, 55), 'done': (64,), 'weights': (64,)}
2026-08-30 06:12:32,678 [DEBUG] path_b_bootstrap: BC epoch 19/25 step 101/300 | loss=0.36191 | batch shapes={'tiles': (64, 9, 10, 10), 'numeric': (64, 55), 'action_verb': (64,), 'action_crop': (64,), 'action_hands': (64, 6), 'action_market': (64, 10), 'reward': (64,), 'next_tiles': (64, 9, 10, 10), 'next_numeric': (64, 55), 'done': (64,), 'weights': (64,)}
2026-08-30 06:12:35,008 [DEBUG] path_b_bootstrap: BC epoch 19/25 step 151/300 | loss=0.28080 | batch shapes={'tiles': (64, 9, 10, 10), 'numeric': (64, 55), 'action_verb': (64,), 'action_crop': (64,), 'action_hands': (64, 6), 'action_market': (64, 10), 'reward': (64,), 'next_tiles': (64, 9, 10, 10), 'next_numeric': (64, 55), 'done': (64,), 'weights': (64,)}
2026-08-30 06:12:37,338 [DEBUG] path_b_bootstrap: BC epoch 19/25 step 201/300 | loss=0.30239 | batch shapes={'tiles': (64, 9, 10, 10), 'numeric': (64, 55), 'action_verb': (64,), 'action_crop': (64,), 'action_hands': (64, 6), 'action_market': (64, 10), 'reward': (64,), 'next_tiles': (64, 9, 10, 10), 'next_numeric': (64, 55), 'done': (64,), 'weights': (64,)}
2026-08-30 06:12:39,737 [DEBUG] path_b_bootstrap: BC epoch 19/25 step 251/300 | loss=0.35087 | batch shapes={'tiles': (64, 9, 10, 10), 'numeric': (64, 55), 'action_verb': (64,), 'action_crop': (64,), 'action_hands': (64, 6), 'action_market': (64, 10), 'reward': (64,), 'next_tiles': (64, 9, 10, 10), 'next_numeric': (64, 55), 'done': (64,), 'weights': (64,)}
2026-08-30 06:12:42,080 [DEBUG] path_b_bootstrap: BC epoch 19/25 step 300/300 | loss=0.30328 | batch shapes={'tiles': (64, 9, 10, 10), 'numeric': (64, 55), 'action_verb': (64,), 'action_crop': (64,), 'action_hands': (64, 6), 'action_market': (64, 10), 'reward': (64,), 'next_tiles': (64, 9, 10, 10), 'next_numeric': (64, 55), 'done': (64,), 'weights': (64,)}
2026-08-30 06:12:42,080 [INFO] path_b_bootstrap: BC epoch 19/25 | avg loss: 0.31920
2026-08-30 06:12:42,129 [DEBUG] path_b_bootstrap: BC epoch 20/25 step 1/300 | loss=0.29066 | batch shapes={'tiles': (64, 9, 10, 10), 'numeric': (64, 55), 'action_verb': (64,), 'action_crop': (64,), 'action_hands': (64, 6), 'action_market': (64, 10), 'reward': (64,), 'next_tiles': (64, 9, 10, 10), 'next_numeric': (64, 55), 'done': (64,), 'weights': (64,)}
2026-08-30 06:12:42,177 [DEBUG] path_b_bootstrap: BC epoch 20/25 step 2/300 | loss=0.38778 | batch shapes={'tiles': (64, 9, 10, 10), 'numeric': (64, 55), 'action_verb': (64,), 'action_crop': (64,), 'action_hands': (64, 6), 'action_market': (64, 10), 'reward': (64,), 'next_tiles': (64, 9, 10, 10), 'next_numeric': (64, 55), 'done': (64,), 'weights': (64,)}
2026-08-30 06:12:42,223 [DEBUG] path_b_bootstrap: BC epoch 20/25 step 3/300 | loss=0.31926 | batch shapes={'tiles': (64, 9, 10, 10), 'numeric': (64, 55), 'action_verb': (64,), 'action_crop': (64,), 'action_hands': (64, 6), 'action_market': (64, 10), 'reward': (64,), 'next_tiles': (64, 9, 10, 10), 'next_numeric': (64, 55), 'done': (64,), 'weights': (64,)}
2026-08-30 06:12:44,504 [DEBUG] path_b_bootstrap: BC epoch 20/25 step 51/300 | loss=0.32241 | batch shapes={'tiles': (64, 9, 10, 10), 'numeric': (64, 55), 'action_verb': (64,), 'action_crop': (64,), 'action_hands': (64, 6), 'action_market': (64, 10), 'reward': (64,), 'next_tiles': (64, 9, 10, 10), 'next_numeric': (64, 55), 'done': (64,), 'weights': (64,)}
2026-08-30 06:12:46,831 [DEBUG] path_b_bootstrap: BC epoch 20/25 step 101/300 | loss=0.30103 | batch shapes={'tiles': (64, 9, 10, 10), 'numeric': (64, 55), 'action_verb': (64,), 'action_crop': (64,), 'action_hands': (64, 6), 'action_market': (64, 10), 'reward': (64,), 'next_tiles': (64, 9, 10, 10), 'next_numeric': (64, 55), 'done': (64,), 'weights': (64,)}
2026-08-30 06:12:49,192 [DEBUG] path_b_bootstrap: BC epoch 20/25 step 151/300 | loss=0.30786 | batch shapes={'tiles': (64, 9, 10, 10), 'numeric': (64, 55), 'action_verb': (64,), 'action_crop': (64,), 'action_hands': (64, 6), 'action_market': (64, 10), 'reward': (64,), 'next_tiles': (64, 9, 10, 10), 'next_numeric': (64, 55), 'done': (64,), 'weights': (64,)}
2026-08-30 06:12:51,491 [DEBUG] path_b_bootstrap: BC epoch 20/25 step 201/300 | loss=0.29470 | batch shapes={'tiles': (64, 9, 10, 10), 'numeric': (64, 55), 'action_verb': (64,), 'action_crop': (64,), 'action_hands': (64, 6), 'action_market': (64, 10), 'reward': (64,), 'next_tiles': (64, 9, 10, 10), 'next_numeric': (64, 55), 'done': (64,), 'weights': (64,)}
2026-08-30 06:12:53,820 [DEBUG] path_b_bootstrap: BC epoch 20/25 step 251/300 | loss=0.31184 | batch shapes={'tiles': (64, 9, 10, 10), 'numeric': (64, 55), 'action_verb': (64,), 'action_crop': (64,), 'action_hands': (64, 6), 'action_market': (64, 10), 'reward': (64,), 'next_tiles': (64, 9, 10, 10), 'next_numeric': (64, 55), 'done': (64,), 'weights': (64,)}
2026-08-30 06:12:56,102 [DEBUG] path_b_bootstrap: BC epoch 20/25 step 300/300 | loss=0.33555 | batch shapes={'tiles': (64, 9, 10, 10), 'numeric': (64, 55), 'action_verb': (64,), 'action_crop': (64,), 'action_hands': (64, 6), 'action_market': (64, 10), 'reward': (64,), 'next_tiles': (64, 9, 10, 10), 'next_numeric': (64, 55), 'done': (64,), 'weights': (64,)}
2026-08-30 06:12:56,102 [INFO] path_b_bootstrap: BC epoch 20/25 | avg loss: 0.31006
2026-08-30 06:12:56,147 [DEBUG] path_b_bootstrap: BC epoch 21/25 step 1/300 | loss=0.28627 | batch shapes={'tiles': (64, 9, 10, 10), 'numeric': (64, 55), 'action_verb': (64,), 'action_crop': (64,), 'action_hands': (64, 6), 'action_market': (64, 10), 'reward': (64,), 'next_tiles': (64, 9, 10, 10), 'next_numeric': (64, 55), 'done': (64,), 'weights': (64,)}
2026-08-30 06:12:56,194 [DEBUG] path_b_bootstrap: BC epoch 21/25 step 2/300 | loss=0.29791 | batch shapes={'tiles': (64, 9, 10, 10), 'numeric': (64, 55), 'action_verb': (64,), 'action_crop': (64,), 'action_hands': (64, 6), 'action_market': (64, 10), 'reward': (64,), 'next_tiles': (64, 9, 10, 10), 'next_numeric': (64, 55), 'done': (64,), 'weights': (64,)}
2026-08-30 06:12:56,241 [DEBUG] path_b_bootstrap: BC epoch 21/25 step 3/300 | loss=0.27662 | batch shapes={'tiles': (64, 9, 10, 10), 'numeric': (64, 55), 'action_verb': (64,), 'action_crop': (64,), 'action_hands': (64, 6), 'action_market': (64, 10), 'reward': (64,), 'next_tiles': (64, 9, 10, 10), 'next_numeric': (64, 55), 'done': (64,), 'weights': (64,)}
2026-08-30 06:12:58,474 [DEBUG] path_b_bootstrap: BC epoch 21/25 step 51/300 | loss=0.27406 | batch shapes={'tiles': (64, 9, 10, 10), 'numeric': (64, 55), 'action_verb': (64,), 'action_crop': (64,), 'action_hands': (64, 6), 'action_market': (64, 10), 'reward': (64,), 'next_tiles': (64, 9, 10, 10), 'next_numeric': (64, 55), 'done': (64,), 'weights': (64,)}
2026-08-30 06:13:00,859 [DEBUG] path_b_bootstrap: BC epoch 21/25 step 101/300 | loss=0.39426 | batch shapes={'tiles': (64, 9, 10, 10), 'numeric': (64, 55), 'action_verb': (64,), 'action_crop': (64,), 'action_hands': (64, 6), 'action_market': (64, 10), 'reward': (64,), 'next_tiles': (64, 9, 10, 10), 'next_numeric': (64, 55), 'done': (64,), 'weights': (64,)}
2026-08-30 06:13:03,153 [DEBUG] path_b_bootstrap: BC epoch 21/25 step 151/300 | loss=0.24827 | batch shapes={'tiles': (64, 9, 10, 10), 'numeric': (64, 55), 'action_verb': (64,), 'action_crop': (64,), 'action_hands': (64, 6), 'action_market': (64, 10), 'reward': (64,), 'next_tiles': (64, 9, 10, 10), 'next_numeric': (64, 55), 'done': (64,), 'weights': (64,)}
2026-08-30 06:13:05,472 [DEBUG] path_b_bootstrap: BC epoch 21/25 step 201/300 | loss=0.32627 | batch shapes={'tiles': (64, 9, 10, 10), 'numeric': (64, 55), 'action_verb': (64,), 'action_crop': (64,), 'action_hands': (64, 6), 'action_market': (64, 10), 'reward': (64,), 'next_tiles': (64, 9, 10, 10), 'next_numeric': (64, 55), 'done': (64,), 'weights': (64,)}
2026-08-30 06:13:07,761 [DEBUG] path_b_bootstrap: BC epoch 21/25 step 251/300 | loss=0.40566 | batch shapes={'tiles': (64, 9, 10, 10), 'numeric': (64, 55), 'action_verb': (64,), 'action_crop': (64,), 'action_hands': (64, 6), 'action_market': (64, 10), 'reward': (64,), 'next_tiles': (64, 9, 10, 10), 'next_numeric': (64, 55), 'done': (64,), 'weights': (64,)}
2026-08-30 06:13:09,962 [DEBUG] path_b_bootstrap: BC epoch 21/25 step 300/300 | loss=0.28939 | batch shapes={'tiles': (64, 9, 10, 10), 'numeric': (64, 55), 'action_verb': (64,), 'action_crop': (64,), 'action_hands': (64, 6), 'action_market': (64, 10), 'reward': (64,), 'next_tiles': (64, 9, 10, 10), 'next_numeric': (64, 55), 'done': (64,), 'weights': (64,)}
2026-08-30 06:13:09,962 [INFO] path_b_bootstrap: BC epoch 21/25 | avg loss: 0.30201
2026-08-30 06:13:10,008 [DEBUG] path_b_bootstrap: BC epoch 22/25 step 1/300 | loss=0.26136 | batch shapes={'tiles': (64, 9, 10, 10), 'numeric': (64, 55), 'action_verb': (64,), 'action_crop': (64,), 'action_hands': (64, 6), 'action_market': (64, 10), 'reward': (64,), 'next_tiles': (64, 9, 10, 10), 'next_numeric': (64, 55), 'done': (64,), 'weights': (64,)}
2026-08-30 06:13:10,055 [DEBUG] path_b_bootstrap: BC epoch 22/25 step 2/300 | loss=0.24884 | batch shapes={'tiles': (64, 9, 10, 10), 'numeric': (64, 55), 'action_verb': (64,), 'action_crop': (64,), 'action_hands': (64, 6), 'action_market': (64, 10), 'reward': (64,), 'next_tiles': (64, 9, 10, 10), 'next_numeric': (64, 55), 'done': (64,), 'weights': (64,)}
2026-08-30 06:13:10,100 [DEBUG] path_b_bootstrap: BC epoch 22/25 step 3/300 | loss=0.31929 | batch shapes={'tiles': (64, 9, 10, 10), 'numeric': (64, 55), 'action_verb': (64,), 'action_crop': (64,), 'action_hands': (64, 6), 'action_market': (64, 10), 'reward': (64,), 'next_tiles': (64, 9, 10, 10), 'next_numeric': (64, 55), 'done': (64,), 'weights': (64,)}
2026-08-30 06:13:12,339 [DEBUG] path_b_bootstrap: BC epoch 22/25 step 51/300 | loss=0.26795 | batch shapes={'tiles': (64, 9, 10, 10), 'numeric': (64, 55), 'action_verb': (64,), 'action_crop': (64,), 'action_hands': (64, 6), 'action_market': (64, 10), 'reward': (64,), 'next_tiles': (64, 9, 10, 10), 'next_numeric': (64, 55), 'done': (64,), 'weights': (64,)}
2026-08-30 06:13:14,814 [DEBUG] path_b_bootstrap: BC epoch 22/25 step 101/300 | loss=0.41801 | batch shapes={'tiles': (64, 9, 10, 10), 'numeric': (64, 55), 'action_verb': (64,), 'action_crop': (64,), 'action_hands': (64, 6), 'action_market': (64, 10), 'reward': (64,), 'next_tiles': (64, 9, 10, 10), 'next_numeric': (64, 55), 'done': (64,), 'weights': (64,)}
2026-08-30 06:13:17,162 [DEBUG] path_b_bootstrap: BC epoch 22/25 step 151/300 | loss=0.31169 | batch shapes={'tiles': (64, 9, 10, 10), 'numeric': (64, 55), 'action_verb': (64,), 'action_crop': (64,), 'action_hands': (64, 6), 'action_market': (64, 10), 'reward': (64,), 'next_tiles': (64, 9, 10, 10), 'next_numeric': (64, 55), 'done': (64,), 'weights': (64,)}
2026-08-30 06:13:19,469 [DEBUG] path_b_bootstrap: BC epoch 22/25 step 201/300 | loss=0.30467 | batch shapes={'tiles': (64, 9, 10, 10), 'numeric': (64, 55), 'action_verb': (64,), 'action_crop': (64,), 'action_hands': (64, 6), 'action_market': (64, 10), 'reward': (64,), 'next_tiles': (64, 9, 10, 10), 'next_numeric': (64, 55), 'done': (64,), 'weights': (64,)}
2026-08-30 06:13:21,796 [DEBUG] path_b_bootstrap: BC epoch 22/25 step 251/300 | loss=0.30945 | batch shapes={'tiles': (64, 9, 10, 10), 'numeric': (64, 55), 'action_verb': (64,), 'action_crop': (64,), 'action_hands': (64, 6), 'action_market': (64, 10), 'reward': (64,), 'next_tiles': (64, 9, 10, 10), 'next_numeric': (64, 55), 'done': (64,), 'weights': (64,)}
2026-08-30 06:13:24,019 [DEBUG] path_b_bootstrap: BC epoch 22/25 step 300/300 | loss=0.24218 | batch shapes={'tiles': (64, 9, 10, 10), 'numeric': (64, 55), 'action_verb': (64,), 'action_crop': (64,), 'action_hands': (64, 6), 'action_market': (64, 10), 'reward': (64,), 'next_tiles': (64, 9, 10, 10), 'next_numeric': (64, 55), 'done': (64,), 'weights': (64,)}
2026-08-30 06:13:24,019 [INFO] path_b_bootstrap: BC epoch 22/25 | avg loss: 0.28741
2026-08-30 06:13:24,065 [DEBUG] path_b_bootstrap: BC epoch 23/25 step 1/300 | loss=0.27558 | batch shapes={'tiles': (64, 9, 10, 10), 'numeric': (64, 55), 'action_verb': (64,), 'action_crop': (64,), 'action_hands': (64, 6), 'action_market': (64, 10), 'reward': (64,), 'next_tiles': (64, 9, 10, 10), 'next_numeric': (64, 55), 'done': (64,), 'weights': (64,)}
2026-08-30 06:13:24,111 [DEBUG] path_b_bootstrap: BC epoch 23/25 step 2/300 | loss=0.28862 | batch shapes={'tiles': (64, 9, 10, 10), 'numeric': (64, 55), 'action_verb': (64,), 'action_crop': (64,), 'action_hands': (64, 6), 'action_market': (64, 10), 'reward': (64,), 'next_tiles': (64, 9, 10, 10), 'next_numeric': (64, 55), 'done': (64,), 'weights': (64,)}
2026-08-30 06:13:24,155 [DEBUG] path_b_bootstrap: BC epoch 23/25 step 3/300 | loss=0.26896 | batch shapes={'tiles': (64, 9, 10, 10), 'numeric': (64, 55), 'action_verb': (64,), 'action_crop': (64,), 'action_hands': (64, 6), 'action_market': (64, 10), 'reward': (64,), 'next_tiles': (64, 9, 10, 10), 'next_numeric': (64, 55), 'done': (64,), 'weights': (64,)}
2026-08-30 06:13:26,313 [DEBUG] path_b_bootstrap: BC epoch 23/25 step 51/300 | loss=0.26309 | batch shapes={'tiles': (64, 9, 10, 10), 'numeric': (64, 55), 'action_verb': (64,), 'action_crop': (64,), 'action_hands': (64, 6), 'action_market': (64, 10), 'reward': (64,), 'next_tiles': (64, 9, 10, 10), 'next_numeric': (64, 55), 'done': (64,), 'weights': (64,)}
2026-08-30 06:13:28,555 [DEBUG] path_b_bootstrap: BC epoch 23/25 step 101/300 | loss=0.33402 | batch shapes={'tiles': (64, 9, 10, 10), 'numeric': (64, 55), 'action_verb': (64,), 'action_crop': (64,), 'action_hands': (64, 6), 'action_market': (64, 10), 'reward': (64,), 'next_tiles': (64, 9, 10, 10), 'next_numeric': (64, 55), 'done': (64,), 'weights': (64,)}
2026-08-30 06:13:30,809 [DEBUG] path_b_bootstrap: BC epoch 23/25 step 151/300 | loss=0.25329 | batch shapes={'tiles': (64, 9, 10, 10), 'numeric': (64, 55), 'action_verb': (64,), 'action_crop': (64,), 'action_hands': (64, 6), 'action_market': (64, 10), 'reward': (64,), 'next_tiles': (64, 9, 10, 10), 'next_numeric': (64, 55), 'done': (64,), 'weights': (64,)}
2026-08-30 06:13:33,070 [DEBUG] path_b_bootstrap: BC epoch 23/25 step 201/300 | loss=0.28791 | batch shapes={'tiles': (64, 9, 10, 10), 'numeric': (64, 55), 'action_verb': (64,), 'action_crop': (64,), 'action_hands': (64, 6), 'action_market': (64, 10), 'reward': (64,), 'next_tiles': (64, 9, 10, 10), 'next_numeric': (64, 55), 'done': (64,), 'weights': (64,)}
2026-08-30 06:13:35,312 [DEBUG] path_b_bootstrap: BC epoch 23/25 step 251/300 | loss=0.30328 | batch shapes={'tiles': (64, 9, 10, 10), 'numeric': (64, 55), 'action_verb': (64,), 'action_crop': (64,), 'action_hands': (64, 6), 'action_market': (64, 10), 'reward': (64,), 'next_tiles': (64, 9, 10, 10), 'next_numeric': (64, 55), 'done': (64,), 'weights': (64,)}
2026-08-30 06:13:37,574 [DEBUG] path_b_bootstrap: BC epoch 23/25 step 300/300 | loss=0.24321 | batch shapes={'tiles': (64, 9, 10, 10), 'numeric': (64, 55), 'action_verb': (64,), 'action_crop': (64,), 'action_hands': (64, 6), 'action_market': (64, 10), 'reward': (64,), 'next_tiles': (64, 9, 10, 10), 'next_numeric': (64, 55), 'done': (64,), 'weights': (64,)}
2026-08-30 06:13:37,574 [INFO] path_b_bootstrap: BC epoch 23/25 | avg loss: 0.28194
2026-08-30 06:13:37,620 [DEBUG] path_b_bootstrap: BC epoch 24/25 step 1/300 | loss=0.24356 | batch shapes={'tiles': (64, 9, 10, 10), 'numeric': (64, 55), 'action_verb': (64,), 'action_crop': (64,), 'action_hands': (64, 6), 'action_market': (64, 10), 'reward': (64,), 'next_tiles': (64, 9, 10, 10), 'next_numeric': (64, 55), 'done': (64,), 'weights': (64,)}
2026-08-30 06:13:37,665 [DEBUG] path_b_bootstrap: BC epoch 24/25 step 2/300 | loss=0.26294 | batch shapes={'tiles': (64, 9, 10, 10), 'numeric': (64, 55), 'action_verb': (64,), 'action_crop': (64,), 'action_hands': (64, 6), 'action_market': (64, 10), 'reward': (64,), 'next_tiles': (64, 9, 10, 10), 'next_numeric': (64, 55), 'done': (64,), 'weights': (64,)}
2026-08-30 06:13:37,710 [DEBUG] path_b_bootstrap: BC epoch 24/25 step 3/300 | loss=0.24649 | batch shapes={'tiles': (64, 9, 10, 10), 'numeric': (64, 55), 'action_verb': (64,), 'action_crop': (64,), 'action_hands': (64, 6), 'action_market': (64, 10), 'reward': (64,), 'next_tiles': (64, 9, 10, 10), 'next_numeric': (64, 55), 'done': (64,), 'weights': (64,)}
2026-08-30 06:13:39,904 [DEBUG] path_b_bootstrap: BC epoch 24/25 step 51/300 | loss=0.23498 | batch shapes={'tiles': (64, 9, 10, 10), 'numeric': (64, 55), 'action_verb': (64,), 'action_crop': (64,), 'action_hands': (64, 6), 'action_market': (64, 10), 'reward': (64,), 'next_tiles': (64, 9, 10, 10), 'next_numeric': (64, 55), 'done': (64,), 'weights': (64,)}
2026-08-30 06:13:42,217 [DEBUG] path_b_bootstrap: BC epoch 24/25 step 101/300 | loss=0.28262 | batch shapes={'tiles': (64, 9, 10, 10), 'numeric': (64, 55), 'action_verb': (64,), 'action_crop': (64,), 'action_hands': (64, 6), 'action_market': (64, 10), 'reward': (64,), 'next_tiles': (64, 9, 10, 10), 'next_numeric': (64, 55), 'done': (64,), 'weights': (64,)}
2026-08-30 06:13:44,558 [DEBUG] path_b_bootstrap: BC epoch 24/25 step 151/300 | loss=0.24775 | batch shapes={'tiles': (64, 9, 10, 10), 'numeric': (64, 55), 'action_verb': (64,), 'action_crop': (64,), 'action_hands': (64, 6), 'action_market': (64, 10), 'reward': (64,), 'next_tiles': (64, 9, 10, 10), 'next_numeric': (64, 55), 'done': (64,), 'weights': (64,)}
2026-08-30 06:13:46,859 [DEBUG] path_b_bootstrap: BC epoch 24/25 step 201/300 | loss=0.28888 | batch shapes={'tiles': (64, 9, 10, 10), 'numeric': (64, 55), 'action_verb': (64,), 'action_crop': (64,), 'action_hands': (64, 6), 'action_market': (64, 10), 'reward': (64,), 'next_tiles': (64, 9, 10, 10), 'next_numeric': (64, 55), 'done': (64,), 'weights': (64,)}
2026-08-30 06:13:49,135 [DEBUG] path_b_bootstrap: BC epoch 24/25 step 251/300 | loss=0.24067 | batch shapes={'tiles': (64, 9, 10, 10), 'numeric': (64, 55), 'action_verb': (64,), 'action_crop': (64,), 'action_hands': (64, 6), 'action_market': (64, 10), 'reward': (64,), 'next_tiles': (64, 9, 10, 10), 'next_numeric': (64, 55), 'done': (64,), 'weights': (64,)}
2026-08-30 06:13:51,393 [DEBUG] path_b_bootstrap: BC epoch 24/25 step 300/300 | loss=0.22321 | batch shapes={'tiles': (64, 9, 10, 10), 'numeric': (64, 55), 'action_verb': (64,), 'action_crop': (64,), 'action_hands': (64, 6), 'action_market': (64, 10), 'reward': (64,), 'next_tiles': (64, 9, 10, 10), 'next_numeric': (64, 55), 'done': (64,), 'weights': (64,)}
2026-08-30 06:13:51,393 [INFO] path_b_bootstrap: BC epoch 24/25 | avg loss: 0.27763
2026-08-30 06:13:51,440 [DEBUG] path_b_bootstrap: BC epoch 25/25 step 1/300 | loss=0.30798 | batch shapes={'tiles': (64, 9, 10, 10), 'numeric': (64, 55), 'action_verb': (64,), 'action_crop': (64,), 'action_hands': (64, 6), 'action_market': (64, 10), 'reward': (64,), 'next_tiles': (64, 9, 10, 10), 'next_numeric': (64, 55), 'done': (64,), 'weights': (64,)}
2026-08-30 06:13:51,487 [DEBUG] path_b_bootstrap: BC epoch 25/25 step 2/300 | loss=0.24083 | batch shapes={'tiles': (64, 9, 10, 10), 'numeric': (64, 55), 'action_verb': (64,), 'action_crop': (64,), 'action_hands': (64, 6), 'action_market': (64, 10), 'reward': (64,), 'next_tiles': (64, 9, 10, 10), 'next_numeric': (64, 55), 'done': (64,), 'weights': (64,)}
2026-08-30 06:13:51,534 [DEBUG] path_b_bootstrap: BC epoch 25/25 step 3/300 | loss=0.22097 | batch shapes={'tiles': (64, 9, 10, 10), 'numeric': (64, 55), 'action_verb': (64,), 'action_crop': (64,), 'action_hands': (64, 6), 'action_market': (64, 10), 'reward': (64,), 'next_tiles': (64, 9, 10, 10), 'next_numeric': (64, 55), 'done': (64,), 'weights': (64,)}
2026-08-30 06:13:53,739 [DEBUG] path_b_bootstrap: BC epoch 25/25 step 51/300 | loss=0.31487 | batch shapes={'tiles': (64, 9, 10, 10), 'numeric': (64, 55), 'action_verb': (64,), 'action_crop': (64,), 'action_hands': (64, 6), 'action_market': (64, 10), 'reward': (64,), 'next_tiles': (64, 9, 10, 10), 'next_numeric': (64, 55), 'done': (64,), 'weights': (64,)}
2026-08-30 06:13:56,040 [DEBUG] path_b_bootstrap: BC epoch 25/25 step 101/300 | loss=0.25133 | batch shapes={'tiles': (64, 9, 10, 10), 'numeric': (64, 55), 'action_verb': (64,), 'action_crop': (64,), 'action_hands': (64, 6), 'action_market': (64, 10), 'reward': (64,), 'next_tiles': (64, 9, 10, 10), 'next_numeric': (64, 55), 'done': (64,), 'weights': (64,)}
2026-08-30 06:13:58,303 [DEBUG] path_b_bootstrap: BC epoch 25/25 step 151/300 | loss=0.25865 | batch shapes={'tiles': (64, 9, 10, 10), 'numeric': (64, 55), 'action_verb': (64,), 'action_crop': (64,), 'action_hands': (64, 6), 'action_market': (64, 10), 'reward': (64,), 'next_tiles': (64, 9, 10, 10), 'next_numeric': (64, 55), 'done': (64,), 'weights': (64,)}
2026-08-30 06:14:00,593 [DEBUG] path_b_bootstrap: BC epoch 25/25 step 201/300 | loss=0.24614 | batch shapes={'tiles': (64, 9, 10, 10), 'numeric': (64, 55), 'action_verb': (64,), 'action_crop': (64,), 'action_hands': (64, 6), 'action_market': (64, 10), 'reward': (64,), 'next_tiles': (64, 9, 10, 10), 'next_numeric': (64, 55), 'done': (64,), 'weights': (64,)}
2026-08-30 06:14:02,909 [DEBUG] path_b_bootstrap: BC epoch 25/25 step 251/300 | loss=0.26544 | batch shapes={'tiles': (64, 9, 10, 10), 'numeric': (64, 55), 'action_verb': (64,), 'action_crop': (64,), 'action_hands': (64, 6), 'action_market': (64, 10), 'reward': (64,), 'next_tiles': (64, 9, 10, 10), 'next_numeric': (64, 55), 'done': (64,), 'weights': (64,)}
2026-08-30 06:14:05,127 [DEBUG] path_b_bootstrap: BC epoch 25/25 step 300/300 | loss=0.35149 | batch shapes={'tiles': (64, 9, 10, 10), 'numeric': (64, 55), 'action_verb': (64,), 'action_crop': (64,), 'action_hands': (64, 6), 'action_market': (64, 10), 'reward': (64,), 'next_tiles': (64, 9, 10, 10), 'next_numeric': (64, 55), 'done': (64,), 'weights': (64,)}
2026-08-30 06:14:05,127 [INFO] path_b_bootstrap: BC epoch 25/25 | avg loss: 0.27337
2026-08-30 06:14:05,131 [INFO] kaggriculture_self_play_training: BC pretrain metrics saved to: /Users/sweeden/kagg/experiments/Hinesight Experience Replay for Double Q-Learning DQN SB3 Kaggriculture reinforcement learning/farm_bc_ladder/metrics/bc_pretrain.json
2026-08-30 06:14:07,176 [INFO] kaggriculture_self_play_training: Already completed 0 episodes (target 0). Running export/eval only.
2026-08-30 06:14:07,178 [INFO] kaggriculture_self_play_training: BC completed (25 epoch losses); self-play eps_start=0.12 (was 1.0 without BC)
2026-08-30 06:14:08,171 [DEBUG] kaggriculture_self_play_training: Self-play env: KaggleCompetitiveEnv max_steps=720 turns_per_cycle=24 use_kaggle=True
2026-08-30 06:14:08,205 [INFO] kaggriculture_self_play_training: Final model saved to: /Users/sweeden/kagg/experiments/Hinesight Experience Replay for Double Q-Learning DQN SB3 Kaggriculture reinforcement learning/farm_bc_ladder/models/model.pth
2026-08-30 06:14:08,209 [INFO] kaggriculture_self_play_training: Agent export saved to: /Users/sweeden/kagg/experiments/Hinesight Experience Replay for Double Q-Learning DQN SB3 Kaggriculture reinforcement learning/farm_bc_ladder/agent.py
2026-08-30 06:14:08,209 [INFO] kaggriculture_self_play_training: Episode metrics saved to: /Users/sweeden/kagg/experiments/Hinesight Experience Replay for Double Q-Learning DQN SB3 Kaggriculture reinforcement learning/farm_bc_ladder/metrics/episode_metrics.json
2026-08-30 06:14:08,209 [INFO] kaggriculture_self_play_training: Cumulative training progress saved to: /Users/sweeden/kagg/experiments/Hinesight Experience Replay for Double Q-Learning DQN SB3 Kaggriculture reinforcement learning/farm_bc_ladder/metrics/training_progress.json
2026-08-30 06:14:08,231 [INFO] visualize: Run stats/plots updated: 0 PNGs → /Users/sweeden/kagg/experiments/Hinesight Experience Replay for Double Q-Learning DQN SB3 Kaggriculture reinforcement learning/farm_bc_ladder/plots
2026-08-30 06:14:08,231 [INFO] kaggriculture_self_play_training: Trend plots updated (0 files) → /Users/sweeden/kagg/experiments/Hinesight Experience Replay for Double Q-Learning DQN SB3 Kaggriculture reinforcement learning/farm_bc_ladder/plots
2026-08-30 06:14:08,231 [INFO] kaggriculture_self_play_training: --- SELF-PLAY TRAINING LOOP COMPLETED ---
2026-08-30 06:14:15,740 [INFO] visualize: Run stats/plots updated: 0 PNGs → /Users/sweeden/kagg/experiments/Hinesight Experience Replay for Double Q-Learning DQN SB3 Kaggriculture reinforcement learning/farm_bc_ladder/plots
2026-08-30 06:25:51,957 [INFO] kaggriculture_self_play_training: Experiment directory: /Users/sweeden/kagg/experiments/Hinesight Experience Replay for Double Q-Learning DQN SB3 Kaggriculture reinforcement learning/farm_bc_ladder
2026-08-30 06:25:51,963 [DEBUG] kaggriculture_self_play_training: Verbose debug logging enabled
2026-08-30 06:25:51,963 [DEBUG] kaggriculture_self_play_training: Training config: {
  "experiment_dir": "/Users/sweeden/kagg/experiments/Hinesight Experience Replay for Double Q-Learning DQN SB3 Kaggriculture reinforcement learning/farm_bc_ladder",
  "seed": 42,
  "device": "auto",
  "total_episodes": 36,
  "learning_start_episodes": 2,
  "batch_size": 32,
  "checkpoint_interval": 6,
  "use_kaggle_env": true,
  "kinematic_phase_a": 3,
  "kinematic_phase_b": 4,
  "kinematic_phase_c": 6,
  "turns_per_cycle": 24,
  "cycles_per_episode": 30,
  "max_episode_steps": 720,
  "n_eval_episodes": 10,
  "bootstrap_episodes": null,
  "bootstrap_transitions": 50000,
  "data_dir": "/Users/sweeden/kagg/working/kaggle_episodes",
  "download_bootstrap": false,
  "bc_epochs": 0,
  "bc_batch_size": 64,
  "bc_steps_per_epoch": 0,
  "buffer_capacity": 50000,
  "metadata_path": "/Users/sweeden/kagg/working/kaggle_episodes/metadata.json",
  "bootstrap_top_per_day": 40,
  "bootstrap_passes": 1,
  "bc_epochs_per_pass": 0,
  "verbose": true,
  "code_src": "/Users/sweeden/kagg/datasets/scottweeden/self-training-code",
  "bootstrap_mode": "daily_incremental",
  "bootstrap_days_per_run": 1,
  "publish_code_dataset": false,
  "opponents_dir": "/Users/sweeden/kagg/opponents",
  "ladder_eval_episodes": 10,
  "ladder_win_rate_target": 0.5,
  "min_self_play_episodes": 36,
  "timestamp": "2026-08-30T06:25:51.957220",
  "resumed_from": "/Users/sweeden/kagg/experiments/Hinesight Experience Replay for Double Q-Learning DQN SB3 Kaggriculture reinforcement learning/farm_bc_ladder/checkpoints/training_state_latest.pt"
}
2026-08-30 06:25:51,977 [INFO] kaggriculture_self_play_training: Self-play pipeline running on device: mps
2026-08-30 06:25:52,036 [DEBUG] kaggriculture_self_play_training: Model init: HierarchicalDQNBranching params=1716765 (1.72M) buffer_capacity=50000
2026-08-30 06:25:52,778 [INFO] kaggriculture_self_play_training: Reward phase gates: {'mode': 'kinematic_invest_liquidate_mix', 'season_days': 30, 'hours_per_day': 24, 'invest_liquidate_start': [0.25, 0.75], 'invest_liquidate_end': [0.75, 0.25], 'mix_bonus_scale': 0.8, 'schedule_affinity': 0.25, 'turns_per_day_ref': 24}
2026-08-30 06:25:53,606 [WARNING] kaggriculture_self_play_training: Resume config mismatch for learning_start_episodes: saved=0 cli=2 (using CLI value)
2026-08-30 06:25:53,606 [INFO] kaggriculture_self_play_training: Resumed full training state from /Users/sweeden/kagg/experiments/Hinesight Experience Replay for Double Q-Learning DQN SB3 Kaggriculture reinforcement learning/farm_bc_ladder/checkpoints/training_state_latest.pt (completed episode 0, buffer=25000, pool=1)
2026-08-30 06:25:53,606 [DEBUG] kaggriculture_self_play_training: Bootstrap phase: mode=daily_incremental episodes=None passes=1 transitions=50000 metadata=/Users/sweeden/kagg/working/kaggle_episodes/metadata.json
2026-08-30 06:25:53,609 [INFO] path_b_bootstrap: Incremental daily bootstrap: adding 1 day(s) ['2026-08-16'] (1/2 dates already done)
2026-08-30 06:25:53,614 [INFO] path_b_bootstrap: Bootstrap day 2026-08-16: 22 episodes (streaming BC, top_per_day=40)
2026-08-30 06:26:00,629 [INFO] path_b_bootstrap: Bootstrap state saved: 2 days bootstrapped → /Users/sweeden/kagg/experiments/Hinesight Experience Replay for Double Q-Learning DQN SB3 Kaggriculture reinforcement learning/farm_bc_ladder/metrics/bootstrap_state.json
2026-08-30 06:26:00,630 [INFO] path_b_bootstrap: Marked day bootstrapped: 2026-08-16 (2 days total)
2026-08-30 06:26:00,630 [INFO] path_b_bootstrap: Bootstrap state saved: 2 days bootstrapped → /Users/sweeden/kagg/experiments/Hinesight Experience Replay for Double Q-Learning DQN SB3 Kaggriculture reinforcement learning/farm_bc_ladder/metrics/bootstrap_state.json
2026-08-30 06:26:00,630 [INFO] kaggriculture_self_play_training: Replay buffer size after bootstrap: 25000
2026-08-30 06:26:02,826 [INFO] kaggriculture_self_play_training: Using prior BC metrics (25 epoch losses) for low-ε self-play
2026-08-30 06:26:02,826 [INFO] kaggriculture_self_play_training: BC completed (25 epoch losses); self-play eps_start=0.12 (was 1.0 without BC)
2026-08-30 06:26:04,004 [DEBUG] kaggriculture_self_play_training: Self-play env: KaggleCompetitiveEnv max_steps=720 turns_per_cycle=24 use_kaggle=True
2026-08-30 06:26:04,004 [INFO] kaggriculture_self_play_training: --- BEGINNING KAGGRICULTURE SELF-PLAY PIPELINE (episodes 1 → 36) ---
2026-08-30 06:26:04,071 [DEBUG] kaggriculture_self_play_training: === Episode 1/36 | opponent=/Users/sweeden/kagg/experiments/Hinesight Experience Replay for Double Q-Learning DQN SB3 Kaggriculture reinforcement learning/farm_bc_ladder/checkpoints/checkpoint_ep_0.pt | eps=0.120 | buffer=25000 ===
2026-08-30 06:26:04,080 [DEBUG] kaggriculture_self_play_training: Ep 1 step 0 obs: tiles=(1, 9, 10, 10) numeric=(1, 55) valid_verbs=3 valid_crops=0 valid_market=4
2026-08-30 06:26:04,505 [DEBUG] kaggriculture_self_play_training: Ep 1 step 0: verb=7 crop=0 raw_r=-0.100 shaped_r=-0.825 done=False buffer=25001 learn=False
2026-08-30 06:26:04,520 [DEBUG] kaggriculture_self_play_training: Ep 1 step 1: verb=5 crop=0 raw_r=0.000 shaped_r=-0.544 done=False buffer=25002 learn=False
2026-08-30 06:26:04,546 [DEBUG] kaggriculture_self_play_training: Ep 1 step 2: verb=3 crop=0 raw_r=0.000 shaped_r=-0.343 done=False buffer=25003 learn=False
2026-08-30 06:26:07,004 [DEBUG] kaggriculture_self_play_training: Ep 1 step 100: verb=2 crop=0 raw_r=0.000 shaped_r=0.218 done=False buffer=25101 learn=False
2026-08-30 06:26:09,488 [DEBUG] kaggriculture_self_play_training: Ep 1 step 200: verb=4 crop=0 raw_r=0.000 shaped_r=0.352 done=False buffer=25201 learn=False
2026-08-30 06:26:11,708 [DEBUG] kaggriculture_self_play_training: Ep 1 step 300: verb=4 crop=0 raw_r=0.000 shaped_r=0.141 done=False buffer=25301 learn=False
2026-08-30 06:26:13,915 [DEBUG] kaggriculture_self_play_training: Ep 1 step 400: verb=3 crop=0 raw_r=-0.200 shaped_r=0.312 done=False buffer=25401 learn=False
2026-08-30 06:26:15,939 [DEBUG] kaggriculture_self_play_training: Ep 1 step 500: verb=7 crop=0 raw_r=0.000 shaped_r=0.212 done=False buffer=25501 learn=False
2026-08-30 06:26:17,892 [DEBUG] kaggriculture_self_play_training: Ep 1 step 600: verb=1 crop=0 raw_r=0.000 shaped_r=0.606 done=False buffer=25601 learn=False
2026-08-30 06:26:20,235 [DEBUG] kaggriculture_self_play_training: Ep 1 step 700: verb=4 crop=0 raw_r=0.000 shaped_r=-0.531 done=False buffer=25701 learn=False
2026-08-30 06:26:20,683 [INFO] kaggriculture_self_play_training: Episode 01/36 | Epsilon: 0.120 | Buffer Size: 25719 | Raw Reward: -30.00 | Shaped Reward: 35.02 | Avg Loss: 0.00000
2026-08-30 06:26:22,691 [DEBUG] kaggriculture_self_play_training: === Episode 2/36 | opponent=/Users/sweeden/kagg/experiments/Hinesight Experience Replay for Double Q-Learning DQN SB3 Kaggriculture reinforcement learning/farm_bc_ladder/checkpoints/checkpoint_ep_0.pt | eps=0.120 | buffer=25719 ===
2026-08-30 06:26:22,709 [DEBUG] kaggriculture_self_play_training: Ep 2 step 0 obs: tiles=(1, 9, 10, 10) numeric=(1, 55) valid_verbs=3 valid_crops=0 valid_market=4
2026-08-30 06:26:22,745 [DEBUG] kaggriculture_self_play_training: Ep 2 step 0: verb=7 crop=0 raw_r=-0.100 shaped_r=-0.825 done=False buffer=25720 learn=False
2026-08-30 06:26:22,772 [DEBUG] kaggriculture_self_play_training: Ep 2 step 1: verb=3 crop=0 raw_r=0.000 shaped_r=-0.544 done=False buffer=25721 learn=False
2026-08-30 06:26:22,798 [DEBUG] kaggriculture_self_play_training: Ep 2 step 2: verb=2 crop=0 raw_r=-0.100 shaped_r=-0.443 done=False buffer=25722 learn=False
2026-08-30 06:26:25,186 [DEBUG] kaggriculture_self_play_training: Ep 2 step 100: verb=4 crop=0 raw_r=0.000 shaped_r=3.504 done=False buffer=25820 learn=False
2026-08-30 06:26:27,730 [DEBUG] kaggriculture_self_play_training: Ep 2 step 200: verb=4 crop=0 raw_r=0.000 shaped_r=0.020 done=False buffer=25920 learn=False
2026-08-30 06:26:29,974 [DEBUG] kaggriculture_self_play_training: Ep 2 step 300: verb=4 crop=0 raw_r=0.000 shaped_r=-0.057 done=False buffer=26020 learn=False
2026-08-30 06:26:32,256 [DEBUG] kaggriculture_self_play_training: Ep 2 step 400: verb=4 crop=0 raw_r=0.000 shaped_r=-0.255 done=False buffer=26120 learn=False
2026-08-30 06:26:34,579 [DEBUG] kaggriculture_self_play_training: Ep 2 step 500: verb=4 crop=0 raw_r=0.000 shaped_r=-0.171 done=False buffer=26220 learn=False
2026-08-30 06:26:36,859 [DEBUG] kaggriculture_self_play_training: Ep 2 step 600: verb=1 crop=0 raw_r=0.440 shaped_r=0.442 done=False buffer=26320 learn=False
2026-08-30 06:26:39,164 [DEBUG] kaggriculture_self_play_training: Ep 2 step 700: verb=4 crop=0 raw_r=0.000 shaped_r=-0.512 done=False buffer=26420 learn=False
2026-08-30 06:26:39,612 [INFO] kaggriculture_self_play_training: Episode 02/36 | Epsilon: 0.120 | Buffer Size: 26438 | Raw Reward: -29.95 | Shaped Reward: 289.48 | Avg Loss: 0.00000
2026-08-30 06:26:41,712 [DEBUG] kaggriculture_self_play_training: === Episode 3/36 | opponent=/Users/sweeden/kagg/experiments/Hinesight Experience Replay for Double Q-Learning DQN SB3 Kaggriculture reinforcement learning/farm_bc_ladder/checkpoints/checkpoint_ep_0.pt | eps=0.117 | buffer=26438 ===
2026-08-30 06:26:41,729 [DEBUG] kaggriculture_self_play_training: Ep 3 step 0 obs: tiles=(1, 9, 10, 10) numeric=(1, 55) valid_verbs=3 valid_crops=0 valid_market=4
2026-08-30 06:26:41,759 [DEBUG] kaggriculture_self_play_training: Ep 3 step 0: verb=7 crop=0 raw_r=-0.100 shaped_r=-0.825 done=False buffer=26439 learn=True
2026-08-30 06:26:42,302 [DEBUG] kaggriculture_self_play_training: Ep 3 step 1 DQN update: loss=903.01178 batch=32 priorities_updated=32
2026-08-30 06:26:42,302 [INFO] kaggriculture_self_play_training: PER: TD-error priority reweighting applied (n=32 td_mean=903.01178 td_max=1647.58655)
2026-08-30 06:26:42,335 [DEBUG] kaggriculture_self_play_training: Ep 3 step 1: verb=3 crop=0 raw_r=0.000 shaped_r=-0.544 done=False buffer=26440 learn=True
2026-08-30 06:26:42,407 [DEBUG] kaggriculture_self_play_training: Ep 3 step 2 DQN update: loss=833.36981 batch=32 priorities_updated=32
2026-08-30 06:26:42,431 [DEBUG] kaggriculture_self_play_training: Ep 3 step 2: verb=2 crop=0 raw_r=-0.100 shaped_r=-0.443 done=False buffer=26441 learn=True
2026-08-30 06:26:42,500 [DEBUG] kaggriculture_self_play_training: Ep 3 step 3 DQN update: loss=763.94940 batch=32 priorities_updated=32
2026-08-30 06:26:51,112 [DEBUG] kaggriculture_self_play_training: Ep 3 step 100 DQN update: loss=34.92737 batch=32 priorities_updated=32
2026-08-30 06:26:51,136 [DEBUG] kaggriculture_self_play_training: Ep 3 step 100: verb=4 crop=0 raw_r=0.000 shaped_r=0.054 done=False buffer=26539 learn=True
2026-08-30 06:27:00,494 [DEBUG] kaggriculture_self_play_training: Ep 3 step 200 DQN update: loss=9.52919 batch=32 priorities_updated=32
2026-08-30 06:27:00,517 [DEBUG] kaggriculture_self_play_training: Ep 3 step 200: verb=4 crop=0 raw_r=0.000 shaped_r=0.098 done=False buffer=26639 learn=True
2026-08-30 06:27:09,153 [DEBUG] kaggriculture_self_play_training: Ep 3 step 300 DQN update: loss=15.66201 batch=32 priorities_updated=32
2026-08-30 06:27:09,175 [DEBUG] kaggriculture_self_play_training: Ep 3 step 300: verb=4 crop=0 raw_r=0.000 shaped_r=0.006 done=False buffer=26739 learn=True
2026-08-30 06:27:17,760 [DEBUG] kaggriculture_self_play_training: Ep 3 step 400 DQN update: loss=12.03898 batch=32 priorities_updated=32
2026-08-30 06:27:17,771 [DEBUG] kaggriculture_self_play_training: Ep 3 step 400: verb=6 crop=0 raw_r=0.000 shaped_r=-0.005 done=False buffer=26839 learn=True
2026-08-30 06:27:26,499 [DEBUG] kaggriculture_self_play_training: Ep 3 step 500 DQN update: loss=13.80210 batch=32 priorities_updated=32
2026-08-30 06:27:26,523 [DEBUG] kaggriculture_self_play_training: Ep 3 step 500: verb=3 crop=0 raw_r=0.000 shaped_r=0.074 done=False buffer=26939 learn=True
2026-08-30 06:27:35,241 [DEBUG] kaggriculture_self_play_training: Ep 3 step 600 DQN update: loss=16.21834 batch=32 priorities_updated=32
2026-08-30 06:27:35,263 [DEBUG] kaggriculture_self_play_training: Ep 3 step 600: verb=7 crop=0 raw_r=0.000 shaped_r=0.158 done=False buffer=27039 learn=True
2026-08-30 06:27:43,756 [DEBUG] kaggriculture_self_play_training: Ep 3 step 700 DQN update: loss=15.05501 batch=32 priorities_updated=32
2026-08-30 06:27:43,780 [DEBUG] kaggriculture_self_play_training: Ep 3 step 700: verb=4 crop=0 raw_r=0.000 shaped_r=-0.247 done=False buffer=27139 learn=True
2026-08-30 06:27:45,555 [INFO] kaggriculture_self_play_training: Episode 03/36 | Epsilon: 0.117 | Buffer Size: 27157 | Raw Reward: -29.96 | Shaped Reward: 32.17 | Avg Loss: 45.74093
2026-08-30 06:27:47,881 [DEBUG] kaggriculture_self_play_training: === Episode 4/36 | opponent=/Users/sweeden/kagg/experiments/Hinesight Experience Replay for Double Q-Learning DQN SB3 Kaggriculture reinforcement learning/farm_bc_ladder/checkpoints/checkpoint_ep_0.pt | eps=0.115 | buffer=27157 ===
2026-08-30 06:27:47,899 [DEBUG] kaggriculture_self_play_training: Ep 4 step 0 obs: tiles=(1, 9, 10, 10) numeric=(1, 55) valid_verbs=3 valid_crops=0 valid_market=4
2026-08-30 06:27:47,948 [DEBUG] kaggriculture_self_play_training: Ep 4 step 0: verb=7 crop=0 raw_r=-1.430 shaped_r=-2.155 done=False buffer=27158 learn=True
2026-08-30 06:27:48,061 [DEBUG] kaggriculture_self_play_training: Ep 4 step 1 DQN update: loss=19.08490 batch=32 priorities_updated=32
2026-08-30 06:27:48,061 [INFO] kaggriculture_self_play_training: PER: TD-error priority reweighting applied (n=32 td_mean=56.21872 td_max=799.01379)
2026-08-30 06:27:48,088 [DEBUG] kaggriculture_self_play_training: Ep 4 step 1: verb=7 crop=0 raw_r=-14.630 shaped_r=-15.440 done=False buffer=27159 learn=True
2026-08-30 06:27:48,163 [DEBUG] kaggriculture_self_play_training: Ep 4 step 2 DQN update: loss=17.16155 batch=32 priorities_updated=32
2026-08-30 06:27:48,187 [DEBUG] kaggriculture_self_play_training: Ep 4 step 2: verb=7 crop=0 raw_r=-9.870 shaped_r=-13.405 done=False buffer=27160 learn=True
2026-08-30 06:27:48,253 [DEBUG] kaggriculture_self_play_training: Ep 4 step 3 DQN update: loss=20.85297 batch=32 priorities_updated=32
2026-08-30 06:27:56,810 [DEBUG] kaggriculture_self_play_training: Ep 4 step 100 DQN update: loss=32.00421 batch=32 priorities_updated=32
2026-08-30 06:27:56,832 [DEBUG] kaggriculture_self_play_training: Ep 4 step 100: verb=3 crop=0 raw_r=0.000 shaped_r=0.026 done=False buffer=27258 learn=True
2026-08-30 06:28:05,379 [DEBUG] kaggriculture_self_play_training: Ep 4 step 200 DQN update: loss=17.30181 batch=32 priorities_updated=32
2026-08-30 06:28:05,402 [DEBUG] kaggriculture_self_play_training: Ep 4 step 200: verb=4 crop=0 raw_r=0.000 shaped_r=0.154 done=False buffer=27358 learn=True
2026-08-30 06:28:13,950 [DEBUG] kaggriculture_self_play_training: Ep 4 step 300 DQN update: loss=35.54292 batch=32 priorities_updated=32
2026-08-30 06:28:13,972 [DEBUG] kaggriculture_self_play_training: Ep 4 step 300: verb=3 crop=0 raw_r=0.000 shaped_r=-0.092 done=False buffer=27458 learn=True
2026-08-30 06:28:23,286 [DEBUG] kaggriculture_self_play_training: Ep 4 step 400 DQN update: loss=25.33892 batch=32 priorities_updated=32
2026-08-30 06:28:23,308 [DEBUG] kaggriculture_self_play_training: Ep 4 step 400: verb=6 crop=0 raw_r=0.000 shaped_r=-0.100 done=False buffer=27558 learn=True
2026-08-30 06:28:32,178 [DEBUG] kaggriculture_self_play_training: Ep 4 step 500 DQN update: loss=24.14100 batch=32 priorities_updated=32
2026-08-30 06:28:32,200 [DEBUG] kaggriculture_self_play_training: Ep 4 step 500: verb=5 crop=0 raw_r=0.000 shaped_r=-0.012 done=False buffer=27658 learn=True
2026-08-30 06:28:41,719 [DEBUG] kaggriculture_self_play_training: Ep 4 step 600 DQN update: loss=29.96145 batch=32 priorities_updated=32
2026-08-30 06:28:41,745 [DEBUG] kaggriculture_self_play_training: Ep 4 step 600: verb=7 crop=0 raw_r=0.000 shaped_r=0.100 done=False buffer=27758 learn=True
2026-08-30 06:28:50,314 [DEBUG] kaggriculture_self_play_training: Ep 4 step 700 DQN update: loss=15.30360 batch=32 priorities_updated=32
2026-08-30 06:28:50,336 [DEBUG] kaggriculture_self_play_training: Ep 4 step 700: verb=7 crop=0 raw_r=0.000 shaped_r=0.176 done=False buffer=27858 learn=True
2026-08-30 06:28:52,000 [INFO] kaggriculture_self_play_training: Episode 04/36 | Epsilon: 0.115 | Buffer Size: 27876 | Raw Reward: -29.91 | Shaped Reward: -38.51 | Avg Loss: 25.21198
2026-08-30 06:28:54,280 [DEBUG] kaggriculture_self_play_training: === Episode 5/36 | opponent=online-self | eps=0.112 | buffer=27876 ===
2026-08-30 06:28:54,296 [DEBUG] kaggriculture_self_play_training: Ep 5 step 0 obs: tiles=(1, 9, 10, 10) numeric=(1, 55) valid_verbs=3 valid_crops=0 valid_market=4
2026-08-30 06:28:54,347 [DEBUG] kaggriculture_self_play_training: Ep 5 step 0: verb=7 crop=0 raw_r=-0.200 shaped_r=-0.925 done=False buffer=27877 learn=True
2026-08-30 06:28:54,422 [DEBUG] kaggriculture_self_play_training: Ep 5 step 1 DQN update: loss=21.21280 batch=32 priorities_updated=32
2026-08-30 06:28:54,422 [INFO] kaggriculture_self_play_training: PER: TD-error priority reweighting applied (n=32 td_mean=61.22085 td_max=519.64111)
2026-08-30 06:28:54,443 [DEBUG] kaggriculture_self_play_training: Ep 5 step 1: verb=7 crop=0 raw_r=0.000 shaped_r=0.000 done=False buffer=27878 learn=True
2026-08-30 06:28:54,502 [DEBUG] kaggriculture_self_play_training: Ep 5 step 2 DQN update: loss=36.89741 batch=32 priorities_updated=32
2026-08-30 06:28:54,523 [DEBUG] kaggriculture_self_play_training: Ep 5 step 2: verb=7 crop=0 raw_r=0.000 shaped_r=0.000 done=False buffer=27879 learn=True
2026-08-30 06:28:54,585 [DEBUG] kaggriculture_self_play_training: Ep 5 step 3 DQN update: loss=26.21095 batch=32 priorities_updated=32
2026-08-30 06:29:02,357 [DEBUG] kaggriculture_self_play_training: Ep 5 step 100 DQN update: loss=33.04893 batch=32 priorities_updated=32
2026-08-30 06:29:02,383 [DEBUG] kaggriculture_self_play_training: Ep 5 step 100: verb=5 crop=1 raw_r=0.000 shaped_r=-5.770 done=False buffer=27977 learn=True
2026-08-30 06:29:10,695 [DEBUG] kaggriculture_self_play_training: Ep 5 step 200 DQN update: loss=12.87484 batch=32 priorities_updated=32
2026-08-30 06:29:10,718 [DEBUG] kaggriculture_self_play_training: Ep 5 step 200: verb=3 crop=0 raw_r=0.000 shaped_r=-5.434 done=False buffer=28077 learn=True
2026-08-30 06:29:19,464 [DEBUG] kaggriculture_self_play_training: Ep 5 step 300 DQN update: loss=39.51619 batch=32 priorities_updated=32
2026-08-30 06:29:19,488 [DEBUG] kaggriculture_self_play_training: Ep 5 step 300: verb=5 crop=0 raw_r=0.000 shaped_r=-4.350 done=False buffer=28177 learn=True
2026-08-30 06:29:27,972 [DEBUG] kaggriculture_self_play_training: Ep 5 step 400 DQN update: loss=15.36558 batch=32 priorities_updated=32
2026-08-30 06:29:27,996 [DEBUG] kaggriculture_self_play_training: Ep 5 step 400: verb=6 crop=0 raw_r=0.000 shaped_r=-3.374 done=False buffer=28277 learn=True
2026-08-30 06:29:36,692 [DEBUG] kaggriculture_self_play_training: Ep 5 step 500 DQN update: loss=17.88195 batch=32 priorities_updated=32
2026-08-30 06:29:36,714 [DEBUG] kaggriculture_self_play_training: Ep 5 step 500: verb=5 crop=0 raw_r=0.000 shaped_r=-1.547 done=False buffer=28377 learn=True
2026-08-30 06:29:45,517 [DEBUG] kaggriculture_self_play_training: Ep 5 step 600 DQN update: loss=20.54562 batch=32 priorities_updated=32
2026-08-30 06:29:45,542 [DEBUG] kaggriculture_self_play_training: Ep 5 step 600: verb=7 crop=0 raw_r=0.000 shaped_r=0.068 done=False buffer=28477 learn=True
2026-08-30 06:29:54,554 [DEBUG] kaggriculture_self_play_training: Ep 5 step 700 DQN update: loss=19.25479 batch=32 priorities_updated=32
2026-08-30 06:29:54,578 [DEBUG] kaggriculture_self_play_training: Ep 5 step 700: verb=7 crop=0 raw_r=0.000 shaped_r=0.164 done=False buffer=28577 learn=True
2026-08-30 06:29:56,265 [INFO] kaggriculture_self_play_training: Episode 05/36 | Epsilon: 0.112 | Buffer Size: 28595 | Raw Reward: -29.93 | Shaped Reward: -2205.84 | Avg Loss: 25.62593
2026-08-30 06:29:59,028 [DEBUG] kaggriculture_self_play_training: === Episode 6/36 | opponent=/Users/sweeden/kagg/experiments/Hinesight Experience Replay for Double Q-Learning DQN SB3 Kaggriculture reinforcement learning/farm_bc_ladder/checkpoints/checkpoint_ep_0.pt | eps=0.109 | buffer=28595 ===
2026-08-30 06:29:59,046 [DEBUG] kaggriculture_self_play_training: Ep 6 step 0 obs: tiles=(1, 9, 10, 10) numeric=(1, 55) valid_verbs=3 valid_crops=0 valid_market=4
2026-08-30 06:29:59,094 [DEBUG] kaggriculture_self_play_training: Ep 6 step 0: verb=7 crop=0 raw_r=-1.000 shaped_r=-1.725 done=False buffer=28596 learn=True
2026-08-30 06:29:59,187 [DEBUG] kaggriculture_self_play_training: Ep 6 step 1 DQN update: loss=13.05854 batch=32 priorities_updated=32
2026-08-30 06:29:59,187 [INFO] kaggriculture_self_play_training: PER: TD-error priority reweighting applied (n=32 td_mean=34.82689 td_max=233.23926)
2026-08-30 06:29:59,214 [DEBUG] kaggriculture_self_play_training: Ep 6 step 1: verb=7 crop=0 raw_r=0.000 shaped_r=0.000 done=False buffer=28597 learn=True
2026-08-30 06:29:59,284 [DEBUG] kaggriculture_self_play_training: Ep 6 step 2 DQN update: loss=22.28213 batch=32 priorities_updated=32
2026-08-30 06:29:59,306 [DEBUG] kaggriculture_self_play_training: Ep 6 step 2: verb=7 crop=0 raw_r=0.000 shaped_r=0.200 done=False buffer=28598 learn=True
2026-08-30 06:29:59,370 [DEBUG] kaggriculture_self_play_training: Ep 6 step 3 DQN update: loss=23.35947 batch=32 priorities_updated=32
2026-08-30 06:30:08,158 [DEBUG] kaggriculture_self_play_training: Ep 6 step 100 DQN update: loss=21.84971 batch=32 priorities_updated=32
2026-08-30 06:30:08,171 [DEBUG] kaggriculture_self_play_training: Ep 6 step 100: verb=0 crop=0 raw_r=-0.100 shaped_r=0.346 done=False buffer=28696 learn=True
2026-08-30 06:30:16,934 [DEBUG] kaggriculture_self_play_training: Ep 6 step 200 DQN update: loss=18.26253 batch=32 priorities_updated=32
2026-08-30 06:30:16,958 [DEBUG] kaggriculture_self_play_training: Ep 6 step 200: verb=4 crop=0 raw_r=0.000 shaped_r=0.458 done=False buffer=28796 learn=True
2026-08-30 06:30:25,880 [DEBUG] kaggriculture_self_play_training: Ep 6 step 300 DQN update: loss=20.10616 batch=32 priorities_updated=32
2026-08-30 06:30:25,904 [DEBUG] kaggriculture_self_play_training: Ep 6 step 300: verb=4 crop=0 raw_r=0.000 shaped_r=0.100 done=False buffer=28896 learn=True
2026-08-30 06:30:35,273 [DEBUG] kaggriculture_self_play_training: Ep 6 step 400 DQN update: loss=23.85861 batch=32 priorities_updated=32
2026-08-30 06:30:35,298 [DEBUG] kaggriculture_self_play_training: Ep 6 step 400: verb=4 crop=0 raw_r=0.000 shaped_r=-0.029 done=False buffer=28996 learn=True
2026-08-30 06:30:44,216 [DEBUG] kaggriculture_self_play_training: Ep 6 step 500 DQN update: loss=21.20020 batch=32 priorities_updated=32
2026-08-30 06:30:44,238 [DEBUG] kaggriculture_self_play_training: Ep 6 step 500: verb=4 crop=0 raw_r=0.000 shaped_r=-0.105 done=False buffer=29096 learn=True
2026-08-30 06:30:52,752 [DEBUG] kaggriculture_self_play_training: Ep 6 step 600 DQN update: loss=20.72229 batch=32 priorities_updated=32
2026-08-30 06:30:52,775 [DEBUG] kaggriculture_self_play_training: Ep 6 step 600: verb=7 crop=0 raw_r=0.000 shaped_r=0.002 done=False buffer=29196 learn=True
2026-08-30 06:31:01,513 [DEBUG] kaggriculture_self_play_training: Ep 6 step 700 DQN update: loss=23.76741 batch=32 priorities_updated=32
2026-08-30 06:31:01,534 [DEBUG] kaggriculture_self_play_training: Ep 6 step 700: verb=7 crop=0 raw_r=0.000 shaped_r=0.350 done=False buffer=29296 learn=True
2026-08-30 06:31:03,409 [INFO] kaggriculture_self_play_training: Episode 06/36 | Epsilon: 0.109 | Buffer Size: 29314 | Raw Reward: -29.96 | Shaped Reward: 357.28 | Avg Loss: 25.39725
2026-08-30 06:31:05,874 [DEBUG] kaggriculture_self_play_training: === Episode 7/36 | opponent=/Users/sweeden/kagg/experiments/Hinesight Experience Replay for Double Q-Learning DQN SB3 Kaggriculture reinforcement learning/farm_bc_ladder/checkpoints/checkpoint_ep_6.pt | eps=0.107 | buffer=29314 ===
2026-08-30 06:31:05,891 [DEBUG] kaggriculture_self_play_training: Ep 7 step 0 obs: tiles=(1, 9, 10, 10) numeric=(1, 55) valid_verbs=3 valid_crops=0 valid_market=4
2026-08-30 06:31:05,937 [DEBUG] kaggriculture_self_play_training: Ep 7 step 0: verb=7 crop=0 raw_r=-1.000 shaped_r=-1.725 done=False buffer=29315 learn=True
2026-08-30 06:31:06,013 [DEBUG] kaggriculture_self_play_training: Ep 7 step 1 DQN update: loss=24.08314 batch=32 priorities_updated=32
2026-08-30 06:31:06,014 [INFO] kaggriculture_self_play_training: PER: TD-error priority reweighting applied (n=32 td_mean=45.78558 td_max=197.26456)
2026-08-30 06:31:06,037 [DEBUG] kaggriculture_self_play_training: Ep 7 step 1: verb=7 crop=0 raw_r=-1.000 shaped_r=-1.724 done=False buffer=29316 learn=True
2026-08-30 06:31:06,104 [DEBUG] kaggriculture_self_play_training: Ep 7 step 2 DQN update: loss=31.34230 batch=32 priorities_updated=32
2026-08-30 06:31:06,128 [DEBUG] kaggriculture_self_play_training: Ep 7 step 2: verb=7 crop=0 raw_r=-1.000 shaped_r=-1.723 done=False buffer=29317 learn=True
2026-08-30 06:31:06,195 [DEBUG] kaggriculture_self_play_training: Ep 7 step 3 DQN update: loss=17.12305 batch=32 priorities_updated=32
2026-08-30 06:31:15,359 [DEBUG] kaggriculture_self_play_training: Ep 7 step 100 DQN update: loss=9.48595 batch=32 priorities_updated=32
2026-08-30 06:31:15,383 [DEBUG] kaggriculture_self_play_training: Ep 7 step 100: verb=4 crop=0 raw_r=0.000 shaped_r=0.252 done=False buffer=29415 learn=True
2026-08-30 06:31:24,721 [DEBUG] kaggriculture_self_play_training: Ep 7 step 200 DQN update: loss=25.50987 batch=32 priorities_updated=32
2026-08-30 06:31:24,732 [DEBUG] kaggriculture_self_play_training: Ep 7 step 200: verb=3 crop=0 raw_r=-0.100 shaped_r=-0.275 done=False buffer=29515 learn=True
2026-08-30 06:31:33,971 [DEBUG] kaggriculture_self_play_training: Ep 7 step 300 DQN update: loss=24.31421 batch=32 priorities_updated=32
2026-08-30 06:31:33,996 [DEBUG] kaggriculture_self_play_training: Ep 7 step 300: verb=4 crop=0 raw_r=0.000 shaped_r=0.008 done=False buffer=29615 learn=True
2026-08-30 06:31:43,129 [DEBUG] kaggriculture_self_play_training: Ep 7 step 400 DQN update: loss=18.48519 batch=32 priorities_updated=32
2026-08-30 06:31:43,156 [DEBUG] kaggriculture_self_play_training: Ep 7 step 400: verb=4 crop=0 raw_r=0.000 shaped_r=0.014 done=False buffer=29715 learn=True
2026-08-30 06:31:52,572 [DEBUG] kaggriculture_self_play_training: Ep 7 step 500 DQN update: loss=21.73403 batch=32 priorities_updated=32
2026-08-30 06:31:52,596 [DEBUG] kaggriculture_self_play_training: Ep 7 step 500: verb=4 crop=0 raw_r=0.000 shaped_r=-0.001 done=False buffer=29815 learn=True
2026-08-30 06:32:02,126 [DEBUG] kaggriculture_self_play_training: Ep 7 step 600 DQN update: loss=28.59534 batch=32 priorities_updated=32
2026-08-30 06:32:02,140 [DEBUG] kaggriculture_self_play_training: Ep 7 step 600: verb=3 crop=0 raw_r=0.000 shaped_r=0.178 done=False buffer=29915 learn=True
2026-08-30 06:32:11,191 [DEBUG] kaggriculture_self_play_training: Ep 7 step 700 DQN update: loss=34.17488 batch=32 priorities_updated=32
2026-08-30 06:32:11,214 [DEBUG] kaggriculture_self_play_training: Ep 7 step 700: verb=7 crop=0 raw_r=0.000 shaped_r=0.018 done=False buffer=30015 learn=True
2026-08-30 06:32:12,884 [INFO] kaggriculture_self_play_training: Episode 07/36 | Epsilon: 0.107 | Buffer Size: 30033 | Raw Reward: -29.91 | Shaped Reward: 77.89 | Avg Loss: 23.92449
2026-08-30 06:32:15,465 [DEBUG] kaggriculture_self_play_training: === Episode 8/36 | opponent=/Users/sweeden/kagg/experiments/Hinesight Experience Replay for Double Q-Learning DQN SB3 Kaggriculture reinforcement learning/farm_bc_ladder/checkpoints/checkpoint_ep_0.pt | eps=0.104 | buffer=30033 ===
2026-08-30 06:32:15,482 [DEBUG] kaggriculture_self_play_training: Ep 8 step 0 obs: tiles=(1, 9, 10, 10) numeric=(1, 55) valid_verbs=3 valid_crops=0 valid_market=4
2026-08-30 06:32:15,534 [DEBUG] kaggriculture_self_play_training: Ep 8 step 0: verb=7 crop=0 raw_r=-1.000 shaped_r=-1.725 done=False buffer=30034 learn=True
2026-08-30 06:32:15,656 [DEBUG] kaggriculture_self_play_training: Ep 8 step 1 DQN update: loss=36.18289 batch=32 priorities_updated=32
2026-08-30 06:32:15,656 [INFO] kaggriculture_self_play_training: PER: TD-error priority reweighting applied (n=32 td_mean=81.90007 td_max=715.17908)
2026-08-30 06:32:15,686 [DEBUG] kaggriculture_self_play_training: Ep 8 step 1: verb=7 crop=0 raw_r=0.000 shaped_r=-0.724 done=False buffer=30035 learn=True
2026-08-30 06:32:15,760 [DEBUG] kaggriculture_self_play_training: Ep 8 step 2 DQN update: loss=32.25710 batch=32 priorities_updated=32
2026-08-30 06:32:15,785 [DEBUG] kaggriculture_self_play_training: Ep 8 step 2: verb=7 crop=0 raw_r=0.000 shaped_r=-0.523 done=False buffer=30036 learn=True
2026-08-30 06:32:15,858 [DEBUG] kaggriculture_self_play_training: Ep 8 step 3 DQN update: loss=32.46988 batch=32 priorities_updated=32
2026-08-30 06:32:24,790 [DEBUG] kaggriculture_self_play_training: Ep 8 step 100 DQN update: loss=28.16493 batch=32 priorities_updated=32
2026-08-30 06:32:24,814 [DEBUG] kaggriculture_self_play_training: Ep 8 step 100: verb=1 crop=0 raw_r=0.000 shaped_r=-0.306 done=False buffer=30134 learn=True
2026-08-30 06:32:34,007 [DEBUG] kaggriculture_self_play_training: Ep 8 step 200 DQN update: loss=20.78722 batch=32 priorities_updated=32
2026-08-30 06:32:34,032 [DEBUG] kaggriculture_self_play_training: Ep 8 step 200: verb=4 crop=0 raw_r=0.000 shaped_r=0.010 done=False buffer=30234 learn=True
2026-08-30 06:32:43,162 [DEBUG] kaggriculture_self_play_training: Ep 8 step 300 DQN update: loss=21.96676 batch=32 priorities_updated=32
2026-08-30 06:32:43,187 [DEBUG] kaggriculture_self_play_training: Ep 8 step 300: verb=4 crop=0 raw_r=0.000 shaped_r=0.008 done=False buffer=30334 learn=True
2026-08-30 06:32:52,440 [DEBUG] kaggriculture_self_play_training: Ep 8 step 400 DQN update: loss=15.57921 batch=32 priorities_updated=32
2026-08-30 06:32:52,464 [DEBUG] kaggriculture_self_play_training: Ep 8 step 400: verb=4 crop=0 raw_r=0.000 shaped_r=0.084 done=False buffer=30434 learn=True
2026-08-30 06:33:01,554 [DEBUG] kaggriculture_self_play_training: Ep 8 step 500 DQN update: loss=27.51992 batch=32 priorities_updated=32
2026-08-30 06:33:01,579 [DEBUG] kaggriculture_self_play_training: Ep 8 step 500: verb=4 crop=0 raw_r=0.000 shaped_r=0.004 done=False buffer=30534 learn=True
2026-08-30 06:33:10,724 [DEBUG] kaggriculture_self_play_training: Ep 8 step 600 DQN update: loss=13.45288 batch=32 priorities_updated=32
2026-08-30 06:33:10,749 [DEBUG] kaggriculture_self_play_training: Ep 8 step 600: verb=7 crop=0 raw_r=0.000 shaped_r=0.186 done=False buffer=30634 learn=True
2026-08-30 06:33:19,924 [DEBUG] kaggriculture_self_play_training: Ep 8 step 700 DQN update: loss=27.65781 batch=32 priorities_updated=32
2026-08-30 06:33:19,949 [DEBUG] kaggriculture_self_play_training: Ep 8 step 700: verb=1 crop=0 raw_r=0.000 shaped_r=0.281 done=False buffer=30734 learn=True
2026-08-30 06:33:21,614 [INFO] kaggriculture_self_play_training: Episode 08/36 | Epsilon: 0.104 | Buffer Size: 30752 | Raw Reward: -29.95 | Shaped Reward: 182.32 | Avg Loss: 24.49304
2026-08-30 06:33:24,240 [DEBUG] kaggriculture_self_play_training: === Episode 9/36 | opponent=/Users/sweeden/kagg/experiments/Hinesight Experience Replay for Double Q-Learning DQN SB3 Kaggriculture reinforcement learning/farm_bc_ladder/checkpoints/checkpoint_ep_6.pt | eps=0.101 | buffer=30752 ===
2026-08-30 06:33:24,256 [DEBUG] kaggriculture_self_play_training: Ep 9 step 0 obs: tiles=(1, 9, 10, 10) numeric=(1, 55) valid_verbs=3 valid_crops=0 valid_market=4
2026-08-30 06:33:24,304 [DEBUG] kaggriculture_self_play_training: Ep 9 step 0: verb=7 crop=0 raw_r=-1.000 shaped_r=-1.725 done=False buffer=30753 learn=True
2026-08-30 06:33:24,391 [DEBUG] kaggriculture_self_play_training: Ep 9 step 1 DQN update: loss=19.76642 batch=32 priorities_updated=32
2026-08-30 06:33:24,392 [INFO] kaggriculture_self_play_training: PER: TD-error priority reweighting applied (n=32 td_mean=49.26484 td_max=289.10571)
2026-08-30 06:33:24,414 [DEBUG] kaggriculture_self_play_training: Ep 9 step 1: verb=7 crop=0 raw_r=-1.000 shaped_r=-1.724 done=False buffer=30754 learn=True
2026-08-30 06:33:24,477 [DEBUG] kaggriculture_self_play_training: Ep 9 step 2 DQN update: loss=28.44898 batch=32 priorities_updated=32
2026-08-30 06:33:24,499 [DEBUG] kaggriculture_self_play_training: Ep 9 step 2: verb=7 crop=0 raw_r=-1.000 shaped_r=-1.723 done=False buffer=30755 learn=True
2026-08-30 06:33:24,562 [DEBUG] kaggriculture_self_play_training: Ep 9 step 3 DQN update: loss=36.93626 batch=32 priorities_updated=32
2026-08-30 06:33:33,422 [DEBUG] kaggriculture_self_play_training: Ep 9 step 100 DQN update: loss=14.84420 batch=32 priorities_updated=32
2026-08-30 06:33:33,444 [DEBUG] kaggriculture_self_play_training: Ep 9 step 100: verb=1 crop=0 raw_r=0.000 shaped_r=-0.289 done=False buffer=30853 learn=True
2026-08-30 06:33:42,423 [DEBUG] kaggriculture_self_play_training: Ep 9 step 200 DQN update: loss=21.01965 batch=32 priorities_updated=32
2026-08-30 06:33:42,445 [DEBUG] kaggriculture_self_play_training: Ep 9 step 200: verb=3 crop=0 raw_r=0.000 shaped_r=-0.241 done=False buffer=30953 learn=True
2026-08-30 06:33:51,446 [DEBUG] kaggriculture_self_play_training: Ep 9 step 300 DQN update: loss=21.81680 batch=32 priorities_updated=32
2026-08-30 06:33:51,473 [DEBUG] kaggriculture_self_play_training: Ep 9 step 300: verb=4 crop=0 raw_r=0.000 shaped_r=0.076 done=False buffer=31053 learn=True
2026-08-30 06:34:00,820 [DEBUG] kaggriculture_self_play_training: Ep 9 step 400 DQN update: loss=44.93067 batch=32 priorities_updated=32
2026-08-30 06:34:00,843 [DEBUG] kaggriculture_self_play_training: Ep 9 step 400: verb=4 crop=0 raw_r=0.000 shaped_r=0.010 done=False buffer=31153 learn=True
2026-08-30 06:34:09,595 [DEBUG] kaggriculture_self_play_training: Ep 9 step 500 DQN update: loss=16.66401 batch=32 priorities_updated=32
2026-08-30 06:34:09,621 [DEBUG] kaggriculture_self_play_training: Ep 9 step 500: verb=4 crop=0 raw_r=0.000 shaped_r=0.010 done=False buffer=31253 learn=True
2026-08-30 06:34:19,081 [DEBUG] kaggriculture_self_play_training: Ep 9 step 600 DQN update: loss=28.35012 batch=32 priorities_updated=32
2026-08-30 06:34:19,107 [DEBUG] kaggriculture_self_play_training: Ep 9 step 600: verb=1 crop=0 raw_r=0.000 shaped_r=0.185 done=False buffer=31353 learn=True
2026-08-30 06:34:28,475 [DEBUG] kaggriculture_self_play_training: Ep 9 step 700 DQN update: loss=15.78700 batch=32 priorities_updated=32
2026-08-30 06:34:28,501 [DEBUG] kaggriculture_self_play_training: Ep 9 step 700: verb=4 crop=0 raw_r=0.000 shaped_r=-0.307 done=False buffer=31453 learn=True
2026-08-30 06:34:30,234 [INFO] kaggriculture_self_play_training: Episode 09/36 | Epsilon: 0.101 | Buffer Size: 31471 | Raw Reward: -30.00 | Shaped Reward: -96.06 | Avg Loss: 24.84329
2026-08-30 06:34:33,035 [DEBUG] kaggriculture_self_play_training: === Episode 10/36 | opponent=online-self | eps=0.099 | buffer=31471 ===
2026-08-30 06:34:33,053 [DEBUG] kaggriculture_self_play_training: Ep 10 step 0 obs: tiles=(1, 9, 10, 10) numeric=(1, 55) valid_verbs=3 valid_crops=0 valid_market=4
2026-08-30 06:34:33,104 [DEBUG] kaggriculture_self_play_training: Ep 10 step 0: verb=7 crop=0 raw_r=-1.000 shaped_r=-1.725 done=False buffer=31472 learn=True
2026-08-30 06:34:33,228 [DEBUG] kaggriculture_self_play_training: Ep 10 step 1 DQN update: loss=14.86535 batch=32 priorities_updated=32
2026-08-30 06:34:33,229 [INFO] kaggriculture_self_play_training: PER: TD-error priority reweighting applied (n=32 td_mean=55.30999 td_max=720.23560)
2026-08-30 06:34:33,255 [DEBUG] kaggriculture_self_play_training: Ep 10 step 1: verb=7 crop=0 raw_r=-0.500 shaped_r=-1.224 done=False buffer=31473 learn=True
2026-08-30 06:34:33,328 [DEBUG] kaggriculture_self_play_training: Ep 10 step 2 DQN update: loss=25.16325 batch=32 priorities_updated=32
2026-08-30 06:34:33,350 [DEBUG] kaggriculture_self_play_training: Ep 10 step 2: verb=7 crop=0 raw_r=-0.300 shaped_r=-1.043 done=False buffer=31474 learn=True
2026-08-30 06:34:33,415 [DEBUG] kaggriculture_self_play_training: Ep 10 step 3 DQN update: loss=17.38054 batch=32 priorities_updated=32
2026-08-30 06:34:42,428 [DEBUG] kaggriculture_self_play_training: Ep 10 step 100 DQN update: loss=29.42342 batch=32 priorities_updated=32
2026-08-30 06:34:42,453 [DEBUG] kaggriculture_self_play_training: Ep 10 step 100: verb=3 crop=0 raw_r=0.000 shaped_r=0.208 done=False buffer=31572 learn=True
2026-08-30 06:34:51,966 [DEBUG] kaggriculture_self_play_training: Ep 10 step 200 DQN update: loss=21.65610 batch=32 priorities_updated=32
2026-08-30 06:34:51,990 [DEBUG] kaggriculture_self_play_training: Ep 10 step 200: verb=4 crop=0 raw_r=0.000 shaped_r=0.034 done=False buffer=31672 learn=True
2026-08-30 06:35:01,202 [DEBUG] kaggriculture_self_play_training: Ep 10 step 300 DQN update: loss=24.99511 batch=32 priorities_updated=32
2026-08-30 06:35:01,226 [DEBUG] kaggriculture_self_play_training: Ep 10 step 300: verb=4 crop=0 raw_r=0.000 shaped_r=0.243 done=False buffer=31772 learn=True
2026-08-30 06:35:10,458 [DEBUG] kaggriculture_self_play_training: Ep 10 step 400 DQN update: loss=47.82364 batch=32 priorities_updated=32
2026-08-30 06:35:10,482 [DEBUG] kaggriculture_self_play_training: Ep 10 step 400: verb=4 crop=0 raw_r=0.000 shaped_r=0.022 done=False buffer=31872 learn=True
2026-08-30 06:35:20,047 [DEBUG] kaggriculture_self_play_training: Ep 10 step 500 DQN update: loss=16.39220 batch=32 priorities_updated=32
2026-08-30 06:35:20,075 [DEBUG] kaggriculture_self_play_training: Ep 10 step 500: verb=4 crop=0 raw_r=0.000 shaped_r=-0.013 done=False buffer=31972 learn=True
2026-08-30 06:35:29,381 [DEBUG] kaggriculture_self_play_training: Ep 10 step 600 DQN update: loss=34.73022 batch=32 priorities_updated=32
2026-08-30 06:35:29,406 [DEBUG] kaggriculture_self_play_training: Ep 10 step 600: verb=4 crop=0 raw_r=0.000 shaped_r=0.006 done=False buffer=32072 learn=True
2026-08-30 06:35:38,614 [DEBUG] kaggriculture_self_play_training: Ep 10 step 700 DQN update: loss=21.14675 batch=32 priorities_updated=32
2026-08-30 06:35:38,641 [DEBUG] kaggriculture_self_play_training: Ep 10 step 700: verb=4 crop=0 raw_r=0.000 shaped_r=-0.169 done=False buffer=32172 learn=True
2026-08-30 06:35:40,339 [INFO] kaggriculture_self_play_training: Episode 10/36 | Epsilon: 0.099 | Buffer Size: 32190 | Raw Reward: -29.22 | Shaped Reward: -170.35 | Avg Loss: 25.70273
2026-08-30 06:35:43,118 [DEBUG] kaggriculture_self_play_training: === Episode 11/36 | opponent=/Users/sweeden/kagg/experiments/Hinesight Experience Replay for Double Q-Learning DQN SB3 Kaggriculture reinforcement learning/farm_bc_ladder/checkpoints/checkpoint_ep_0.pt | eps=0.096 | buffer=32190 ===
2026-08-30 06:35:43,134 [DEBUG] kaggriculture_self_play_training: Ep 11 step 0 obs: tiles=(1, 9, 10, 10) numeric=(1, 55) valid_verbs=3 valid_crops=0 valid_market=4
2026-08-30 06:35:43,186 [DEBUG] kaggriculture_self_play_training: Ep 11 step 0: verb=7 crop=0 raw_r=-1.000 shaped_r=-1.725 done=False buffer=32191 learn=True
2026-08-30 06:35:43,290 [DEBUG] kaggriculture_self_play_training: Ep 11 step 1 DQN update: loss=21.06136 batch=32 priorities_updated=32
2026-08-30 06:35:43,290 [INFO] kaggriculture_self_play_training: PER: TD-error priority reweighting applied (n=32 td_mean=59.01392 td_max=601.11694)
2026-08-30 06:35:43,316 [DEBUG] kaggriculture_self_play_training: Ep 11 step 1: verb=7 crop=0 raw_r=0.000 shaped_r=-0.724 done=False buffer=32192 learn=True
2026-08-30 06:35:43,391 [DEBUG] kaggriculture_self_play_training: Ep 11 step 2 DQN update: loss=22.68629 batch=32 priorities_updated=32
2026-08-30 06:35:43,418 [DEBUG] kaggriculture_self_play_training: Ep 11 step 2: verb=7 crop=0 raw_r=0.000 shaped_r=-0.523 done=False buffer=32193 learn=True
2026-08-30 06:35:43,489 [DEBUG] kaggriculture_self_play_training: Ep 11 step 3 DQN update: loss=11.88041 batch=32 priorities_updated=32
2026-08-30 06:35:52,457 [DEBUG] kaggriculture_self_play_training: Ep 11 step 100 DQN update: loss=37.50726 batch=32 priorities_updated=32
2026-08-30 06:35:52,484 [DEBUG] kaggriculture_self_play_training: Ep 11 step 100: verb=3 crop=0 raw_r=0.000 shaped_r=-0.462 done=False buffer=32291 learn=True
2026-08-30 06:36:01,938 [DEBUG] kaggriculture_self_play_training: Ep 11 step 200 DQN update: loss=36.71770 batch=32 priorities_updated=32
2026-08-30 06:36:01,963 [DEBUG] kaggriculture_self_play_training: Ep 11 step 200: verb=3 crop=0 raw_r=0.000 shaped_r=-0.485 done=False buffer=32391 learn=True
2026-08-30 06:36:11,768 [DEBUG] kaggriculture_self_play_training: Ep 11 step 300 DQN update: loss=15.53959 batch=32 priorities_updated=32
2026-08-30 06:36:11,793 [DEBUG] kaggriculture_self_play_training: Ep 11 step 300: verb=3 crop=0 raw_r=0.000 shaped_r=-0.363 done=False buffer=32491 learn=True
2026-08-30 06:36:21,581 [DEBUG] kaggriculture_self_play_training: Ep 11 step 400 DQN update: loss=30.47191 batch=32 priorities_updated=32
2026-08-30 06:36:21,605 [DEBUG] kaggriculture_self_play_training: Ep 11 step 400: verb=3 crop=0 raw_r=0.000 shaped_r=-0.287 done=False buffer=32591 learn=True
2026-08-30 06:36:31,045 [DEBUG] kaggriculture_self_play_training: Ep 11 step 500 DQN update: loss=7.54232 batch=32 priorities_updated=32
2026-08-30 06:36:31,068 [DEBUG] kaggriculture_self_play_training: Ep 11 step 500: verb=3 crop=0 raw_r=0.000 shaped_r=-0.201 done=False buffer=32691 learn=True
2026-08-30 06:36:40,476 [DEBUG] kaggriculture_self_play_training: Ep 11 step 600 DQN update: loss=23.09488 batch=32 priorities_updated=32
2026-08-30 06:36:40,499 [DEBUG] kaggriculture_self_play_training: Ep 11 step 600: verb=1 crop=0 raw_r=0.000 shaped_r=-0.073 done=False buffer=32791 learn=True
2026-08-30 06:36:50,191 [DEBUG] kaggriculture_self_play_training: Ep 11 step 700 DQN update: loss=30.68623 batch=32 priorities_updated=32
2026-08-30 06:36:50,215 [DEBUG] kaggriculture_self_play_training: Ep 11 step 700: verb=4 crop=0 raw_r=0.000 shaped_r=0.014 done=False buffer=32891 learn=True
2026-08-30 06:36:51,963 [INFO] kaggriculture_self_play_training: Episode 11/36 | Epsilon: 0.096 | Buffer Size: 32909 | Raw Reward: -29.93 | Shaped Reward: -160.35 | Avg Loss: 26.43706
